"RelativePath","ArtifactClass","Extension","SizeBytes","SHA256","ReleaseEligibility"
"evidence\ARCHITECTURE_FREEZE_DECLARATION.md","VERIFICATION",".md","1633","4CF159668DB5E569C5CFF06656C75D3DFE0101BB96D27BCC99B6AAEC313647A7","ELIGIBLE"
"execution\MS-001_CONSTITUTIONAL_INITIALIZATION\COMPARISON.md","VERIFICATION",".md","3431","890AD5791B982B1CCFE912975E5CBDAC6B4E79F30A9FC8D1527A3A980C3B4988","ELIGIBLE"
"execution\MS-001_CONSTITUTIONAL_INITIALIZATION\CONCLUSIONS.md","VERIFICATION",".md","2842","2EAD500D9E9B9DBE8BD0AD725611FA8F26AC0B35834AAFFB9528F934EEEEB89F","ELIGIBLE"
"execution\MS-001_CONSTITUTIONAL_INITIALIZATION\EVIDENCE.md","VERIFICATION",".md","2838","0F0974C8A24AC3AA6667E797183EF6CB0169233AE418047881BE9ADB5330FDBC","ELIGIBLE"
"execution\MS-001_CONSTITUTIONAL_INITIALIZATION\EXECUTION_TRACE.md","VERIFICATION",".md","3802","AE0235907CDCDE6502CD04FA4ACAA08AA3618869F6D29A323FABB2F5140CA420","ELIGIBLE"
"execution\MS-001_CONSTITUTIONAL_INITIALIZATION\MATHEMATICS.md","VERIFICATION",".md","3764","476D7BAFC8161C8E3F71974908ACB3D3C4A84A0289ECEAA5BEF539655F696274","ELIGIBLE"
"execution\MS-001_CONSTITUTIONAL_INITIALIZATION\OBSERVATIONS.md","VERIFICATION",".md","2133","DBDE7A928FA26088893515F9AC4F53FEE746ABF536AF008097AA84BD4B1AAF3C","ELIGIBLE"
"execution\MS-001_CONSTITUTIONAL_INITIALIZATION\POST_EXECUTION_REVIEW.md","VERIFICATION",".md","3348","C6F78343321FE84785215ECAD3D37F063845B6844BD255EAA72518959BDA873F","ELIGIBLE"
"execution\MS-001_CONSTITUTIONAL_INITIALIZATION\README.md","VERIFICATION",".md","1899","565EF3598C2F4A7A9CCD1E14C724C509F7CDA76F68891CC266B7C4B106C31E78","ELIGIBLE"
"execution\MS-001_CONSTITUTIONAL_INITIALIZATION\RECONSTRUCTION.md","VERIFICATION",".md","3967","E4D5A9DD0654EE9CF047156BE881FCD7061EDDE46290F625839D1D30356A7C15","ELIGIBLE"
"execution\MS-001_CONSTITUTIONAL_INITIALIZATION\REFERENCE_EXECUTION.md","VERIFICATION",".md","2436","21288A1865A64B422C12C73C6BCE073DE834AF835249D9177888EB797D00BD29","ELIGIBLE"
"execution\MS-001_CONSTITUTIONAL_INITIALIZATION\RQ.md","VERIFICATION",".md","3132","83F5C4D9A4E329ACE7FA51959CEA313B9EB4FD3E6759A5DCF40851B55BDCE3B6","ELIGIBLE"
"execution\MS-001_CONSTITUTIONAL_INITIALIZATION\SPECIFICATION.md","VERIFICATION",".md","4687","37034D7AA25A3384D12F2841E0133A61842D7C341AF46964154C185BCDFB9A0B","ELIGIBLE"
"execution\MS-001_CONSTITUTIONAL_INITIALIZATION\VERIFICATION.md","VERIFICATION",".md","1637","F003B626BE871619126B87F1ADDE15C50A684A07E7EE12E49DD26FB317335DF7","ELIGIBLE"
"execution\MS-002_ENTRY_ONTOLOGY_INITIALIZATION\COMPARISON.md","VERIFICATION",".md","2430","8CCAA5DFC52CEA5205E28C1121846B5BA48B3631F1FE90E567A393F269CFBC3A","ELIGIBLE"
"execution\MS-002_ENTRY_ONTOLOGY_INITIALIZATION\CONCLUSIONS.md","VERIFICATION",".md","3185","04F8DF440E3E2FA73EF910966DA4192FAAD6DCF8E00F4A4B7DEFC83A44FD2A2D","ELIGIBLE"
"execution\MS-002_ENTRY_ONTOLOGY_INITIALIZATION\EVIDENCE.md","VERIFICATION",".md","2022","C5D0C12F9EC4FCBBD191EE67E41DD070BDF8A7DEFAB58B426F5AB6A8C72FA33F","ELIGIBLE"
"execution\MS-002_ENTRY_ONTOLOGY_INITIALIZATION\EXECUTION_TRACE.md","VERIFICATION",".md","3088","2A2DD60268FEBA681B47B6623AD833F7BA6F73F2B31E9349715E00B2D0FCCB00","ELIGIBLE"
"execution\MS-002_ENTRY_ONTOLOGY_INITIALIZATION\MATHEMATICS.md","VERIFICATION",".md","3229","9354246B225CF6E557EC9656AE6A3D1866FC2E5A9E0373CCC81D73CC01042539","ELIGIBLE"
"execution\MS-002_ENTRY_ONTOLOGY_INITIALIZATION\OBSERVATIONS.md","VERIFICATION",".md","2078","CB0510945474952B5FC4DDF5E5002DF410E0E8F27B00A49ABD628D99A8D16798","ELIGIBLE"
"execution\MS-002_ENTRY_ONTOLOGY_INITIALIZATION\POST_EXECUTION_REVIEW.md","VERIFICATION",".md","3681","B5438EB729B585DAD58E5A40C6DA98AD08877F363CFBB917976863565D1C3B1D","ELIGIBLE"
"execution\MS-002_ENTRY_ONTOLOGY_INITIALIZATION\README.md","VERIFICATION",".md","2161","20A85202CCEE6B29475188F139ECA95383317A0319AF3E1BA123444468BAFA67","ELIGIBLE"
"execution\MS-002_ENTRY_ONTOLOGY_INITIALIZATION\RECONSTRUCTION.md","VERIFICATION",".md","2609","2AF367D169BC735C1FEFB4DC4A1A7ADC28400BD21B7EEC4ADFCAD7D0E3037C10","ELIGIBLE"
"execution\MS-002_ENTRY_ONTOLOGY_INITIALIZATION\REFERENCE_EXECUTION.md","VERIFICATION",".md","2360","9DFA173531FABB6655A412661DD5EA72F71BB79457CDC2516BC59D9184B2A0BC","ELIGIBLE"
"execution\MS-002_ENTRY_ONTOLOGY_INITIALIZATION\RQ.md","VERIFICATION",".md","2702","55DD4C9D0D320EB45E85B1F68D38CAB965086B436F708B09A077C905DFF34F39","ELIGIBLE"
"execution\MS-002_ENTRY_ONTOLOGY_INITIALIZATION\SPECIFICATION.md","VERIFICATION",".md","5514","318BC9C3B6A0508FC1162C566C5C4A9A3939DF82D0508AEB18FD28E9D9CC4794","ELIGIBLE"
"execution\MS-002_ENTRY_ONTOLOGY_INITIALIZATION\VERIFICATION.md","VERIFICATION",".md","2345","134887887DBC78234F2BDFA85AAD64C7EAD12683B72B3DD686FC8570EB28CA40","ELIGIBLE"
"execution\MS-003_CONSTITUTIONAL_NAVIGATION_INITIALIZATION\CHANGELOG.md","VERIFICATION",".md","1422","74D1EDC2172F26CB8FD6A93374C891FAD8ED0F3BE019210A8BF266777A7526C1","ELIGIBLE"
"execution\MS-003_CONSTITUTIONAL_NAVIGATION_INITIALIZATION\COMPARISON.md","VERIFICATION",".md","2202","5930D1164ABE76BF432F7E158D6AB3FEAD905AC5D8D0005949A7F3D3E72E2AE4","ELIGIBLE"
"execution\MS-003_CONSTITUTIONAL_NAVIGATION_INITIALIZATION\CONCLUSIONS.md","VERIFICATION",".md","2219","ED5641F46B05BA3CA151147D8234E5B57D2CD9F43785823CBC167A0D5F52F665","ELIGIBLE"
"execution\MS-003_CONSTITUTIONAL_NAVIGATION_INITIALIZATION\EVIDENCE.md","VERIFICATION",".md","2075","5B672847EF218F975EB1E0C5A458F7FCFFA131CBC06201E301A5F08E997466B1","ELIGIBLE"
"execution\MS-003_CONSTITUTIONAL_NAVIGATION_INITIALIZATION\EXECUTION_TRACE.md","VERIFICATION",".md","1641","8BF776A80245C282924DFE0EF42ECE5072A5DAB3BA14EDE6C571CBD207870E44","ELIGIBLE"
"execution\MS-003_CONSTITUTIONAL_NAVIGATION_INITIALIZATION\MATHEMATICS.md","VERIFICATION",".md","1974","AE65FF67BAD91E16B01031FCFF0AA0BB8681D99850C45B1F199F829B638033FA","ELIGIBLE"
"execution\MS-003_CONSTITUTIONAL_NAVIGATION_INITIALIZATION\OBSERVATIONS.md","VERIFICATION",".md","1953","68A1DCBDC75E1E419691D50B737F8D6060690056CF6B82882A07A59ADADA2CFA","ELIGIBLE"
"execution\MS-003_CONSTITUTIONAL_NAVIGATION_INITIALIZATION\POST_EXECUTION_REVIEW.md","VERIFICATION",".md","1959","D7912D5961BBE9CFE35F9B63BDDEB3295EC1E944832556C713B02EF4126DA7E2","ELIGIBLE"
"execution\MS-003_CONSTITUTIONAL_NAVIGATION_INITIALIZATION\README.md","VERIFICATION",".md","1412","360A210EDB99481F6933BF24A7FD0AEAA7E58C2D902C0E54C55FFF60D9098573","ELIGIBLE"
"execution\MS-003_CONSTITUTIONAL_NAVIGATION_INITIALIZATION\RECONSTRUCTION.md","VERIFICATION",".md","2244","AD80CF7CD087BFEDBCE8035C69EE98A632258D09CD35F30416B6D58D75148D3C","ELIGIBLE"
"execution\MS-003_CONSTITUTIONAL_NAVIGATION_INITIALIZATION\REFERENCE_EXECUTION.md","VERIFICATION",".md","2123","48E0FBD283702ED0E85EAC7EC7C51BF772F3EEC1D5BFE1CA82EC06F57B1206F2","ELIGIBLE"
"execution\MS-003_CONSTITUTIONAL_NAVIGATION_INITIALIZATION\RQ.md","VERIFICATION",".md","1720","E7C4F0F39150173EA548F318FD6AF79491B6AAEC239CF6C0E2203FDD98BC26D6","ELIGIBLE"
"execution\MS-003_CONSTITUTIONAL_NAVIGATION_INITIALIZATION\VERIFICATION.md","VERIFICATION",".md","2166","E2EE3C12BEAE6B1CE8269F45576248BB26D1D92D0FC466E4E18DA5F38338246C","ELIGIBLE"
"execution\MS-004_ECOSYSTEM_ORIENTATION_INITIALIZATION\CHANGELOG.md","VERIFICATION",".md","1507","FE49AAFC8BE025FABB2C8C58ECC3C35FE71496A61084891B3E91AD89C9EB5C4A","ELIGIBLE"
"execution\MS-004_ECOSYSTEM_ORIENTATION_INITIALIZATION\COMPARISON.md","VERIFICATION",".md","2535","81533C40DE91BB220C3B0138E5C330A2B602F508686907827A89491E81EC878F","ELIGIBLE"
"execution\MS-004_ECOSYSTEM_ORIENTATION_INITIALIZATION\CONCLUSIONS.md","VERIFICATION",".md","2170","F17D2E5DDD628C155E3E16E5F56E8FA2700354B6B44ACCE488A2289AFC28B495","ELIGIBLE"
"execution\MS-004_ECOSYSTEM_ORIENTATION_INITIALIZATION\EVIDENCE.md","VERIFICATION",".md","2260","6A60E0CCD96FB4DB87113B140768CF9CA026E16D20ABA8C33B2DB1C611B01E63","ELIGIBLE"
"execution\MS-004_ECOSYSTEM_ORIENTATION_INITIALIZATION\EXECUTION_TRACE.md","VERIFICATION",".md","1747","8EC7FB5668D91334EE2430B476E3BCD53CCDF2E64080128B6130684CAFA5AB9C","ELIGIBLE"
"execution\MS-004_ECOSYSTEM_ORIENTATION_INITIALIZATION\MATHEMATICS.md","VERIFICATION",".md","2062","8DC0EC275FFBE8834C383D4101E1F2CF0E88B8E1FFCA1A6861F753EDA9402E5D","ELIGIBLE"
"execution\MS-004_ECOSYSTEM_ORIENTATION_INITIALIZATION\OBSERVATIONS.md","VERIFICATION",".md","1958","F8900E5E5ED7A2C105CFD436B5494897AF8EE637BD4364728AC962E1A98C383F","ELIGIBLE"
"execution\MS-004_ECOSYSTEM_ORIENTATION_INITIALIZATION\POST_EXECUTION_REVIEW.md","VERIFICATION",".md","2222","FDF292ED3A71B1667D8B0B24DC17EA515AFE73F08E152829AA0CC7D58BE7ACEA","ELIGIBLE"
"execution\MS-004_ECOSYSTEM_ORIENTATION_INITIALIZATION\README.md","VERIFICATION",".md","1677","B6F360D67C88E7EF464AB7A54B67FA4B4762701864E5EE6C8573C6F299291023","ELIGIBLE"
"execution\MS-004_ECOSYSTEM_ORIENTATION_INITIALIZATION\RECONSTRUCTION.md","VERIFICATION",".md","2465","268DC713D304244603868BA0EBA4BA4CFC86F6E0E287C3E9D3A49C6A429D4EE3","ELIGIBLE"
"execution\MS-004_ECOSYSTEM_ORIENTATION_INITIALIZATION\REFERENCE_EXECUTION.md","VERIFICATION",".md","2327","2613725B2EF6360FFC9AE6179E35B0C5A4737AD0F82CCC79ACCE2E11EA8B7C76","ELIGIBLE"
"execution\MS-004_ECOSYSTEM_ORIENTATION_INITIALIZATION\RQ.md","VERIFICATION",".md","1670","24273334BC84E7BB601718254EE6E005581D9D074008CF6F1B5845D802F21027","ELIGIBLE"
"execution\MS-004_ECOSYSTEM_ORIENTATION_INITIALIZATION\VERIFICATION.md","VERIFICATION",".md","2301","62C5BB71AA7A368A869CB0A7239E93AAFC9A6D40DCDEB140C3072CC840C7B6CC","ELIGIBLE"
"execution\MS-005_FRAMEWORK_DISCOVERY_INITIALIZATION\CHANGELOG.md","VERIFICATION",".md","1501","E5CC1D71CCCC7736AF24F9BD4BBBAB6ED8BC4BB5530AEE5F9360D00676CB8B4C","ELIGIBLE"
"execution\MS-005_FRAMEWORK_DISCOVERY_INITIALIZATION\COMPARISON.md","VERIFICATION",".md","2591","CD3AA5122C37D128211DEF33309D42AE5B1542B727622391552722E00E22A68E","ELIGIBLE"
"execution\MS-005_FRAMEWORK_DISCOVERY_INITIALIZATION\CONCLUSIONS.md","VERIFICATION",".md","2241","3CBC15865FB6149D27A6A0FA93AB8D49DF24594AA91C2C49C77EFDEA194483B2","ELIGIBLE"
"execution\MS-005_FRAMEWORK_DISCOVERY_INITIALIZATION\EVIDENCE.md","VERIFICATION",".md","2331","50F675AF792D297B9F344E620A0307177CA8E3CE506C949B6A6E55FFA60DC906","ELIGIBLE"
"execution\MS-005_FRAMEWORK_DISCOVERY_INITIALIZATION\EXECUTION_TRACE.md","VERIFICATION",".md","1805","B1B834C9D2B9A838CA17A24595902875C6A78A16DB04E7F1632CE396C2CBB009","ELIGIBLE"
"execution\MS-005_FRAMEWORK_DISCOVERY_INITIALIZATION\MATHEMATICS.md","VERIFICATION",".md","2059","C80F893EE39C696F1150FF69DB294CAA8DCB99AB729B6B5067553BFC05EC6591","ELIGIBLE"
"execution\MS-005_FRAMEWORK_DISCOVERY_INITIALIZATION\OBSERVATIONS.md","VERIFICATION",".md","1869","AF59DB99175B4F7511CF4EEBE664EDF30C84A8A2FC68AAF31D763E2F62D41D12","ELIGIBLE"
"execution\MS-005_FRAMEWORK_DISCOVERY_INITIALIZATION\POST_EXECUTION_REVIEW.md","VERIFICATION",".md","2224","C4BA0569B45D690A41FE0C75C82EB07BF052E1B70B493CC7862D59A8DA2C60CE","ELIGIBLE"
"execution\MS-005_FRAMEWORK_DISCOVERY_INITIALIZATION\README.md","VERIFICATION",".md","1740","BDE8625FA4FC255C39D729DE34798517AD4774C85D8293D2AC7DF8CFD936B77B","ELIGIBLE"
"execution\MS-005_FRAMEWORK_DISCOVERY_INITIALIZATION\RECONSTRUCTION.md","VERIFICATION",".md","2576","F4D1AB9971F9391BDBE6EA5D004F9C31FFB4DC57E670F3303054E7219AB16861","ELIGIBLE"
"execution\MS-005_FRAMEWORK_DISCOVERY_INITIALIZATION\REFERENCE_EXECUTION.md","VERIFICATION",".md","2430","0E989AEAA089FCE0B66421FD051CE70726979C8BD6B7CD53CF9559AEADCC5A17","ELIGIBLE"
"execution\MS-005_FRAMEWORK_DISCOVERY_INITIALIZATION\RQ.md","VERIFICATION",".md","1775","47AE193701A00E69CFF4B2C4F1EC61E47B8C7A04CFE18D15DD9093EC6D2D1E12","ELIGIBLE"
"execution\MS-005_FRAMEWORK_DISCOVERY_INITIALIZATION\VERIFICATION.md","VERIFICATION",".md","2419","232FF043AA41FC11BFABB27B7B89272B8681F84B60C15F55257E5C1E5888787E","ELIGIBLE"
"execution\MS-006_CONSTITUTIONAL_LEARNING_INITIALIZATION\CHANGELOG.md","VERIFICATION",".md","1936","95817E58817011E30B7870760AC4F42915E709C16DDE3E21EEF8BEE785F51803","ELIGIBLE"
"execution\MS-006_CONSTITUTIONAL_LEARNING_INITIALIZATION\COMPARISON.md","VERIFICATION",".md","4215","F1073FC4A9F5439F9C6AD514952ED1A7ECB84187DA463C06748F6F8A05703A1E","ELIGIBLE"
"execution\MS-006_CONSTITUTIONAL_LEARNING_INITIALIZATION\CONCLUSIONS.md","VERIFICATION",".md","2504","0095E28655762127D35C9BFE119799C8A108537E5209688EB6CC5A9DCA4F8D97","ELIGIBLE"
"execution\MS-006_CONSTITUTIONAL_LEARNING_INITIALIZATION\EVIDENCE.md","VERIFICATION",".md","1808","E7F4FA158D5591E2EEC1954F0D67884A88B073DD4714B37BF8D325FFB95395AC","ELIGIBLE"
"execution\MS-006_CONSTITUTIONAL_LEARNING_INITIALIZATION\EXECUTION_TRACE.md","VERIFICATION",".md","1921","DB4487EEAA831C294957149E26CF1579CE3B89F292BA755C64FFF394FE16E113","ELIGIBLE"
"execution\MS-006_CONSTITUTIONAL_LEARNING_INITIALIZATION\MATHEMATICS.md","VERIFICATION",".md","1467","5D6D76051873AC7799B3F88258B9289673FC4B16450D7802BC7408533874B9B1","ELIGIBLE"
"execution\MS-006_CONSTITUTIONAL_LEARNING_INITIALIZATION\OBSERVATIONS.md","VERIFICATION",".md","1953","CBEB781A75DDBF389EF929AF05606400E060CACB326BE16A04F535A092562CC8","ELIGIBLE"
"execution\MS-006_CONSTITUTIONAL_LEARNING_INITIALIZATION\POST_EXECUTION_REVIEW.md","VERIFICATION",".md","2074","A632FD5111DB084E2B4BAD0AF01FB14977AD2290EB5239EBD62E83EC749EA83D","ELIGIBLE"
"execution\MS-006_CONSTITUTIONAL_LEARNING_INITIALIZATION\README.md","VERIFICATION",".md","1827","B54A4A8A8FB72E3C1AB218AED5376CA21EE0A3987139CB4992EAA301E9889CE0","ELIGIBLE"
"execution\MS-006_CONSTITUTIONAL_LEARNING_INITIALIZATION\RECONSTRUCTION.md","VERIFICATION",".md","2436","5C4E21B892C674AEC2A32FD9AF90F823E16BFB96EC57A8FA4A20CD63F487BB52","ELIGIBLE"
"execution\MS-006_CONSTITUTIONAL_LEARNING_INITIALIZATION\REFERENCE_EXECUTION.md","VERIFICATION",".md","2252","F48C65BEB5555976FECB995C1F62E1E6E77D9F4E4596DA25B059885368A36794","ELIGIBLE"
"execution\MS-006_CONSTITUTIONAL_LEARNING_INITIALIZATION\RQ.md","VERIFICATION",".md","1766","E99A96E24AF3251EA52B2CAE6BC19034E57BC6E27116347050FC6F17712CA2A6","ELIGIBLE"
"execution\MS-006_CONSTITUTIONAL_LEARNING_INITIALIZATION\VERIFICATION.md","VERIFICATION",".md","3736","7D8B681A9E846191C9D00DA96D54E6758055AB356AB54FD5751A9ABE9D4683E7","ELIGIBLE"
"execution\MS-007_CONSTITUTIONAL_COMPREHENSION_INITIALIZATION\CHANGELOG.md","VERIFICATION",".md","1972","F501EE7596EFABC27A584DC85102174D52ED533AC38AA5C79BC6F855C66CCD6D","ELIGIBLE"
"execution\MS-007_CONSTITUTIONAL_COMPREHENSION_INITIALIZATION\COMPARISON.md","VERIFICATION",".md","4107","C4C2FD48B912D79AF99CE4E60BF056B4E0CDDB961CFA0BEF62615550609F88BE","ELIGIBLE"
"execution\MS-007_CONSTITUTIONAL_COMPREHENSION_INITIALIZATION\CONCLUSIONS.md","VERIFICATION",".md","2562","5451BDB4A1ED71AB8868716A1792BD9ED5F747F26A3DBD0B9958C5051FE06FFD","ELIGIBLE"
"execution\MS-007_CONSTITUTIONAL_COMPREHENSION_INITIALIZATION\EVIDENCE.md","VERIFICATION",".md","2324","D3506B8A2A3D45AEB5C40BA9E492C1A07349037BEB52647EA96C69587FFD2383","ELIGIBLE"
"execution\MS-007_CONSTITUTIONAL_COMPREHENSION_INITIALIZATION\EXECUTION_TRACE.md","VERIFICATION",".md","2023","BED55AAFDB19A050C2F6DBD58B0B7A8128265009F614F9EF406E18F603F483B7","ELIGIBLE"
"execution\MS-007_CONSTITUTIONAL_COMPREHENSION_INITIALIZATION\MATHEMATICS.md","VERIFICATION",".md","2184","49B5CA56F3A45318AE8A63987F5AAC08A38AB23697AFD285441BC3122AE504C2","ELIGIBLE"
"execution\MS-007_CONSTITUTIONAL_COMPREHENSION_INITIALIZATION\OBSERVATIONS.md","VERIFICATION",".md","2198","9B0F5E1E9C76B595AB63C90B5F7C3BC2252DF38ECDB55F12FDBD12421230C539","ELIGIBLE"
"execution\MS-007_CONSTITUTIONAL_COMPREHENSION_INITIALIZATION\POST_EXECUTION_REVIEW.md","VERIFICATION",".md","2406","2AECF0D4AAD4131BDEC0F7A9F51A1F8C23D6F4C37DACE6AED1A5D86F9A073DEB","ELIGIBLE"
"execution\MS-007_CONSTITUTIONAL_COMPREHENSION_INITIALIZATION\README.md","VERIFICATION",".md","2016","D61B92422E4BDEBF125E9AA93075DB3B9A88F612058C49EB91DAE5843EB7123C","ELIGIBLE"
"execution\MS-007_CONSTITUTIONAL_COMPREHENSION_INITIALIZATION\RECONSTRUCTION.md","VERIFICATION",".md","2448","7AC7C65704D1D3E11BE895FE310AE6A11020E35239891D9370B22E894EE76065","ELIGIBLE"
"execution\MS-007_CONSTITUTIONAL_COMPREHENSION_INITIALIZATION\REFERENCE_EXECUTION.md","VERIFICATION",".md","2387","E761E0FC463B21021044AA7E998ACC63BCC42B031219CBB43A8CF2BCCEE4750E","ELIGIBLE"
"execution\MS-007_CONSTITUTIONAL_COMPREHENSION_INITIALIZATION\RQ.md","VERIFICATION",".md","1887","43F500CE5A7A6ADE6396F1C00DAF235810E243F51A23E6EC5CDDD86055A463E4","ELIGIBLE"
"execution\MS-007_CONSTITUTIONAL_COMPREHENSION_INITIALIZATION\VERIFICATION.md","VERIFICATION",".md","3490","9C6B80185C80BDB40D877142AB6DFA335D9179866B5DCE0E08BA498B06AD56E2","ELIGIBLE"
"execution\MS-008_CONSTITUTIONAL_APPLICATION_INITIALIZATION\CHANGELOG.md","VERIFICATION",".md","1954","7A7794067C9A502A6DB73502BDCA2A6BAD2C91102B045EBA81DF717079EA31DB","ELIGIBLE"
"execution\MS-008_CONSTITUTIONAL_APPLICATION_INITIALIZATION\COMPARISON.md","VERIFICATION",".md","3679","33D2EE3019479735631BC9EA45DA4E31E49705BEEBEBCCEE2DA8BD642F08699B","ELIGIBLE"
"execution\MS-008_CONSTITUTIONAL_APPLICATION_INITIALIZATION\CONCLUSIONS.md","VERIFICATION",".md","2716","3DACEB1652B19F27C647A8D39612BA05C9AEBF0604495F2CB6F9767F57190F19","ELIGIBLE"
"execution\MS-008_CONSTITUTIONAL_APPLICATION_INITIALIZATION\EVIDENCE.md","VERIFICATION",".md","2327","C2A74FD14B6FD706DEC9BF05B00314E37F210C1ECDE403074FDD105B00B6D6AB","ELIGIBLE"
"execution\MS-008_CONSTITUTIONAL_APPLICATION_INITIALIZATION\EXECUTION_TRACE.md","VERIFICATION",".md","2058","450C358C507A1248ECEDD3205E10E5CE54B2DE3C940654F424E97CA6EEECA5C8","ELIGIBLE"
"execution\MS-008_CONSTITUTIONAL_APPLICATION_INITIALIZATION\MATHEMATICS.md","VERIFICATION",".md","2180","92C78E8BA5AA4785F263F54348CB7205803C1D5D67754B70A5C81F73F655D936","ELIGIBLE"
"execution\MS-008_CONSTITUTIONAL_APPLICATION_INITIALIZATION\OBSERVATIONS.md","VERIFICATION",".md","2086","B572CD4C3E4CCA8EC1422FD7D2E945F1F2B031A7BABACBD79E715536798ECAD0","ELIGIBLE"
"execution\MS-008_CONSTITUTIONAL_APPLICATION_INITIALIZATION\POST_EXECUTION_REVIEW.md","VERIFICATION",".md","0","E3B0C44298FC1C149AFBF4C8996FB92427AE41E4649B934CA495991B7852B855","ELIGIBLE"
"execution\MS-008_CONSTITUTIONAL_APPLICATION_INITIALIZATION\README.md","VERIFICATION",".md","2026","F3050FFB93D9F2E5C1C145CD5A62A307F4D508B6323B56854621CC13B472CCBE","ELIGIBLE"
"execution\MS-008_CONSTITUTIONAL_APPLICATION_INITIALIZATION\RECONSTRUCTION.md","VERIFICATION",".md","2497","38A3BB74CB99E7561BE9BFF6C59F6AE52303DD82F6271921B178DAA0B83CE1F0","ELIGIBLE"
"execution\MS-008_CONSTITUTIONAL_APPLICATION_INITIALIZATION\REFERENCE_EXECUTION.md","VERIFICATION",".md","2400","47B17D0ED430E326F259FCB5A0DC9FC076F469CF51050E12D7BA253AC688EB18","ELIGIBLE"
"execution\MS-008_CONSTITUTIONAL_APPLICATION_INITIALIZATION\RQ.md","VERIFICATION",".md","1846","1EAAE466A19EA0C01A725A44AA0734A38DD7479841A621C4FD9EB198FE4C6EA1","ELIGIBLE"
"execution\MS-008_CONSTITUTIONAL_APPLICATION_INITIALIZATION\VERIFICATION.md","VERIFICATION",".md","3452","953E71788678A18FCF7FA9D430C417F71ADCEABE8870FB0DFE85F6C550006091","ELIGIBLE"
"execution\MS-009_CONSTITUTIONAL_EVALUATION_INITIALIZATION\CHANGELOG.md","VERIFICATION",".md","1993","229AEFAB79E3A2880AD4958F20CE3DE3C8C015B3BB2F5C28BE2D47CBA2F5EC41","ELIGIBLE"
"execution\MS-009_CONSTITUTIONAL_EVALUATION_INITIALIZATION\COMPARISON.md","VERIFICATION",".md","3894","0A19A1A08FDBAEA88D9C37528C86B8DBA1DEAC1798820BD91CE292B5D8BE94F7","ELIGIBLE"
"execution\MS-009_CONSTITUTIONAL_EVALUATION_INITIALIZATION\CONCLUSIONS.md","VERIFICATION",".md","2814","BB20CC86541F8F6207FC8FF2069AF2D19531BFFA58FF9C5544DE728800B34C58","ELIGIBLE"
"execution\MS-009_CONSTITUTIONAL_EVALUATION_INITIALIZATION\EVIDENCE.md","VERIFICATION",".md","2282","B41C0D0574F8B2E2EFA11E3BFF957F2D8A56429FFC25753525AA3673448C2779","ELIGIBLE"
"execution\MS-009_CONSTITUTIONAL_EVALUATION_INITIALIZATION\EXECUTION_TRACE.md","VERIFICATION",".md","2126","DF7D37F0F979DBE109B43B5DF699166C8CB85D0BACB185F4BF09F2D89A44D135","ELIGIBLE"
"execution\MS-009_CONSTITUTIONAL_EVALUATION_INITIALIZATION\MATHEMATICS.md","VERIFICATION",".md","2322","64A615D44F66933F4A8BC36E0497104B88457CC4850C0A7DD8C114AAFF86ED67","ELIGIBLE"
"execution\MS-009_CONSTITUTIONAL_EVALUATION_INITIALIZATION\OBSERVATIONS.md","VERIFICATION",".md","2121","75C209D88BFEF5BB459DCC51B3EBCD24D460EDF62E8416089221678525AB32C9","ELIGIBLE"
"execution\MS-009_CONSTITUTIONAL_EVALUATION_INITIALIZATION\POST_EXECUTION_REVIEW.md","VERIFICATION",".md","2594","EA13DB4F18FC13DBF3C5AB8DA0E86C169D3802B4D7D9F9512EF5C084D5FE8FEF","ELIGIBLE"
"execution\MS-009_CONSTITUTIONAL_EVALUATION_INITIALIZATION\README.md","VERIFICATION",".md","2075","A30F8851669BEDD0528A6D7B2243E2292AFBB6DBFD87751B9A68FF8F14A11E1F","ELIGIBLE"
"execution\MS-009_CONSTITUTIONAL_EVALUATION_INITIALIZATION\RECONSTRUCTION.md","VERIFICATION",".md","2493","33485806313634F6ADE0A32B067812B0405B0A6670CA5E52566E750127B94747","ELIGIBLE"
"execution\MS-009_CONSTITUTIONAL_EVALUATION_INITIALIZATION\REFERENCE_EXECUTION.md","VERIFICATION",".md","2513","AAD92A84102EB9A7FC1D910B54EDC93A36E78F68E873B3DFCD36D4B411C472D5","ELIGIBLE"
"execution\MS-009_CONSTITUTIONAL_EVALUATION_INITIALIZATION\RQ.md","VERIFICATION",".md","1871","335FD3DD7DE16D194FBE4DACBC640C5A7E4C15455E37FB6C643248AA1A395FBC","ELIGIBLE"
"execution\MS-009_CONSTITUTIONAL_EVALUATION_INITIALIZATION\VERIFICATION.md","VERIFICATION",".md","3594","39A64B705A9E1FB88DAD86824DF24C6F6E8281B818B672B67B8D5C7587791BDF","ELIGIBLE"
"execution\MS-010_CONSTITUTIONAL_VERIFICATION_INITIALIZATION\CHANGELOG.md","VERIFICATION",".md","708","1E826372BF8EADA770592EC7196A156D7BAEAFDABF52D5D4DB873D45F3D71460","ELIGIBLE"
"execution\MS-010_CONSTITUTIONAL_VERIFICATION_INITIALIZATION\COMPARISON.md","VERIFICATION",".md","2640","39EACF7A74E8C8D5F5335D61420CBEAE3AB8523AFE269F6BEEB304872745F879","ELIGIBLE"
"execution\MS-010_CONSTITUTIONAL_VERIFICATION_INITIALIZATION\CONCLUSIONS.md","VERIFICATION",".md","2689","DC95C4097C28F40157808F0F8EB180A21BDB3E79CC799313AA9FD7AB2BB1BA4F","ELIGIBLE"
"execution\MS-010_CONSTITUTIONAL_VERIFICATION_INITIALIZATION\EVIDENCE.md","VERIFICATION",".md","2332","8A1E80C93949223B600549DB82AF455D695A902E7418129185CA6BD74B034572","ELIGIBLE"
"execution\MS-010_CONSTITUTIONAL_VERIFICATION_INITIALIZATION\EXECUTION_TRACE.md","VERIFICATION",".md","2187","4F755BB3F8AF0BBBEAFE45AAE8050DF3AC76FF7446C0D6494D24D71CBBE273AD","ELIGIBLE"
"execution\MS-010_CONSTITUTIONAL_VERIFICATION_INITIALIZATION\MATHEMATICS.md","VERIFICATION",".md","2884","B282404F43FEE6307E8D5A2FE4B8E0D440B3A15B3D0191DA91C867CEFD2ED7FE","ELIGIBLE"
"execution\MS-010_CONSTITUTIONAL_VERIFICATION_INITIALIZATION\OBSERVATIONS.md","VERIFICATION",".md","2313","A9613CDDC13FFA882A8AAA636BEE18F3E8D315347FDB02F4244078A902955E8A","ELIGIBLE"
"execution\MS-010_CONSTITUTIONAL_VERIFICATION_INITIALIZATION\POST_EXECUTION_REVIEW.md","VERIFICATION",".md","2398","45B9FE0882566AFFF00929DD12E319C3A7BDAA657C7D2C1A34EA78ACC284F1FA","ELIGIBLE"
"execution\MS-010_CONSTITUTIONAL_VERIFICATION_INITIALIZATION\README.md","VERIFICATION",".md","2339","DA81C2E4DA4A53CFA16FCE09EAC79F8A76B7429FBE43ABF2BB5FDBA52D742797","ELIGIBLE"
"execution\MS-010_CONSTITUTIONAL_VERIFICATION_INITIALIZATION\RECONSTRUCTION.md","VERIFICATION",".md","2203","4842EBFBC9466E1206530A9151E33BFB164DBFFFA1AD9F1047FA56710D874C1D","ELIGIBLE"
"execution\MS-010_CONSTITUTIONAL_VERIFICATION_INITIALIZATION\REFERENCE_EXECUTION.md","VERIFICATION",".md","2422","C58FF3797E0F31FAAC33013DC48EEF213DDB90F9C50D296C319A4F9914605AEA","ELIGIBLE"
"execution\MS-010_CONSTITUTIONAL_VERIFICATION_INITIALIZATION\RQ.md","VERIFICATION",".md","1980","2007E1E93943B9309AE42DC7AEFA9E934398A4393087CF3FD868A6F8959D0F31","ELIGIBLE"
"execution\MS-010_CONSTITUTIONAL_VERIFICATION_INITIALIZATION\VERIFICATION.md","VERIFICATION",".md","3448","61692FF3849C80B4B14B66DC25CAD979DA21F723126DD784F8CC0EE539BB700B","ELIGIBLE"
"execution\MS-011_CONSTITUTIONAL_CONTINUITY_INITIALIZATION\CHANGELOG.md","VERIFICATION",".md","0","E3B0C44298FC1C149AFBF4C8996FB92427AE41E4649B934CA495991B7852B855","ELIGIBLE"
"execution\MS-011_CONSTITUTIONAL_CONTINUITY_INITIALIZATION\COMPARISON.md","VERIFICATION",".md","2868","6A7A10F66A3D39C048D71572D58C51BF0C371F9CE4024D06252FDB36BD7EA888","ELIGIBLE"
"execution\MS-011_CONSTITUTIONAL_CONTINUITY_INITIALIZATION\CONCLUSIONS.md","VERIFICATION",".md","2369","16DAFB361EB74AD106CF7ED8926257EDA6B16899A19E5878A8735A3C6CDC9C70","ELIGIBLE"
"execution\MS-011_CONSTITUTIONAL_CONTINUITY_INITIALIZATION\EVIDENCE.md","VERIFICATION",".md","2203","750E6BE07182078CE45E848373FBB18C2909AB70E4541FBF609CB8557CDFEC57","ELIGIBLE"
"execution\MS-011_CONSTITUTIONAL_CONTINUITY_INITIALIZATION\EXECUTION_TRACE.md","VERIFICATION",".md","0","E3B0C44298FC1C149AFBF4C8996FB92427AE41E4649B934CA495991B7852B855","ELIGIBLE"
"execution\MS-011_CONSTITUTIONAL_CONTINUITY_INITIALIZATION\MATHEMATICS.md","VERIFICATION",".md","2251","09B8653107AD9683934FB04DE287AE413F96DF2A9C8247AED588D00771C599CD","ELIGIBLE"
"execution\MS-011_CONSTITUTIONAL_CONTINUITY_INITIALIZATION\OBSERVATIONS.md","VERIFICATION",".md","1737","E7144A756F235904F98F64811B3E79C101EC9B6970D18A66D437C3A74DAF5227","ELIGIBLE"
"execution\MS-011_CONSTITUTIONAL_CONTINUITY_INITIALIZATION\POST_EXECUTION_REVIEW.md","VERIFICATION",".md","2310","A93CAE141F2B5BEB157AFF8927CA8DDA0207294E06067099ABF02F9938E1D12C","ELIGIBLE"
"execution\MS-011_CONSTITUTIONAL_CONTINUITY_INITIALIZATION\README.md","VERIFICATION",".md","2293","C8CB68FC6981E7EA78F9D5F338A97A1389DA0501E049D1AACC4F6BAC15CE9F5B","ELIGIBLE"
"execution\MS-011_CONSTITUTIONAL_CONTINUITY_INITIALIZATION\RECONSTRUCTION.md","VERIFICATION",".md","2194","F05E32AA12C398D8AE6EAE5838FEAA131D9A88D76B339540118608A1999D02F8","ELIGIBLE"
"execution\MS-011_CONSTITUTIONAL_CONTINUITY_INITIALIZATION\REFERENCE_EXECUTION.md","VERIFICATION",".md","0","E3B0C44298FC1C149AFBF4C8996FB92427AE41E4649B934CA495991B7852B855","ELIGIBLE"
"execution\MS-011_CONSTITUTIONAL_CONTINUITY_INITIALIZATION\RQ.md","VERIFICATION",".md","1649","3B429129665CE32A5C5DB5E919A28A89919ED574435159F4044B923FB0452067","ELIGIBLE"
"execution\MS-011_CONSTITUTIONAL_CONTINUITY_INITIALIZATION\VERIFICATION.md","VERIFICATION",".md","2156","6BBF04D0A695B1F9ADF4540A5B8BD1FB4427706C90B67F15AD527C7F02A4540A","ELIGIBLE"
"execution\MS-012_CONSTITUTIONAL_EVOLUTION_INITIALIZATION\CHANGELOG.md","VERIFICATION",".md","746","86FA4F4852ACEB68A36EB87B6C5F4B0819452494A4ACCEC6497C3B3BA61D957D","ELIGIBLE"
"execution\MS-012_CONSTITUTIONAL_EVOLUTION_INITIALIZATION\COMPARISON.md","VERIFICATION",".md","2607","10AFD0401AF09BE428C0CD66BC481FBBEF82257FCACDA451EDC42C8E1BCEE1BC","ELIGIBLE"
"execution\MS-012_CONSTITUTIONAL_EVOLUTION_INITIALIZATION\CONCLUSIONS.md","VERIFICATION",".md","1982","6EC9FD4FEAA013E1DBC2936DDA5846305E9CD16462435E9D2D989998648DAFA9","ELIGIBLE"
"execution\MS-012_CONSTITUTIONAL_EVOLUTION_INITIALIZATION\EVIDENCE.md","VERIFICATION",".md","2492","AC940276E424EB381971B2BE3C4BB0F24786CEEB910683EA747862C797FE47E3","ELIGIBLE"
"execution\MS-012_CONSTITUTIONAL_EVOLUTION_INITIALIZATION\EXECUTION_TRACE.md","VERIFICATION",".md","2308","338AD02783D407E8320B55B31E978E5A116045CB1F0D6858582BDF98794B1C83","ELIGIBLE"
"execution\MS-012_CONSTITUTIONAL_EVOLUTION_INITIALIZATION\MATHEMATICS.md","VERIFICATION",".md","2600","DA06990E3A571A960CA887E79258304885D28C801329541830C83D92D8DAE708","ELIGIBLE"
"execution\MS-012_CONSTITUTIONAL_EVOLUTION_INITIALIZATION\OBSERVATIONS.md","VERIFICATION",".md","0","E3B0C44298FC1C149AFBF4C8996FB92427AE41E4649B934CA495991B7852B855","ELIGIBLE"
"execution\MS-012_CONSTITUTIONAL_EVOLUTION_INITIALIZATION\POST_EXECUTION_REVIEW.md","VERIFICATION",".md","2546","6E2503100D575047F202A59F96E1A0918584F352390D65EBC806CCB7F2FFDE2D","ELIGIBLE"
"execution\MS-012_CONSTITUTIONAL_EVOLUTION_INITIALIZATION\README.md","VERIFICATION",".md","0","E3B0C44298FC1C149AFBF4C8996FB92427AE41E4649B934CA495991B7852B855","ELIGIBLE"
"execution\MS-012_CONSTITUTIONAL_EVOLUTION_INITIALIZATION\RECONSTRUCTION.md","VERIFICATION",".md","2248","193DEDE0BB14D2B4805F4489B2CCBBD5C01684994A4BB11E355FA13AA6A20FE2","ELIGIBLE"
"execution\MS-012_CONSTITUTIONAL_EVOLUTION_INITIALIZATION\REFERENCE_EXECUTION.md","VERIFICATION",".md","2445","31A33285A2C408B42096079120B1FF4523EAF8B1A751EA656AF09EECAD1EAE54","ELIGIBLE"
"execution\MS-012_CONSTITUTIONAL_EVOLUTION_INITIALIZATION\RQ.md","VERIFICATION",".md","0","E3B0C44298FC1C149AFBF4C8996FB92427AE41E4649B934CA495991B7852B855","ELIGIBLE"
"execution\MS-012_CONSTITUTIONAL_EVOLUTION_INITIALIZATION\VERIFICATION.md","VERIFICATION",".md","2097","D5F38A89D69AC90C2A6C092F0F9F86948310B671B0FF17B99B6A7ADFD9042C58","ELIGIBLE"
"execution\MS-013_CONSTITUTIONAL_ADAPTATION_INITIALIZATION\CHANGELOG.md","VERIFICATION",".md","696","E08ED285C97013BDC392BCE9B06B91811881E43A663698029667ED6EF2BECE04","ELIGIBLE"
"execution\MS-013_CONSTITUTIONAL_ADAPTATION_INITIALIZATION\COMPARISON.md","VERIFICATION",".md","899","AEB743065341E2D44308063CFDA913492550F9E5A5F9ED13D37CFD03F993D3B4","ELIGIBLE"
"execution\MS-013_CONSTITUTIONAL_ADAPTATION_INITIALIZATION\CONCLUSIONS.md","VERIFICATION",".md","899","C94101F9CDD36DE1209C9489C0AF0CCA4A5FB3E6CE03AFEACE9269C878E5D2F8","ELIGIBLE"
"execution\MS-013_CONSTITUTIONAL_ADAPTATION_INITIALIZATION\EVIDENCE.md","VERIFICATION",".md","2268","60EC6733C65641DA760E311E490B1C6E261E8A373077BDC8B8725AD450C5CF0D","ELIGIBLE"
"execution\MS-013_CONSTITUTIONAL_ADAPTATION_INITIALIZATION\EXECUTION_TRACE.md","VERIFICATION",".md","2341","C19D2948104196FE94E378330E9CA33A3612E7835952B79A57FAC47D4E2F004A","ELIGIBLE"
"execution\MS-013_CONSTITUTIONAL_ADAPTATION_INITIALIZATION\MATHEMATICS.md","VERIFICATION",".md","2447","92A8D46FABD0AD36B1A85813BD1FF1BE40BC091D70D64FF22683184B45901A73","ELIGIBLE"
"execution\MS-013_CONSTITUTIONAL_ADAPTATION_INITIALIZATION\OBSERVATIONS.md","VERIFICATION",".md","1558","820B615C1AA78ADC5FFF4D4BE94997409421DE5692E9CE5D7A07A7E72C079F30","ELIGIBLE"
"execution\MS-013_CONSTITUTIONAL_ADAPTATION_INITIALIZATION\POST_EXECUTION_REVIEW.md","VERIFICATION",".md","2583","CCE52641D9AC991F1488DE2D11D43B2C9B6ECDE0A00566608630FD24BE905E54","ELIGIBLE"
"execution\MS-013_CONSTITUTIONAL_ADAPTATION_INITIALIZATION\README.md","VERIFICATION",".md","2555","02CE6762BD52A7CE5FF7A3695352A0D1A2EB33F8E94D30F0375AC88C4F24109F","ELIGIBLE"
"execution\MS-013_CONSTITUTIONAL_ADAPTATION_INITIALIZATION\RECONSTRUCTION.md","VERIFICATION",".md","1160","DCA06178DA197318D18EF4267F00DFD9706B86F8466F7728F7E40CA02D1F3E3A","ELIGIBLE"
"execution\MS-013_CONSTITUTIONAL_ADAPTATION_INITIALIZATION\REFERENCE_EXECUTION.md","VERIFICATION",".md","2461","5162E7FD795DCCDEF14BF06D4E30CE04422CE4B261B06BFD662983EF5A2B3526","ELIGIBLE"
"execution\MS-013_CONSTITUTIONAL_ADAPTATION_INITIALIZATION\RQ.md","VERIFICATION",".md","1668","2C08969729DFB1AE2269F7A6BBA5DAD50099CF89E559AE87AF525C0AE1D157EC","ELIGIBLE"
"execution\MS-013_CONSTITUTIONAL_ADAPTATION_INITIALIZATION\VERIFICATION.md","VERIFICATION",".md","2324","05C4AB8554ECC7B3CA0529DB2B5B98236C79009A762597401B44308C87700E67","ELIGIBLE"
"execution\MS-014_CONSTITUTIONAL_RESILIENCE_INITIALIZATION\CHANGELOG.md","VERIFICATION",".md","618","CA4F61205F44AA311B5E295C7A315254950A67E35ABC0DBA56ADBFDC66BE9108","ELIGIBLE"
"execution\MS-014_CONSTITUTIONAL_RESILIENCE_INITIALIZATION\COMPARISON.md","VERIFICATION",".md","904","FABED9ABA8608C8BDC4A7CBCB31DC2B663F1218DE85620384003FCB1C60EC104","ELIGIBLE"
"execution\MS-014_CONSTITUTIONAL_RESILIENCE_INITIALIZATION\CONCLUSIONS.md","VERIFICATION",".md","899","44262A21BADDF1C1CD3A62717D9515EC0CC767D09878241AEA2B9F5EC07E3DF6","ELIGIBLE"
"execution\MS-014_CONSTITUTIONAL_RESILIENCE_INITIALIZATION\EVIDENCE.md","VERIFICATION",".md","1255","9AB0F0B67EBEACB22A7424169626C983F7B4744B247D26A2F69F5BA923F2DF1F","ELIGIBLE"
"execution\MS-014_CONSTITUTIONAL_RESILIENCE_INITIALIZATION\EXECUTION_TRACE.md","VERIFICATION",".md","587","37DCC67645440CDE6C87F9955A9212E2E42642093F628BDCAEBAC6D022FC84AF","ELIGIBLE"
"execution\MS-014_CONSTITUTIONAL_RESILIENCE_INITIALIZATION\MATHEMATICS.md","VERIFICATION",".md","1165","09A17D07462EDD06949C3AA5DD920378A6B4679A4666DBA51E8ED3875307937A","ELIGIBLE"
"execution\MS-014_CONSTITUTIONAL_RESILIENCE_INITIALIZATION\OBSERVATIONS.md","VERIFICATION",".md","1362","865B8C45297EBE825196CF33A2249927FE40231B07E5F9DA7574BE80678A35DD","ELIGIBLE"
"execution\MS-014_CONSTITUTIONAL_RESILIENCE_INITIALIZATION\POST_EXECUTION_REVIEW.md","VERIFICATION",".md","546","3439BF64FEC218B40A3F1933561062A399A53167F5EAC6E2DFECACCF9CD2747C","ELIGIBLE"
"execution\MS-014_CONSTITUTIONAL_RESILIENCE_INITIALIZATION\README.md","VERIFICATION",".md","2577","67FFC1F541CC04685A788780374915E087D40CAD4C5D374DAF2C4ABF0756376A","ELIGIBLE"
"execution\MS-014_CONSTITUTIONAL_RESILIENCE_INITIALIZATION\RECONSTRUCTION.md","VERIFICATION",".md","1167","42478D64752110004A34DF0741EBD101E94DD2832F0A64B0151FB3DD9A9BCB2E","ELIGIBLE"
"execution\MS-014_CONSTITUTIONAL_RESILIENCE_INITIALIZATION\REFERENCE_EXECUTION.md","VERIFICATION",".md","520","4F35025EB3F938F64C575514F71FDC628DFE5DB4A8065FA0F22A2AAB2EF4ED7D","ELIGIBLE"
"execution\MS-014_CONSTITUTIONAL_RESILIENCE_INITIALIZATION\RQ.md","VERIFICATION",".md","1623","E3F7BA63EC673A2499ED53886CA68D709479BCA7F6B120EE985F4EF52371B5DB","ELIGIBLE"
"execution\MS-014_CONSTITUTIONAL_RESILIENCE_INITIALIZATION\VERIFICATION.md","VERIFICATION",".md","1795","0732508961A430514AC66FC1E6B2CB0ED18C91FCFCE437A21A6C90C931FED2FF","ELIGIBLE"
"execution\MS-015_CONSTITUTIONAL_STABILITY_INITIALIZATION\CHANGELOG.md","VERIFICATION",".md","613","9B06B0A799EE3CEBF5BA1015AF9445A98E39B1C9E35DDA7F6AED916954BB77F0","ELIGIBLE"
"execution\MS-015_CONSTITUTIONAL_STABILITY_INITIALIZATION\COMPARISON.md","VERIFICATION",".md","1110","9295C695BFE1B85CD22BC1979B67EDAD83FC719F24AB2B1ABB54FDA63C37B409","ELIGIBLE"
"execution\MS-015_CONSTITUTIONAL_STABILITY_INITIALIZATION\CONCLUSIONS.md","VERIFICATION",".md","943","E267788D87CD932E379494F851304BA4A9E7F0E6735A691E9A50B97C219DFAC2","ELIGIBLE"
"execution\MS-015_CONSTITUTIONAL_STABILITY_INITIALIZATION\EVIDENCE.md","VERIFICATION",".md","1543","EAA168C8051A06E31CC773DFDF943787A5D1846FFC84E3968344D24288849303","ELIGIBLE"
"execution\MS-015_CONSTITUTIONAL_STABILITY_INITIALIZATION\EXECUTION_TRACE.md","VERIFICATION",".md","585","5764549FC07AABF6FEB620E5D550018EEB7BB71AC4A82C892DD987AB0F2E8A62","ELIGIBLE"
"execution\MS-015_CONSTITUTIONAL_STABILITY_INITIALIZATION\MATHEMATICS.md","VERIFICATION",".md","1361","04BE90D5F11F3AADBA297D481C52B51C9002E699D6895A549E160EB02827F1C8","ELIGIBLE"
"execution\MS-015_CONSTITUTIONAL_STABILITY_INITIALIZATION\OBSERVATIONS.md","VERIFICATION",".md","1275","370B4D2601111EDCBF423698C5E51CDD818EB1D2DAFB83BD78EC905A3DFCC2A3","ELIGIBLE"
"execution\MS-015_CONSTITUTIONAL_STABILITY_INITIALIZATION\POST_EXECUTION_REVIEW.md","VERIFICATION",".md","552","DF34986CCA2CCCC59DDDB5858C0743ABEA5DE2C603FA9CFBD09A7C18C8B0D6D9","ELIGIBLE"
"execution\MS-015_CONSTITUTIONAL_STABILITY_INITIALIZATION\README.md","VERIFICATION",".md","2540","AA56D73D624953A2AB5A3524A34A1A198C9AF3BD0F0EF54B1FACAAE289BEE1BC","ELIGIBLE"
"execution\MS-015_CONSTITUTIONAL_STABILITY_INITIALIZATION\RECONSTRUCTION.md","VERIFICATION",".md","1092","A9B7D4D96942E8FD18EEB796553A61DF4F667795A024ED477A383DB4DFE0BC78","ELIGIBLE"
"execution\MS-015_CONSTITUTIONAL_STABILITY_INITIALIZATION\REFERENCE_EXECUTION.md","VERIFICATION",".md","549","157E9035F34C9F8073A37F9AE87F2FBE995A5494D7D66B91F04D8DEEABBF9AA0","ELIGIBLE"
"execution\MS-015_CONSTITUTIONAL_STABILITY_INITIALIZATION\RQ.md","VERIFICATION",".md","1563","F801F088DA1171FFEA1B8619C42F3BB6F066F45E15EE2D9A933A76BCE90F24D5","ELIGIBLE"
"execution\MS-015_CONSTITUTIONAL_STABILITY_INITIALIZATION\VERIFICATION.md","VERIFICATION",".md","1427","2E3CA619A8A993071FE6257E3819E50BC66B90B035D8887C1E3B05DF62DC674E","ELIGIBLE"
"phase-ii\execution\PHASE_II_EXECUTION_MODEL.md","VERIFICATION",".md","1318","E9EEA92A43B272B33A75BDC89E5473F2B1B3EE883E25C108601D4D7675DF4226","ELIGIBLE"
"phase-ii\tests\verification\VERIFICATION_TEST_PLAN.md","VERIFICATION",".md","0","E3B0C44298FC1C149AFBF4C8996FB92427AE41E4649B934CA495991B7852B855","ELIGIBLE"
"phase-ii\verification\EVIDENCE_PIPELINE.md","VERIFICATION",".md","1462","C2235E7A7EBE7840E5681ECF0DA4CA0BFBEFDC126D08484DDE36487AA086134A","ELIGIBLE"
"phase-ii\verification\INTEGRATION_VERIFICATION.md","VERIFICATION",".md","1901","8588642725B4C18030F36C225EEFF939DA3CD69B6BE4B192849B1EF70F12E499","ELIGIBLE"
"phase-ii\verification\RECONSTRUCTION_VALIDATION.md","VERIFICATION",".md","1663","FE7DB743661682C670CACDFD5BF30A34831FB3D6F9C00FFA5F3C3015761B5795","ELIGIBLE"
"phase-ii\verification\evidence\EVIDENCE_COLLECTION_ENGINE.md","VERIFICATION",".md","1329","0B8F0F53FA7FED970F7D882F666782CE88F89720FDA28A6C02BD128E0DCEA78F","ELIGIBLE"
"phase-ii\verification\reconstruction\RECONSTRUCTION_ENGINE.md","VERIFICATION",".md","1267","3BB744AACA03400FDC852C32782CB91C3C5C1D9BCD6DD5AB7D754B6AE336AA6E","ELIGIBLE"
"phase-ii\verification\validation\VALIDATION_ENGINE.md","VERIFICATION",".md","1302","74DDB18060A207E7DD5F3A1B6630FF9090C38ACFE2609B5F3408033D7CD1223C","ELIGIBLE"
"tools\verification\Invoke-MS-T1T2ControlledExecution.ps1","VERIFICATION",".ps1","13408","B25EB4944400BA42BCE6741A90727FA837CF6F0F8FE9C58FDB4AB7B550057483","ELIGIBLE"
"tools\verification\Invoke-MS-T1T2ExecutionReadiness.ps1","VERIFICATION",".ps1","14762","2FF741DFFB8CD6B978B2F8AE6D4295677EC39DB2280C5A51C667493B94059057","ELIGIBLE"
"tools\verification\New-MS-T1T2EvidenceCollectionPacket.ps1","VERIFICATION",".ps1","21025","23CEEDB294E4EEF44E3A20B7B1A65BFBBE1E81833A8FD1087690565D35F83621","ELIGIBLE"
"tools\verification\New-MS-T1T2ExactEntryBlueprint.ps1","VERIFICATION",".ps1","10547","C0216A8E2028C609E92994121C420990BFC7AF20770F79DC3473A8BC3AAAE2E6","ELIGIBLE"
"tools\verification\New-MS-T1T2ExecutionWorkspaces.ps1","VERIFICATION",".ps1","18935","5432FB6299C9DC660DB7746A171B505BB7DC1244DF1CE6BF7462510F2D6F24E5","ELIGIBLE"
"verification\MS-T2_DEPENDENCY_PROPAGATION_TRIAL\DOWNSTREAM_SEMANTIC_EXPOSURE.csv","VERIFICATION",".csv","884","BF628E02C6F704BED882D4AEC3B96D6D9EE702D570D27B43EAF56AB3AAABE436","ELIGIBLE"
"verification\MS-T2_DEPENDENCY_PROPAGATION_TRIAL\EXECUTION_RESULTS.csv","VERIFICATION",".csv","491","AA6702C711CB805CBB3592BB2A8D7351729EFD7AF654EA5367450DD09309A8B5","ELIGIBLE"
"verification\MS-T2_DEPENDENCY_PROPAGATION_TRIAL\INTEGRATED_VERIFICATION_RESULTS.csv","VERIFICATION",".csv","850","8065DA71924686D1E9DE72EA548F5939F3C15D9D1F8243B098BC23B54DAD3EB7","ELIGIBLE"
"verification\MS-T2_DEPENDENCY_PROPAGATION_TRIAL\MUTATION_DIFF_EVIDENCE.csv","VERIFICATION",".csv","3127","ED1E110E1918CCBD7ED8CEF2A24532E677D80090E092D223C723955E71E06019","ELIGIBLE"
"verification\MS-T2_DEPENDENCY_PROPAGATION_TRIAL\MUTATION_EVIDENCE.csv","VERIFICATION",".csv","1040","086C12EE5E9D940DBC4ACB271294F50637A53571DF56C04B76A9D85E6FFBF646","ELIGIBLE"
"verification\MS-T2_DEPENDENCY_PROPAGATION_TRIAL\MUTATION_REGISTER.csv","VERIFICATION",".csv","797","CCB16DCAB6113B671B9015333200B2AC57A9FCAC3E902329178EB78894138699","ELIGIBLE"
"verification\MS-T2_DEPENDENCY_PROPAGATION_TRIAL\OBJECT_REGISTRY.csv","VERIFICATION",".csv","955","50F1FA0105692C5F9FDAE5209D1F63E4B66273A21D1830DD5D4C925296316E21","ELIGIBLE"
"verification\MS-T2_DEPENDENCY_PROPAGATION_TRIAL\PROPAGATION_RESULTS.csv","VERIFICATION",".csv","608","0C22BDDC4E9EE4DC86E92EF20A50B9F24FCEAD97B26544719B361E5E31152E3F","ELIGIBLE"
"verification\MS-T2_DEPENDENCY_PROPAGATION_TRIAL\README.md","VERIFICATION",".md","922","D584CEA67D636FA9E038234DFCA12B8FFFCE4A3C09516BE039167E34C014A489","ELIGIBLE"
"verification\MS-T2_DEPENDENCY_PROPAGATION_TRIAL\RECONSTRUCTION_CONTRACTS.csv","VERIFICATION",".csv","1004","4CE38387615FE03DC9EE8877300B256A4F8E2245DC448CBE94DB3EBD14B41763","ELIGIBLE"
"verification\MS-T2_DEPENDENCY_PROPAGATION_TRIAL\RECONSTRUCTION_RESULTS.csv","VERIFICATION",".csv","1554","2AEEBA9223822AA2F212A9B44D69AD3E2664D6326EC08A5CBAE65CAE2403A122","ELIGIBLE"
"verification\MS-T2_DEPENDENCY_PROPAGATION_TRIAL\Run-MS-T2.py","VERIFICATION",".py","1412","363C5275ED675A71F059B47F3C56A3ACE10EDE3F8AD5240739213DFAD0AA1557","ELIGIBLE"
"verification\MS-T2_DEPENDENCY_PROPAGATION_TRIAL\STRICT_RECONSTRUCTION_RESULTS.csv","VERIFICATION",".csv","909","D308DC5D83687601CD4C05CA5517D5223EBE944D110D7293EB0E1FA33922EE96","ELIGIBLE"
"verification\MS-T2_DEPENDENCY_PROPAGATION_TRIAL\TRIAL_REGISTER.csv","VERIFICATION",".csv","878","3DD4EF7264E9927352E540C44F80B235653EDFCC269712007E4C26AC097CE062","ELIGIBLE"
"verification\MS-T2_DEPENDENCY_PROPAGATION_TRIAL\TRIAL_SPECIFICATION.csv","VERIFICATION",".csv","487","D91C8E8E4386A4B435EF06B0A6455E738310913B24F8274B018E61DBFED249C0","ELIGIBLE"
"verification\MS-T2_DEPENDENCY_PROPAGATION_TRIAL\VERIFICATION_RECORD.md","VERIFICATION",".md","2424","62D6EBA13EE7C829ADF06453EC4F6ECC8F7BFD378E87E034755E557E0F84EE03","ELIGIBLE"
"verification\MS-T2_DEPENDENCY_PROPAGATION_TRIAL\VERIFICATION_SUMMARY.csv","VERIFICATION",".csv","604","ED65934917B2562F530F7219EFA2055FF99E448F0CD0795612D7D36A410D6A96","ELIGIBLE"
"verification\MS-T2_DEPENDENCY_PROPAGATION_TRIAL\mutations\MS-T2-0001\FORMAL_MORNING_STAR_THEORY.md","VERIFICATION",".md","15301","74E3F869F93979705D4ACAF1CF9E0A83386A76FC80522970A115DE53ED06FC9C","ELIGIBLE"
"verification\MS-T2_DEPENDENCY_PROPAGATION_TRIAL\mutations\MS-T2-0002\SEMANTIC_CONVERGENCE.md","VERIFICATION",".md","9726","E8070BE24190288444C027B92557BEBD41BC2541637515A34CC9A27D697FB09E","ELIGIBLE"
"verification\MS-T2_DEPENDENCY_PROPAGATION_TRIAL\mutations\MS-T2-0003\OBSERVER_ONTOLOGY.md","VERIFICATION",".md","8898","7DDC0A89C0B595F3A5B22E8E665D8EE18F313EE0D319316BF8BD8B0D3DE20102","ELIGIBLE"
"verification\MS-T2_DEPENDENCY_PROPAGATION_TRIAL\mutations\MS-T2-0004\FOUNDATION.md","VERIFICATION",".md","6280","8515983F15C113B2A41287ECC780B3D8A6A749AB5B55D341123F5A69EFC6CF05","ELIGIBLE"
"verification\MS-T2_DEPENDENCY_PROPAGATION_TRIAL\mutations\MS-T2-0005\INITIATION_MATHEMATICS.md","VERIFICATION",".md","8222","FEBCD37E141650C33E00E8F53D3ADC219D6E190E0E029A5AB613D726C1E63309","ELIGIBLE"
"verification\MS-T2_DEPENDENCY_PROPAGATION_TRIAL\reconstructed-downstream\MS-T2-0001\SEMANTIC_CONVERGENCE.md","VERIFICATION",".md","9735","EEB68C93E5379039298FE1E5C8B9B0369F23AFD2C8B19EA3A88FBD77850F49C4","ELIGIBLE"
"verification\MS-T2_DEPENDENCY_PROPAGATION_TRIAL\reconstructed-downstream\MS-T2-0002\FOUNDATION.md","VERIFICATION",".md","6279","F3B23EA273267C171016FCFE77F3E361C5D1D8A8A3096D1B1E968E1C79C0A88B","ELIGIBLE"
"verification\MS-T2_DEPENDENCY_PROPAGATION_TRIAL\reconstructed-downstream\MS-T2-0003\CANONICAL_PARTICIPATION_MODEL.md","VERIFICATION",".md","12968","5C9971925DA9C22D859551135C639366F60463A507AAF93FB5ED1B3135E70CA1","ELIGIBLE"
"verification\MS-T2_DEPENDENCY_PROPAGATION_TRIAL\reconstructed-downstream\MS-T2-0004\INITIATION_MATHEMATICS.md","VERIFICATION",".md","8196","7B7FBD8DC53697B9F681B1D851AE246B22A9578B3199456166BDFD5FDA09220C","ELIGIBLE"
"verification\MS-T2_DEPENDENCY_PROPAGATION_TRIAL\reconstructed-downstream\MS-T2-0005\THEOREM_REGISTRY.md","VERIFICATION",".md","12799","CC7F53EE8D5B40EA358E733C84DD5B99ACB2F2EB3ED01137E39D0C85C2CED686","ELIGIBLE"
"verification\MS-T2_DEPENDENCY_PROPAGATION_TRIAL\workspaces\GO-0001\FORMAL_MORNING_STAR_THEORY.md","VERIFICATION",".md","15236","9251A698A62FC379E6D7CAD6B8DB052A744416A4D765A48758B7E0A657849871","ELIGIBLE"
"verification\MS-T2_DEPENDENCY_PROPAGATION_TRIAL\workspaces\GO-0002\SEMANTIC_CONVERGENCE.md","VERIFICATION",".md","9595","B05385CC9E19144791B4C17303D5929C0C654312508ADDA49C031F2D91AEF0F1","ELIGIBLE"
"verification\MS-T2_DEPENDENCY_PROPAGATION_TRIAL\workspaces\GO-0003\OBSERVER_ONTOLOGY.md","VERIFICATION",".md","8855","3FB6D2594F368C530F9CE1377B529B00465F28A7A20E458404525ED5EEBF9C28","ELIGIBLE"
"verification\MS-T2_DEPENDENCY_PROPAGATION_TRIAL\workspaces\GO-0004\CANONICAL_PARTICIPATION_MODEL.md","VERIFICATION",".md","12904","AF4BCB70EC80DA32EB945A712E76A999A4975F0693C0CE6A442BC54734A5F311","ELIGIBLE"
"verification\MS-T2_DEPENDENCY_PROPAGATION_TRIAL\workspaces\GO-0005\FOUNDATION.md","VERIFICATION",".md","6268","17CF97621E01B3CB2E5CA4E46E6ABBB29D5B57C855F4F53E3191D42B93ACCA09","ELIGIBLE"
"verification\MS-T2_DEPENDENCY_PROPAGATION_TRIAL\workspaces\GO-0006\INITIATION_MATHEMATICS.md","VERIFICATION",".md","8191","974A4DEEC67193EC9BB9BF604F1A15ADC52D402EC540DE2782189EBB5ECABDA9","ELIGIBLE"
"verification\MS-T2_DEPENDENCY_PROPAGATION_TRIAL\workspaces\GO-0007\THEOREM_REGISTRY.md","VERIFICATION",".md","12699","6A572EC0AA89D78D5A78F759219A0647D00F31236243F810BC057827963A1948","ELIGIBLE"
"volumes\VOLUME_III_NAVIGATION\evidence\VOLUME_III_NAVIGATION_VALIDATION.md","VERIFICATION",".md","4651","27AE75A90ACA7F407325C15D6951CC5C843BF9192A8F2B6A9A33E0879F86C6AB","ELIGIBLE"
"volumes\VOLUME_II_ONTOLOGY\evidence\VOLUME_II_ONTOLOGY_VALIDATION.md","VERIFICATION",".md","4109","2AB473DD32A340DCB6E1DC3939309E4719FA8DBB6387542CF4C13C2AFA1BE1C6","ELIGIBLE"
"volumes\VOLUME_IV_INTERPRETATION\evidence\VOLUME_IV_INTERPRETATION_VALIDATION.md","VERIFICATION",".md","5191","9E246E5ADE57DE874E90DDF714C4CE3D00F9098B9109D6CEFC21AF723F14AE74","ELIGIBLE"
"volumes\VOLUME_I_FOUNDATION\verification\THEOREM_VERIFICATION_ARCHITECTURE.md","VERIFICATION",".md","15100","0AA20201EA6231550E066961977F245A58C739CC0E4A52F2F7E1E965A87976C8","ELIGIBLE"
"volumes\VOLUME_I_FOUNDATION\verification\execution\MS-T1_CONTROLLED_EXECUTION\README.md","VERIFICATION",".md","945","5F558118F6339185FF0CDDB71E1E3060632BB9DC5C58CB69AFDD4C48A59644EF","ELIGIBLE"
"volumes\VOLUME_I_FOUNDATION\verification\execution\MS-T1_CONTROLLED_EXECUTION\00_COLLECTION_PACKET\OBSERVER_RESPONSES.COLLECTION_COPY.csv","VERIFICATION",".csv","209","624B26AD883AE70A954EFD2FEDE89470E562DB6D336A5A13E0E477417D7BA512","ELIGIBLE"
"volumes\VOLUME_I_FOUNDATION\verification\execution\MS-T1_CONTROLLED_EXECUTION\00_COLLECTION_PACKET\OBSERVER_RESPONSES.FIELD_GUIDE.csv","VERIFICATION",".csv","2365","A047E651FEB1600C86E109EBC029406F0460D010F907858EE9D7D13C70A2CBB4","ELIGIBLE"
"volumes\VOLUME_I_FOUNDATION\verification\execution\MS-T1_CONTROLLED_EXECUTION\00_COLLECTION_PACKET\OBSERVER_RESPONSES.MISSING_VALUES.csv","VERIFICATION",".csv","2323","8B20F0D63F6CC84281E4D4D46ACE79A236A938F709B4527F87BA20BEEDD70475","ELIGIBLE"
"volumes\VOLUME_I_FOUNDATION\verification\execution\MS-T1_CONTROLLED_EXECUTION\00_COLLECTION_PACKET\README.md","VERIFICATION",".md","1353","C43BF6C3AA7B25456F4C59BB5F0900FCB446A92BEFAF59396631295A67B90E61","ELIGIBLE"
"volumes\VOLUME_I_FOUNDATION\verification\execution\MS-T1_CONTROLLED_EXECUTION\00_COLLECTION_PACKET\SEMANTIC_ASSESSMENTS.COLLECTION_COPY.csv","VERIFICATION",".csv","228","300FBA791EE13950C65B768D79B9F47D3B4AF539F604C4D62948DE2B613AA089","ELIGIBLE"
"volumes\VOLUME_I_FOUNDATION\verification\execution\MS-T1_CONTROLLED_EXECUTION\00_COLLECTION_PACKET\SEMANTIC_ASSESSMENTS.FIELD_GUIDE.csv","VERIFICATION",".csv","2561","2AEB459E363E740F483878EA468B266A8E0C13AA2CEA2129B5ADC5F9696181A6","ELIGIBLE"
"volumes\VOLUME_I_FOUNDATION\verification\execution\MS-T1_CONTROLLED_EXECUTION\00_COLLECTION_PACKET\SEMANTIC_ASSESSMENTS.MISSING_VALUES.csv","VERIFICATION",".csv","2503","26E2BFCBAC22582DA116550043C2B86EDAF9EDDE44AD70F5E4248A655773385D","ELIGIBLE"
"volumes\VOLUME_I_FOUNDATION\verification\execution\MS-T1_CONTROLLED_EXECUTION\00_COLLECTION_PACKET\TRIAL_CASES.COLLECTION_COPY.csv","VERIFICATION",".csv","223","7369B940B68498282EEA89CECAC82B48069B2AB5B63DAA43CECCD87426BA636F","ELIGIBLE"
"volumes\VOLUME_I_FOUNDATION\verification\execution\MS-T1_CONTROLLED_EXECUTION\00_COLLECTION_PACKET\TRIAL_CASES.FIELD_GUIDE.csv","VERIFICATION",".csv","1911","F92CA792F385A98CDA6C7DDDF836BC46E71AE585737F590F76CBC506DB360E09","ELIGIBLE"
"volumes\VOLUME_I_FOUNDATION\verification\execution\MS-T1_CONTROLLED_EXECUTION\00_COLLECTION_PACKET\TRIAL_CASES.MISSING_VALUES.csv","VERIFICATION",".csv","1533","00BB848FBC6231B019E29631CB6F2DEA3814766E427C053CD06A28114C8DBD02","ELIGIBLE"
"volumes\VOLUME_I_FOUNDATION\verification\execution\MS-T1_CONTROLLED_EXECUTION\01_INPUT\TRIAL_CASES.csv","VERIFICATION",".csv","223","7369B940B68498282EEA89CECAC82B48069B2AB5B63DAA43CECCD87426BA636F","ELIGIBLE"
"volumes\VOLUME_I_FOUNDATION\verification\execution\MS-T1_CONTROLLED_EXECUTION\01_INPUT\TRIAL_CASES.schema.txt","VERIFICATION",".txt","162","3603187C1AFDD623C24843C1D02F0F5B6CEE89155F61689F5F5F99211C599226","ELIGIBLE"
"volumes\VOLUME_I_FOUNDATION\verification\execution\MS-T1_CONTROLLED_EXECUTION\02_EVIDENCE\OBSERVER_RESPONSES.csv","VERIFICATION",".csv","209","624B26AD883AE70A954EFD2FEDE89470E562DB6D336A5A13E0E477417D7BA512","ELIGIBLE"
"volumes\VOLUME_I_FOUNDATION\verification\execution\MS-T1_CONTROLLED_EXECUTION\02_EVIDENCE\OBSERVER_RESPONSES.schema.txt","VERIFICATION",".txt","163","25314EB56071F10A9B6C774777FCC60F46873C5BC16C6C1F6EBFDB2C153B7102","ELIGIBLE"
"volumes\VOLUME_I_FOUNDATION\verification\execution\MS-T1_CONTROLLED_EXECUTION\03_ASSESSMENT\SEMANTIC_ASSESSMENTS.csv","VERIFICATION",".csv","228","300FBA791EE13950C65B768D79B9F47D3B4AF539F604C4D62948DE2B613AA089","ELIGIBLE"
"volumes\VOLUME_I_FOUNDATION\verification\execution\MS-T1_CONTROLLED_EXECUTION\03_ASSESSMENT\SEMANTIC_ASSESSMENTS.schema.txt","VERIFICATION",".txt","178","6C6C43352FFF383F58EEC95AEBE3D0A84671D7C38668BFF02038B66C7C93A6B6","ELIGIBLE"
"volumes\VOLUME_I_FOUNDATION\verification\execution\MS-T1_CONTROLLED_EXECUTION\04_SCORING\SCORING_RECORD.md","VERIFICATION",".md","914","C97CBE8F8AFCC031E95940999D6098F2D707ACF362ECF6FE3276B81213DF7775","ELIGIBLE"
"volumes\VOLUME_I_FOUNDATION\verification\execution\MS-T1_CONTROLLED_EXECUTION\05_REVIEW\EVIDENCE_REVIEW.md","VERIFICATION",".md","653","78E7CB6424C5F2A007CCC63AEA51515F71641ED90BCBE40740D80643E31DE8A9","ELIGIBLE"
"volumes\VOLUME_I_FOUNDATION\verification\execution\MS-T1_CONTROLLED_EXECUTION\06_OUTPUT\DISPOSITION_DRAFT.md","VERIFICATION",".md","501","3280E1BF0F016C3162309CA95A5525827A6C2CBE7623E84BA5AE0503DFF5E04F","ELIGIBLE"
"volumes\VOLUME_I_FOUNDATION\verification\execution\MS-T1_CONTROLLED_EXECUTION\06_OUTPUT\RESULTS_DRAFT.md","VERIFICATION",".md","488","E0616CC823088B1A7E692620A239482BDE99524278E6DFF13D007BB9F4B2DCB9","ELIGIBLE"
"volumes\VOLUME_I_FOUNDATION\verification\execution\MS-T2_CONTROLLED_EXECUTION\README.md","VERIFICATION",".md","948","197F719978189342C768970D7A10AE92CF0AFFC39479A7C416D1225CF6AD3094","ELIGIBLE"
"volumes\VOLUME_I_FOUNDATION\verification\execution\MS-T2_CONTROLLED_EXECUTION\00_COLLECTION_PACKET\DEPENDENCY_CHAINS.COLLECTION_COPY.csv","VERIFICATION",".csv","202","7F5A003991A102650FFE6575AC6BEEFC3EDC8D02BFDFC055B4E8D2FFD17404F2","ELIGIBLE"
"volumes\VOLUME_I_FOUNDATION\verification\execution\MS-T2_CONTROLLED_EXECUTION\00_COLLECTION_PACKET\DEPENDENCY_CHAINS.FIELD_GUIDE.csv","VERIFICATION",".csv","1879","DF6B095FB8086FBD095FFCB75EDD5F0906B392B7E134F9506BAF940AA76AFCAF","ELIGIBLE"
"volumes\VOLUME_I_FOUNDATION\verification\execution\MS-T2_CONTROLLED_EXECUTION\00_COLLECTION_PACKET\DEPENDENCY_CHAINS.MISSING_VALUES.csv","VERIFICATION",".csv","1482","0713659EDADF6FF96392F909D42D3EB273378AAFE519051B9927D0B00754E1EC","ELIGIBLE"
"volumes\VOLUME_I_FOUNDATION\verification\execution\MS-T2_CONTROLLED_EXECUTION\00_COLLECTION_PACKET\DOWNSTREAM_ASSESSMENTS.COLLECTION_COPY.csv","VERIFICATION",".csv","222","201D0A0EE2FD350F660E3ECB9171607497DA80566CF7FA3090B621E152249F24","ELIGIBLE"
"volumes\VOLUME_I_FOUNDATION\verification\execution\MS-T2_CONTROLLED_EXECUTION\00_COLLECTION_PACKET\DOWNSTREAM_ASSESSMENTS.FIELD_GUIDE.csv","VERIFICATION",".csv","2597","BC8D167A2C817F7B1A3369329EB534A442CA6F5D72F2310BB2C336B4AF415E35","ELIGIBLE"
"volumes\VOLUME_I_FOUNDATION\verification\execution\MS-T2_CONTROLLED_EXECUTION\00_COLLECTION_PACKET\DOWNSTREAM_ASSESSMENTS.MISSING_VALUES.csv","VERIFICATION",".csv","2515","EFDF479ADBF56913A019108E224BFC4FF4439E7B8297F0EDCA8CE58426578DD9","ELIGIBLE"
"volumes\VOLUME_I_FOUNDATION\verification\execution\MS-T2_CONTROLLED_EXECUTION\00_COLLECTION_PACKET\PROPAGATION_EVENTS.COLLECTION_COPY.csv","VERIFICATION",".csv","226","5BE053EDC8F888E4D9897926D67BA6172B973386AF41CCB77799A73FADF686F9","ELIGIBLE"
"volumes\VOLUME_I_FOUNDATION\verification\execution\MS-T2_CONTROLLED_EXECUTION\00_COLLECTION_PACKET\PROPAGATION_EVENTS.FIELD_GUIDE.csv","VERIFICATION",".csv","2529","BC7E0B265E442F0889D1A450C8DFE7FE4D743FCE259A5C18ACCC0CBD21ECEE69","ELIGIBLE"
"volumes\VOLUME_I_FOUNDATION\verification\execution\MS-T2_CONTROLLED_EXECUTION\00_COLLECTION_PACKET\PROPAGATION_EVENTS.MISSING_VALUES.csv","VERIFICATION",".csv","2483","9A765EA2B0BF9477A50FAA90FB75275B3FCC27E562839ECAE90CACD6BA47BF60","ELIGIBLE"
"volumes\VOLUME_I_FOUNDATION\verification\execution\MS-T2_CONTROLLED_EXECUTION\00_COLLECTION_PACKET\README.md","VERIFICATION",".md","1356","AD100FC89624A8527A35DC55A7FC7AD798FAF7A4FDE53E7CFF2D2900E33B1AFE","ELIGIBLE"
"volumes\VOLUME_I_FOUNDATION\verification\execution\MS-T2_CONTROLLED_EXECUTION\00_COLLECTION_PACKET\TRIAL_CASES.COLLECTION_COPY.csv","VERIFICATION",".csv","325","F9D7F57EF6A96BEC24B6DCB901071F956762C224E469748C5D8F651D391A8E59","ELIGIBLE"
"volumes\VOLUME_I_FOUNDATION\verification\execution\MS-T2_CONTROLLED_EXECUTION\00_COLLECTION_PACKET\TRIAL_CASES.FIELD_GUIDE.csv","VERIFICATION",".csv","1855","0927066CF8A7131698C90E2AF8B33B14881EB1F14DDAD4797F173413CA2D63A8","ELIGIBLE"
"volumes\VOLUME_I_FOUNDATION\verification\execution\MS-T2_CONTROLLED_EXECUTION\00_COLLECTION_PACKET\TRIAL_CASES.MISSING_VALUES.csv","VERIFICATION",".csv","2018","D9EE8E297D9DAD12D47C9BB10CEB9DB45C6887584FE69844FA1745931B1DB980","ELIGIBLE"
"volumes\VOLUME_I_FOUNDATION\verification\execution\MS-T2_CONTROLLED_EXECUTION\01_INPUT\DEPENDENCY_CHAINS.csv","VERIFICATION",".csv","202","7F5A003991A102650FFE6575AC6BEEFC3EDC8D02BFDFC055B4E8D2FFD17404F2","ELIGIBLE"
"volumes\VOLUME_I_FOUNDATION\verification\execution\MS-T2_CONTROLLED_EXECUTION\01_INPUT\DEPENDENCY_CHAINS.schema.txt","VERIFICATION",".txt","144","7B73AFE4D937AC81BB7C6E11F84CCECB15139D97D94A70E1CC76CDC96D661D3C","ELIGIBLE"
"volumes\VOLUME_I_FOUNDATION\verification\execution\MS-T2_CONTROLLED_EXECUTION\01_INPUT\TRIAL_CASES.csv","VERIFICATION",".csv","325","F9D7F57EF6A96BEC24B6DCB901071F956762C224E469748C5D8F651D391A8E59","ELIGIBLE"
"volumes\VOLUME_I_FOUNDATION\verification\execution\MS-T2_CONTROLLED_EXECUTION\01_INPUT\TRIAL_CASES.schema.txt","VERIFICATION",".txt","140","B1C9D2C2D97119E88099DF9F8F5E03B79D382C7898F8540F97EA24A15D36F272","ELIGIBLE"
"volumes\VOLUME_I_FOUNDATION\verification\execution\MS-T2_CONTROLLED_EXECUTION\02_EVIDENCE\PROPAGATION_EVENTS.csv","VERIFICATION",".csv","226","5BE053EDC8F888E4D9897926D67BA6172B973386AF41CCB77799A73FADF686F9","ELIGIBLE"
"volumes\VOLUME_I_FOUNDATION\verification\execution\MS-T2_CONTROLLED_EXECUTION\02_EVIDENCE\PROPAGATION_EVENTS.schema.txt","VERIFICATION",".txt","176","1738822DEEAED1C56426EBBC1A2EFB539DCDC101529F0F91D11BBE6B7248EA10","ELIGIBLE"
"volumes\VOLUME_I_FOUNDATION\verification\execution\MS-T2_CONTROLLED_EXECUTION\03_ASSESSMENT\DOWNSTREAM_ASSESSMENTS.csv","VERIFICATION",".csv","222","201D0A0EE2FD350F660E3ECB9171607497DA80566CF7FA3090B621E152249F24","ELIGIBLE"
"volumes\VOLUME_I_FOUNDATION\verification\execution\MS-T2_CONTROLLED_EXECUTION\03_ASSESSMENT\DOWNSTREAM_ASSESSMENTS.schema.txt","VERIFICATION",".txt","172","9A01A583543B0621BA9CE38E1C7E28419B6A8B404B97E8E035EF886BFD3F4606","ELIGIBLE"
"volumes\VOLUME_I_FOUNDATION\verification\execution\MS-T2_CONTROLLED_EXECUTION\04_SCORING\SCORING_RECORD.md","VERIFICATION",".md","917","6A6336669C0DC027E9F47B1515B5CEEF056D58AE4DFAA2F2F748B0DC8A996464","ELIGIBLE"
"volumes\VOLUME_I_FOUNDATION\verification\execution\MS-T2_CONTROLLED_EXECUTION\05_REVIEW\EVIDENCE_REVIEW.md","VERIFICATION",".md","653","A3454C8F262F90D205A9C9B06B412550205ACD795DDFEE0A4C51D5257E2F4C7B","ELIGIBLE"
"volumes\VOLUME_I_FOUNDATION\verification\execution\MS-T2_CONTROLLED_EXECUTION\06_OUTPUT\DISPOSITION_DRAFT.md","VERIFICATION",".md","501","54194EBF2DF65FF08C58546D530D9F2B20877868DCB738192D1D94CD85CA2056","ELIGIBLE"
"volumes\VOLUME_I_FOUNDATION\verification\execution\MS-T2_CONTROLLED_EXECUTION\06_OUTPUT\RESULTS_DRAFT.md","VERIFICATION",".md","491","58D9DF9CCE9E61DF2EE515A96079C0953245E404AB5327DED3CFF5E3562EC891","ELIGIBLE"
"volumes\VOLUME_I_FOUNDATION\verification\MS-T1\PACKAGE_MANIFEST.csv","VERIFICATION",".csv","17812","5CED29C32D5B75BA9D7FCB1B382F0601F6E65148D560AD858252C1389BF517AD","ELIGIBLE"
"volumes\VOLUME_I_FOUNDATION\verification\MS-T1\README.md","VERIFICATION",".md","454","1BF6A3EAEFB5DE93139B2B9E37CC75206220B7F3F655DB91064D993FE0D6E6FC","ELIGIBLE"
"volumes\VOLUME_I_FOUNDATION\verification\MS-T1\TRIAL_REGISTER.csv","VERIFICATION",".csv","407","A228B12D8B1DC9587A24C4081EF3BFEF389A06C29CB46224A7FE2A3E6EA6545C","ELIGIBLE"
"volumes\VOLUME_I_FOUNDATION\verification\MS-T1\VERIFICATION_STATUS.md","VERIFICATION",".md","1235","B4188233A71D8FA8149106C079F509F601ED9B8350F3D070797308C24C7FA3A4","ELIGIBLE"
"volumes\VOLUME_I_FOUNDATION\verification\MS-T1\source_snapshot\CANONICAL_SOURCE_PACKET.md","VERIFICATION",".md","1059","1EF650200108ADD4C06719F292B29AF83205B855D7ACE5CE7B448F3278DB3100","ELIGIBLE"
"volumes\VOLUME_I_FOUNDATION\verification\MS-T1\source_snapshot\CANONICAL_THEOREM_PROFILE.json","VERIFICATION",".json","1522","6A40534E653D410B74CBAD19D9A9BFA9EA109C34097D93066930BAFC3F53DDBB","ELIGIBLE"
"volumes\VOLUME_I_FOUNDATION\verification\MS-T1\source_snapshot\CANONICAL_THEOREM_PROFILE.md","VERIFICATION",".md","955","7BD5A279D99BAD7E7A5711F9F69F3EA7177629EA80ECBE253FCAF0B8B2A20683","ELIGIBLE"
"volumes\VOLUME_I_FOUNDATION\verification\MS-T1\source_snapshot\PACKAGE_GENERATION_DECISION.md","VERIFICATION",".md","616","B83201CD616584BF7DB01A5DF92A80ED9536D1559F47993228E3A7D93F46F81B","ELIGIBLE"
"volumes\VOLUME_I_FOUNDATION\verification\MS-T1\source_snapshot\READINESS.md","VERIFICATION",".md","809","F18F8221CF18787CB705776CE9560AFC97330B4010536C937F477FDC86274A08","ELIGIBLE"
"volumes\VOLUME_I_FOUNDATION\verification\MS-T1\source_snapshot\SOURCE_DISCOVERY_MANIFEST.json","VERIFICATION",".json","853","F522C17325B46D6DA9CA94A3D459337527BEF2D7488B882D3D52334FB767778D","ELIGIBLE"
"volumes\VOLUME_I_FOUNDATION\verification\MS-T1\source_snapshot\SOURCE_MATCHES.csv","VERIFICATION",".csv","4900","7537E228FFC488DD7C471A832432B0C6C32D5CDB92CDB37C7F84330CB767E617","ELIGIBLE"
"volumes\VOLUME_I_FOUNDATION\verification\MS-T1\source_snapshot\SOURCE_REVIEW_REGISTER.csv","VERIFICATION",".csv","6166","0C2A3963A921B85EF4ECAE5F2F8DC4D0B167A3BE58DA66E8264D435DA859DFE9","ELIGIBLE"
"volumes\VOLUME_I_FOUNDATION\verification\MS-T1\source_snapshot\TARGET.json","VERIFICATION",".json","704","8A2EF88EDB3C76F3A92A8A83FBAE8C1C4F1A31D78990443A5D32E36DAFEB8BB5","ELIGIBLE"
"volumes\VOLUME_I_FOUNDATION\verification\MS-T1\source_snapshot\THEOREM_DEFINITION_GAPS.csv","VERIFICATION",".csv","938","D1D8030B76C51512319473482C216FF8640C10698FFE2A94550C7AB01551798F","ELIGIBLE"
"volumes\VOLUME_I_FOUNDATION\verification\MS-T1\source_snapshot\THEOREM_SOURCE_EVIDENCE_MATRIX.csv","VERIFICATION",".csv","6142","205B03269EF58B3411F50B755A36F6ED25B3E7F4D238FBB0EF69C562DA7195E9","ELIGIBLE"
"volumes\VOLUME_I_FOUNDATION\verification\MS-T1\trials\MS-T1-TRIAL-0001\CONDITION_EVALUATION_REGISTER.csv","VERIFICATION",".csv","8357","47F628C87A6DB262C5D26958F166E34AA00E166033AAFC665C18D303DE65FBB9","ELIGIBLE"
"volumes\VOLUME_I_FOUNDATION\verification\MS-T1\trials\MS-T1-TRIAL-0001\CONSTRAINT_EVALUATION_REGISTER.csv","VERIFICATION",".csv","2246","981E1000B58559D361AE7F9EE60C3A580AB03FAF36077D383D857A2DC416F54C","ELIGIBLE"
"volumes\VOLUME_I_FOUNDATION\verification\MS-T1\trials\MS-T1-TRIAL-0001\DECISION_REGISTER.csv","VERIFICATION",".csv","117","2619D5897A3D4A30B6E9E1DDC33007077B8DF40D468AEA9776712BD5BCBF7EED","ELIGIBLE"
"volumes\VOLUME_I_FOUNDATION\verification\MS-T1\trials\MS-T1-TRIAL-0001\EVIDENCE_CLASS_REGISTER.csv","VERIFICATION",".csv","719","BD312B048AA254EFFF3DF9047499ED1E8B31C6159A632B9D739D354FD440774D","ELIGIBLE"
"volumes\VOLUME_I_FOUNDATION\verification\MS-T1\trials\MS-T1-TRIAL-0001\EVIDENCE_INTAKE_PLAN.md","VERIFICATION",".md","1718","F70494FDE33C1361C3D52B073249C02CC9CF43BBD9357C74532362CBBA17B574","ELIGIBLE"
"volumes\VOLUME_I_FOUNDATION\verification\MS-T1\trials\MS-T1-TRIAL-0001\EVIDENCE_READINESS.json","VERIFICATION",".json","1060","EB005A7485655D5F77D5D1E1CD0478DCD5C5D83753DFDDE91D651F927BDCEB9C","ELIGIBLE"
"volumes\VOLUME_I_FOUNDATION\verification\MS-T1\trials\MS-T1-TRIAL-0001\EVIDENCE_REGISTER.csv","VERIFICATION",".csv","1953","6E24F7D483756A1048122006AB09BECAAEC041AF418735F298123C0AC50DCA79","ELIGIBLE"
"volumes\VOLUME_I_FOUNDATION\verification\MS-T1\trials\MS-T1-TRIAL-0001\EVIDENCE_REQUIREMENT_REGISTER.csv","VERIFICATION",".csv","1736","B8EC5B78468E70395A3C15E065EF5C13A374B4C44F9F5FD1D5E4B7EC6AEB6D16","ELIGIBLE"
"volumes\VOLUME_I_FOUNDATION\verification\MS-T1\trials\MS-T1-TRIAL-0001\EXECUTION_REGISTER.csv","VERIFICATION",".csv","118","31F773BF00CE2134821D1946592BD489D3FF12BE7FF5D97F39D6D4A3E637C11F","ELIGIBLE"
"volumes\VOLUME_I_FOUNDATION\verification\MS-T1\trials\MS-T1-TRIAL-0001\README.md","VERIFICATION",".md","615","16A38C66BD7E1A19C4C76828193DD7F0F485880358248553A139C1331134EC90","ELIGIBLE"
"volumes\VOLUME_I_FOUNDATION\verification\MS-T1\trials\MS-T1-TRIAL-0001\TRACE_REGISTER.csv","VERIFICATION",".csv","6105","27343F27077B4DBF04168C50777E06F5600648C92CBCCB45CBFC53E9DC3FD7E0","ELIGIBLE"
"volumes\VOLUME_I_FOUNDATION\verification\MS-T1\trials\MS-T1-TRIAL-0001\TRIAL_INTAKE.json","VERIFICATION",".json","1750","26B9D69905AC048316CE5263374AE6A6B3C62CA237B4E6AADC142F91DCA14042","ELIGIBLE"
"volumes\VOLUME_I_FOUNDATION\verification\MS-T1\trials\MS-T1-TRIAL-0001\TRIAL_STATE.json","VERIFICATION",".json","883","944000B8BCC36523A59E98925D9F0432725A918C3A43F42A26091FE1D29616DF","ELIGIBLE"
"volumes\VOLUME_I_FOUNDATION\verification\MS-T1\trials\MS-T1-TRIAL-0001\VERIFICATION_RESULT_REGISTER.csv","VERIFICATION",".csv","746","BB385760AFB51AB795795F830B451E46491E2A93BC9853C1F6CF66CFF3C082B8","ELIGIBLE"
"volumes\VOLUME_I_FOUNDATION\verification\MS-T1\trials\MS-T1-TRIAL-0001\assessment\CONDITION_EVALUATION_DECISION.json","VERIFICATION",".json","889","1BD0C3794FFEFA8ADAAD603FD84B2D65E149D5BF9CB6AB55D517419B897A46C8","ELIGIBLE"
"volumes\VOLUME_I_FOUNDATION\verification\MS-T1\trials\MS-T1-TRIAL-0001\assessment\CONDITION_EVALUATION_REPORT.md","VERIFICATION",".md","1372","EC44FC6423A2441BB74913910BCAE3C234EDDEA34E10DB01DFCA99192F22C0E3","ELIGIBLE"
"volumes\VOLUME_I_FOUNDATION\verification\MS-T1\trials\MS-T1-TRIAL-0001\assessment\CONSTRAINT_EVALUATION_DECISION.json","VERIFICATION",".json","1337","E402F573E3E4CB64A337B98709B9BF8A143A09C0E564EF7A4336DB7584C5BB65","ELIGIBLE"
"volumes\VOLUME_I_FOUNDATION\verification\MS-T1\trials\MS-T1-TRIAL-0001\assessment\CONSTRAINT_EVALUATION_REPORT.md","VERIFICATION",".md","2516","ABFAFBD4CD0A8B4114830D4BE01603F8B9E53383B42062BE23952330643E5998","ELIGIBLE"
"volumes\VOLUME_I_FOUNDATION\verification\MS-T1\trials\MS-T1-TRIAL-0001\assessment\EVIDENCE_ADMISSIBILITY_DECISION.json","VERIFICATION",".json","982","7C87467CEAF5368E57CE1EB079F55A498AF9A53C7DAF4A9CA11E7AE49D27BAA2","ELIGIBLE"
"volumes\VOLUME_I_FOUNDATION\verification\MS-T1\trials\MS-T1-TRIAL-0001\assessment\EVIDENCE_REVIEW_REGISTER.csv","VERIFICATION",".csv","1701","BFF1E5A178EB9C4AC26EDB5B1BFA3F5B2E6527DD1988D254A2FA3BC24E2F51E4","ELIGIBLE"
"volumes\VOLUME_I_FOUNDATION\verification\MS-T1\trials\MS-T1-TRIAL-0001\assessment\EVIDENCE_REVIEW_REPORT.md","VERIFICATION",".md","1747","741507A5D9B7D81DBAB9DCBAD5275D2CCF018B3FBB40769DC21B57A895629597","ELIGIBLE"
"volumes\VOLUME_I_FOUNDATION\verification\MS-T1\trials\MS-T1-TRIAL-0001\assessment\EXECUTION_GATE.json","VERIFICATION",".json","1105","C3B991506B166970B9CF7C373B6E459E378FB55416752AC87A355A7813AB7BC2","ELIGIBLE"
"volumes\VOLUME_I_FOUNDATION\verification\MS-T1\trials\MS-T1-TRIAL-0001\assessment\THEOREM_DECISION.json","VERIFICATION",".json","2534","0F7E789022C916080B7CE9853AFFB19DAA9402DD53AA05542C5903EA195C7B10","ELIGIBLE"
"volumes\VOLUME_I_FOUNDATION\verification\MS-T1\trials\MS-T1-TRIAL-0001\assessment\THEOREM_DECISION_REPORT.md","VERIFICATION",".md","2163","DF9300E4A61732FED9EB95038A7CCFC2751CB82E7765788983C570890F30FC26","ELIGIBLE"
"volumes\VOLUME_I_FOUNDATION\verification\MS-T1\trials\MS-T1-TRIAL-0001\authority_snapshot\CANONICAL_THEOREM_PROFILE.json","VERIFICATION",".json","1522","6A40534E653D410B74CBAD19D9A9BFA9EA109C34097D93066930BAFC3F53DDBB","ELIGIBLE"
"volumes\VOLUME_I_FOUNDATION\verification\MS-T1\trials\MS-T1-TRIAL-0001\authority_snapshot\PACKAGE_GENERATION_DECISION.md","VERIFICATION",".md","616","B83201CD616584BF7DB01A5DF92A80ED9536D1559F47993228E3A7D93F46F81B","ELIGIBLE"
"volumes\VOLUME_I_FOUNDATION\verification\MS-T1\trials\MS-T1-TRIAL-0001\authority_snapshot\TARGET.json","VERIFICATION",".json","704","8A2EF88EDB3C76F3A92A8A83FBAE8C1C4F1A31D78990443A5D32E36DAFEB8BB5","ELIGIBLE"
"volumes\VOLUME_I_FOUNDATION\verification\MS-T1\trials\MS-T1-TRIAL-0001\authority_snapshot\THEOREM_DEFINITION_GAPS.csv","VERIFICATION",".csv","938","D1D8030B76C51512319473482C216FF8640C10698FFE2A94550C7AB01551798F","ELIGIBLE"
"volumes\VOLUME_I_FOUNDATION\verification\MS-T1\trials\MS-T1-TRIAL-0001\authority_snapshot\THEOREM_SOURCE_EVIDENCE_MATRIX.csv","VERIFICATION",".csv","6142","205B03269EF58B3411F50B755A36F6ED25B3E7F4D238FBB0EF69C562DA7195E9","ELIGIBLE"
"volumes\VOLUME_I_FOUNDATION\verification\MS-T1\trials\MS-T1-TRIAL-0001\evidence\registered\EVIDENCE_INTEGRITY_MANIFEST.csv","VERIFICATION",".csv","1451","B3B48F61E53F7001400F5972B464270A311B1903091575910F583AD47D66A6E0","ELIGIBLE"
"volumes\VOLUME_I_FOUNDATION\verification\MS-T1\trials\MS-T1-TRIAL-0001\evidence\registered\EVIDENCE_REGISTRATION_REPORT.md","VERIFICATION",".md","1558","317CD8EE993E3208A4ACD82E966E3F6B79B18A8ECEDBEACE132A4A8841C6EE9A","ELIGIBLE"
"volumes\VOLUME_I_FOUNDATION\verification\MS-T1\trials\MS-T1-TRIAL-0001\evidence\registered\constraint\MS-T1-CONSTRAINT-0001.json","VERIFICATION",".json","2917","72A4EC86C9BB9B0114ABA0A154A43E1D1E446122B485B5F2C105D390D1BFE109","ELIGIBLE"
"volumes\VOLUME_I_FOUNDATION\verification\MS-T1\trials\MS-T1-TRIAL-0001\evidence\registered\input\MS-T1-INPUT-0001.json","VERIFICATION",".json","924","B4760FC2F5C45A42AF56CD7879FEA0D8FCC877971D69803284CD71623E0D437D","ELIGIBLE"
"volumes\VOLUME_I_FOUNDATION\verification\MS-T1\trials\MS-T1-TRIAL-0001\evidence\registered\output\MS-T1-OUTPUT-0001.json","VERIFICATION",".json","957","36BBACDA6E91671F5373771170D9DAC92B8EC42D39F5CEDE5636B69697155070","ELIGIBLE"
"volumes\VOLUME_I_FOUNDATION\verification\MS-T1\trials\MS-T1-TRIAL-0001\evidence\registered\trace\MS-T1-TRACE-0001.csv","VERIFICATION",".csv","1525","2E20C5EA21689B6710132B29C54176D795054212EF8890F99E2A3E968AA0692D","ELIGIBLE"
"volumes\VOLUME_I_FOUNDATION\verification\MS-T1\trials\MS-T1-TRIAL-0001\evidence\registered\uncertainty\MS-T1-UNCERTAINTY-0001.json","VERIFICATION",".json","1811","DCA10C9CA4D91821840A10B0C6BFCABF8F2B81D65484CCAD984E4C89B7F94CAC","ELIGIBLE"
"volumes\VOLUME_I_FOUNDATION\verification\MS-T1\trials\MS-T1-TRIAL-0001\evidence\_SUBMISSIONS\COLLECTION_REGISTER.csv","VERIFICATION",".csv","1285","5BB2C6F241EECCFEFDB68D0DD4DEB47F1980358306AB71E101081EA427455EB2","ELIGIBLE"
"volumes\VOLUME_I_FOUNDATION\verification\MS-T1\trials\MS-T1-TRIAL-0001\evidence\_SUBMISSIONS\EVIDENCE_COLLECTION_PLAN.md","VERIFICATION",".md","1187","2C6533193A71D60717A9D22D734EB4D5B051CBF7AF1D4645695BC7B2BB51D271","ELIGIBLE"
"volumes\VOLUME_I_FOUNDATION\verification\MS-T1\trials\MS-T1-TRIAL-0001\evidence\_SUBMISSIONS\EVIDENCE_REGISTRATION_TEMPLATE.csv","VERIFICATION",".csv","190","75475E954BCF6FA57FFBB18047C09EC49A5D29777DC8731100FF8A7E28562D6F","ELIGIBLE"
"volumes\VOLUME_I_FOUNDATION\verification\MS-T1\trials\MS-T1-TRIAL-0001\evidence\_SUBMISSIONS\README.md","VERIFICATION",".md","1252","5912ECDCD64C12033F16E9E89FC5392B2EC78101DAB6F56466CA4CD4E9CA71C4","ELIGIBLE"
"volumes\VOLUME_I_FOUNDATION\verification\MS-T1\trials\MS-T1-TRIAL-0001\evidence\_SUBMISSIONS\SUBMISSION_MANIFEST.csv","VERIFICATION",".csv","1934","770838C9A8F3CB841E23B2A3542A0C5411D5812D2C11CE85F9D04F689ECE2D7C","ELIGIBLE"
"volumes\VOLUME_I_FOUNDATION\verification\MS-T1\trials\MS-T1-TRIAL-0001\evidence\_SUBMISSIONS\SUBMISSION_STATUS.json","VERIFICATION",".json","657","4C12E3A9B08C0CF39AE1CBA3DA592F129BA1D793BC7FA9FABBAC4B77F47B6B5D","ELIGIBLE"
"volumes\VOLUME_I_FOUNDATION\verification\MS-T1\trials\MS-T1-TRIAL-0001\evidence\_SUBMISSIONS\constraints\CONSTRAINT_EVIDENCE_REQUEST.md","VERIFICATION",".md","728","52F00C3E7245068B9BAA04820BBCDAB61DC71004C3F1A6FAE8E3A2D16A64D361","ELIGIBLE"
"volumes\VOLUME_I_FOUNDATION\verification\MS-T1\trials\MS-T1-TRIAL-0001\evidence\_SUBMISSIONS\constraints\MS-T1-CONSTRAINT-0001.json","VERIFICATION",".json","2917","72A4EC86C9BB9B0114ABA0A154A43E1D1E446122B485B5F2C105D390D1BFE109","ELIGIBLE"
"volumes\VOLUME_I_FOUNDATION\verification\MS-T1\trials\MS-T1-TRIAL-0001\evidence\_SUBMISSIONS\input\INPUT_EVIDENCE_REQUEST.md","VERIFICATION",".md","934","7245866051FB1093801E36EECE6147775BA987CA6650410C24F02653FFF91E00","ELIGIBLE"
"volumes\VOLUME_I_FOUNDATION\verification\MS-T1\trials\MS-T1-TRIAL-0001\evidence\_SUBMISSIONS\input\MS-T1-INPUT-0001.json","VERIFICATION",".json","924","B4760FC2F5C45A42AF56CD7879FEA0D8FCC877971D69803284CD71623E0D437D","ELIGIBLE"
"volumes\VOLUME_I_FOUNDATION\verification\MS-T1\trials\MS-T1-TRIAL-0001\evidence\_SUBMISSIONS\output\MS-T1-OUTPUT-0001.json","VERIFICATION",".json","957","36BBACDA6E91671F5373771170D9DAC92B8EC42D39F5CEDE5636B69697155070","ELIGIBLE"
"volumes\VOLUME_I_FOUNDATION\verification\MS-T1\trials\MS-T1-TRIAL-0001\evidence\_SUBMISSIONS\output\OUTPUT_EVIDENCE_REQUEST.md","VERIFICATION",".md","640","CAA2DC3651D407B49A3A3C89755DF2ADEC214F1879DC2278DCD5EE16272C72B3","ELIGIBLE"
"volumes\VOLUME_I_FOUNDATION\verification\MS-T1\trials\MS-T1-TRIAL-0001\evidence\_SUBMISSIONS\trace\MS-T1-TRACE-0001.csv","VERIFICATION",".csv","1525","2E20C5EA21689B6710132B29C54176D795054212EF8890F99E2A3E968AA0692D","ELIGIBLE"
"volumes\VOLUME_I_FOUNDATION\verification\MS-T1\trials\MS-T1-TRIAL-0001\evidence\_SUBMISSIONS\trace\TRACE_EVIDENCE_REQUEST.md","VERIFICATION",".md","653","8E543A34262ABE112CACD8448954F472BE790D9D9E0E03684A1362AE2628DF35","ELIGIBLE"
"volumes\VOLUME_I_FOUNDATION\verification\MS-T1\trials\MS-T1-TRIAL-0001\evidence\_SUBMISSIONS\uncertainty\MS-T1-UNCERTAINTY-0001.json","VERIFICATION",".json","1811","DCA10C9CA4D91821840A10B0C6BFCABF8F2B81D65484CCAD984E4C89B7F94CAC","ELIGIBLE"
"volumes\VOLUME_I_FOUNDATION\verification\MS-T1\trials\MS-T1-TRIAL-0001\evidence\_SUBMISSIONS\uncertainty\UNCERTAINTY_EVIDENCE_REQUEST.md","VERIFICATION",".md","755","140BF3195E521239CF691D2E930168279A526723F032A17B41341EF4B9BEC4BE","ELIGIBLE"
"volumes\VOLUME_I_FOUNDATION\verification\MS-T1\trials\MS-T1-TRIAL-0001\release\PACKAGE_CLOSURE_REPORT.md","VERIFICATION",".md","1762","9918DBD68B358B675D2D8F38D75875687AD285BBB2910506BC5EB699303B1C1E","ELIGIBLE"
"volumes\VOLUME_I_FOUNDATION\verification\MS-T1\trials\MS-T1-TRIAL-0001\release\PUBLICATION_DECISION.json","VERIFICATION",".json","1336","31F2B71CA0BF89C4147DD3154122CB56D4C2B52421A581C7195F1A23467A770A","ELIGIBLE"
"volumes\VOLUME_I_FOUNDATION\verification\MS-T1\trials\MS-T1-TRIAL-0001\release\RELEASE_INTEGRITY.json","VERIFICATION",".json","648","89159FFABF5E41734571E1D89FE39AA7D460FF60314DD8D23E08E70A0641377B","ELIGIBLE"
"volumes\VOLUME_I_FOUNDATION\verification\MS-T1\trials\MS-T1-TRIAL-0001\release\RELEASE_MANIFEST.csv","VERIFICATION",".csv","2613","5A8E565B1CA74C37F2B1142F32A981BDAB29B5E96600FC15528706629038573E","ELIGIBLE"
"volumes\VOLUME_I_FOUNDATION\verification\MS-T1\trials\MS-T1-TRIAL-0001\release\VERIFICATION_STATEMENT.md","VERIFICATION",".md","1509","CACEC99FD267D2772B80A7722AD2915087FF077F37D07C2C037B7D24C8367D3D","ELIGIBLE"
"volumes\VOLUME_I_FOUNDATION\verification\MS-T1_GOVERNED_INITIATION_TRIAL\DATA_DICTIONARY.md","VERIFICATION",".md","2172","5DA5E820BAE0D96014859A97891E989B97C6001EE52448DDA468E1DCA8EB37B0","ELIGIBLE"
"volumes\VOLUME_I_FOUNDATION\verification\MS-T1_GOVERNED_INITIATION_TRIAL\DESIGN.md","VERIFICATION",".md","5864","8E7264C4811AC6009BF82F0BE031A655C20A72CBFF23BFF5FA43EF16A255E7BE","ELIGIBLE"
"volumes\VOLUME_I_FOUNDATION\verification\MS-T1_GOVERNED_INITIATION_TRIAL\DISPOSITION.md","VERIFICATION",".md","498","2B1F7EE1611FBCC52DBF6CE4A4F524EB027CCBC9499C612678F679E6EBB6600D","ELIGIBLE"
"volumes\VOLUME_I_FOUNDATION\verification\MS-T1_GOVERNED_INITIATION_TRIAL\LIMITATIONS.md","VERIFICATION",".md","595","78659398F5E85DF50745E57282A55FF765315E944780BB5DA8E5DFC40E54FB32","ELIGIBLE"
"volumes\VOLUME_I_FOUNDATION\verification\MS-T1_GOVERNED_INITIATION_TRIAL\OBSERVER_RESPONSES.csv","VERIFICATION",".csv","209","624B26AD883AE70A954EFD2FEDE89470E562DB6D336A5A13E0E477417D7BA512","ELIGIBLE"
"volumes\VOLUME_I_FOUNDATION\verification\MS-T1_GOVERNED_INITIATION_TRIAL\PROCEDURE.md","VERIFICATION",".md","3001","D3C415185AD62FD3F35E3D74676A0C853113E97D61F6E57E88346F86E22972C2","ELIGIBLE"
"volumes\VOLUME_I_FOUNDATION\verification\MS-T1_GOVERNED_INITIATION_TRIAL\REPRODUCIBILITY.md","VERIFICATION",".md","675","DDB2F126035B57C4AB5F1CC871115B970B37400DD98B9ECD4FBC86EA3330D608","ELIGIBLE"
"volumes\VOLUME_I_FOUNDATION\verification\MS-T1_GOVERNED_INITIATION_TRIAL\RESULTS.md","VERIFICATION",".md","696","7B970B8A73E2C4E3871FC5012745765D2A51C9986C5A4D66B16F61B7C443B65A","ELIGIBLE"
"volumes\VOLUME_I_FOUNDATION\verification\MS-T1_GOVERNED_INITIATION_TRIAL\SCORING_MODEL.md","VERIFICATION",".md","1429","E217614C4AA758DFDBB8D63DB237DDCF5C17B932EEFCE6D972678C2DF5A1DD4E","ELIGIBLE"
"volumes\VOLUME_I_FOUNDATION\verification\MS-T1_GOVERNED_INITIATION_TRIAL\SEMANTIC_ASSESSMENTS.csv","VERIFICATION",".csv","228","300FBA791EE13950C65B768D79B9F47D3B4AF539F604C4D62948DE2B613AA089","ELIGIBLE"
"volumes\VOLUME_I_FOUNDATION\verification\MS-T1_GOVERNED_INITIATION_TRIAL\TRIAL_CASES.csv","VERIFICATION",".csv","223","7369B940B68498282EEA89CECAC82B48069B2AB5B63DAA43CECCD87426BA636F","ELIGIBLE"
"volumes\VOLUME_I_FOUNDATION\verification\MS-T2_DEPENDENCY_PROPAGATION_TRIAL\DATA_DICTIONARY.md","VERIFICATION",".md","2822","2FF78195D675D69761FFAA0A2FBECCDE9286D9B5A5CD05D1EFFD702F7D5575C7","ELIGIBLE"
"volumes\VOLUME_I_FOUNDATION\verification\MS-T2_DEPENDENCY_PROPAGATION_TRIAL\DEPENDENCY_CHAINS.csv","VERIFICATION",".csv","202","7F5A003991A102650FFE6575AC6BEEFC3EDC8D02BFDFC055B4E8D2FFD17404F2","ELIGIBLE"
"volumes\VOLUME_I_FOUNDATION\verification\MS-T2_DEPENDENCY_PROPAGATION_TRIAL\DESIGN.md","VERIFICATION",".md","7000","2DD76D5DDDE65C67C72AF4C7BE1445AA0B8F2B220604CB7D7548B985E72C8816","ELIGIBLE"
"volumes\VOLUME_I_FOUNDATION\verification\MS-T2_DEPENDENCY_PROPAGATION_TRIAL\DISPOSITION.md","VERIFICATION",".md","526","A4A453746A17ED95378B44E62477D631B00A9F749F14AB32BB2BEA40F0ACBA4D","ELIGIBLE"
"volumes\VOLUME_I_FOUNDATION\verification\MS-T2_DEPENDENCY_PROPAGATION_TRIAL\DOWNSTREAM_ASSESSMENTS.csv","VERIFICATION",".csv","222","201D0A0EE2FD350F660E3ECB9171607497DA80566CF7FA3090B621E152249F24","ELIGIBLE"
"volumes\VOLUME_I_FOUNDATION\verification\MS-T2_DEPENDENCY_PROPAGATION_TRIAL\LIMITATIONS.md","VERIFICATION",".md","631","7E365BCB1F12F324CCADFADF4EB45CBCC23EB4EDD074E8BBEA56FEC0D788D495","ELIGIBLE"
"volumes\VOLUME_I_FOUNDATION\verification\MS-T2_DEPENDENCY_PROPAGATION_TRIAL\PROCEDURE.md","VERIFICATION",".md","3594","9952D7CC110ED8415F12B12211C672E3735E361FCD7D920DF1323BF9C693DDC1","ELIGIBLE"
"volumes\VOLUME_I_FOUNDATION\verification\MS-T2_DEPENDENCY_PROPAGATION_TRIAL\PROPAGATION_EVENTS.csv","VERIFICATION",".csv","226","5BE053EDC8F888E4D9897926D67BA6172B973386AF41CCB77799A73FADF686F9","ELIGIBLE"
"volumes\VOLUME_I_FOUNDATION\verification\MS-T2_DEPENDENCY_PROPAGATION_TRIAL\REPRODUCIBILITY.md","VERIFICATION",".md","792","4D89109D8AC2713AB6AB13989A2289A78C3EBC8B6512B6076D70BDF95EA9EAE3","ELIGIBLE"
"volumes\VOLUME_I_FOUNDATION\verification\MS-T2_DEPENDENCY_PROPAGATION_TRIAL\RESULTS.md","VERIFICATION",".md","834","2876EBBFF33AD72BAEA9CFDAA389C6EF2B9A10CFFF09471084934EE52D9A0A24","ELIGIBLE"
"volumes\VOLUME_I_FOUNDATION\verification\MS-T2_DEPENDENCY_PROPAGATION_TRIAL\SCORING_MODEL.md","VERIFICATION",".md","1604","A59592DDB9B34D2C4CCA5057E562A2DC78B2F05A2BCDBB08D04044054C0D1B2C","ELIGIBLE"
"volumes\VOLUME_I_FOUNDATION\verification\MS-T2_DEPENDENCY_PROPAGATION_TRIAL\TRIAL_CASES.csv","VERIFICATION",".csv","325","F9D7F57EF6A96BEC24B6DCB901071F956762C224E469748C5D8F651D391A8E59","ELIGIBLE"
"volumes\VOLUME_I_FOUNDATION\verification\MS-T3_CAPABILITY_AUTHORITY_SEPARATION_TRIAL\ACTION_DECISIONS.csv","VERIFICATION",".csv","413","216114B98C0538467B103052CD57B440C80226735C888AC4B585031BE70D0973","ELIGIBLE"
"volumes\VOLUME_I_FOUNDATION\verification\MS-T3_CAPABILITY_AUTHORITY_SEPARATION_TRIAL\AUTHORITY_ASSESSMENTS.csv","VERIFICATION",".csv","726","768142BC3CB84CC7ECCD4FAC3E3C7E745CCCC29ED6EEF985883EC883A3F3A30B","ELIGIBLE"
"volumes\VOLUME_I_FOUNDATION\verification\MS-T3_CAPABILITY_AUTHORITY_SEPARATION_TRIAL\AUTHORITY_ASSIGNMENTS.csv","VERIFICATION",".csv","440","3AED07F8731ABAD73814994D89D6D8BC5B2C051BB6901571209408150874E8E9","ELIGIBLE"
"volumes\VOLUME_I_FOUNDATION\verification\MS-T3_CAPABILITY_AUTHORITY_SEPARATION_TRIAL\AUTHORITY_SCENARIOS.csv","VERIFICATION",".csv","596","0EBC16FFB6B97D928EC8CD10F37507EC7C0A2258A4163BDD89E7794E298541F9","ELIGIBLE"
"volumes\VOLUME_I_FOUNDATION\verification\MS-T3_CAPABILITY_AUTHORITY_SEPARATION_TRIAL\DATA_DICTIONARY.md","VERIFICATION",".md","4053","1243FA6DF8D75F27914F6068782F7D0F2C6BF099CFC33B97A446F676D5408F68","ELIGIBLE"
"volumes\VOLUME_I_FOUNDATION\verification\MS-T3_CAPABILITY_AUTHORITY_SEPARATION_TRIAL\DESIGN.md","VERIFICATION",".md","8492","20A844CE9B448D8F26BCEAA1F4E7D2AFB21C671194C2C926EE9E2C4CF188C3FB","ELIGIBLE"
"volumes\VOLUME_I_FOUNDATION\verification\MS-T3_CAPABILITY_AUTHORITY_SEPARATION_TRIAL\DISPOSITION.md","VERIFICATION",".md","623","5706C3B42EBBA58FF0EAD9531C59131625A437669F237E3A26A8CA7A286DAB36","ELIGIBLE"
"volumes\VOLUME_I_FOUNDATION\verification\MS-T3_CAPABILITY_AUTHORITY_SEPARATION_TRIAL\LIMITATIONS.md","VERIFICATION",".md","656","8766297D0002574B9592BE861445B3ACB16331963DA09F00C958DB3D44B7035C","ELIGIBLE"
"volumes\VOLUME_I_FOUNDATION\verification\MS-T3_CAPABILITY_AUTHORITY_SEPARATION_TRIAL\PARTICIPANT_CAPABILITIES.csv","VERIFICATION",".csv","330","E86363A744A739F356978BA469EB7CA2061885B943B9BC371C675C9E40F08F33","ELIGIBLE"
"volumes\VOLUME_I_FOUNDATION\verification\MS-T3_CAPABILITY_AUTHORITY_SEPARATION_TRIAL\PROCEDURE.md","VERIFICATION",".md","4255","29667D77CCA0BC8BC4E1C87603707EEDD7720D69C89DBB98306DA3BBDB6D7FC6","ELIGIBLE"
"volumes\VOLUME_I_FOUNDATION\verification\MS-T3_CAPABILITY_AUTHORITY_SEPARATION_TRIAL\REPRODUCIBILITY.md","VERIFICATION",".md","792","1F9B836CA7247FD4076F65EC1EEBA945FE7B41EB660D154837B8DE57C3CE8F6F","ELIGIBLE"
"volumes\VOLUME_I_FOUNDATION\verification\MS-T3_CAPABILITY_AUTHORITY_SEPARATION_TRIAL\RESULTS.md","VERIFICATION",".md","1382","831D8F3A6F5178D3AB48FDC5312408AA12FCB9CF2BE5B4FF6587D638091BB83B","ELIGIBLE"
"volumes\VOLUME_I_FOUNDATION\verification\MS-T3_CAPABILITY_AUTHORITY_SEPARATION_TRIAL\SCORING_MODEL.md","VERIFICATION",".md","2201","9F3ED5F4EE99BD64CDDCA35266634B5D5661239AFE8DA3619EC36C419D78D410","ELIGIBLE"
"volumes\VOLUME_I_FOUNDATION\verification\MS-T4_DOMAIN_VERSION_RELATIVITY_TRIAL\DATA_DICTIONARY.md","VERIFICATION",".md","4400","E10ADE21FB28395FE46830441E24F55AB2C5711969E183906D318C4D806D4419","ELIGIBLE"
"volumes\VOLUME_I_FOUNDATION\verification\MS-T4_DOMAIN_VERSION_RELATIVITY_TRIAL\DESIGN.md","VERIFICATION",".md","7992","86BA5FDA1DFDB11EC56268F1C15B132D6515CA2B56FDAC76879516E367DDB2B9","ELIGIBLE"
"volumes\VOLUME_I_FOUNDATION\verification\MS-T4_DOMAIN_VERSION_RELATIVITY_TRIAL\DISPOSITION.md","VERIFICATION",".md","1302","1E5A3061073C723E0FEFC354336FF7D4F60139C91FFDB01333B2FD7ECCA17DC5","ELIGIBLE"
"volumes\VOLUME_I_FOUNDATION\verification\MS-T4_DOMAIN_VERSION_RELATIVITY_TRIAL\DOMAIN_PROFILES.csv","VERIFICATION",".csv","2427","A6A8E37D568FBD35286316D13F8662C8400D4518664B2FB49730E3212A5680AC","ELIGIBLE"
"volumes\VOLUME_I_FOUNDATION\verification\MS-T4_DOMAIN_VERSION_RELATIVITY_TRIAL\LIMITATIONS.md","VERIFICATION",".md","626","64E84660A35B1E9E6FB6819CABD7117884F53B3248319094B0567EAADE675ADE","ELIGIBLE"
"volumes\VOLUME_I_FOUNDATION\verification\MS-T4_DOMAIN_VERSION_RELATIVITY_TRIAL\OBSERVER_BASELINES.csv","VERIFICATION",".csv","534","308B0F55B8E08BC7086873C240733B58A06B1370AA12B95D8B0207285F4EAB96","ELIGIBLE"
"volumes\VOLUME_I_FOUNDATION\verification\MS-T4_DOMAIN_VERSION_RELATIVITY_TRIAL\PROCEDURE.md","VERIFICATION",".md","4413","1EE619922C320E708172578BE0E35168052DED7568FEE465FEB280183E6F2689","ELIGIBLE"
"volumes\VOLUME_I_FOUNDATION\verification\MS-T4_DOMAIN_VERSION_RELATIVITY_TRIAL\REPRODUCIBILITY.md","VERIFICATION",".md","761","4FC46E536885542815349471A7A350BDA0AEB0385E658EB5BF7787D383B1B367","ELIGIBLE"
"volumes\VOLUME_I_FOUNDATION\verification\MS-T4_DOMAIN_VERSION_RELATIVITY_TRIAL\RESULTS.md","VERIFICATION",".md","4168","A68C1C76CA3EC3467770EE6F17AA77652DD061CF066742C56BE543D6AD8B3D48","ELIGIBLE"
"volumes\VOLUME_I_FOUNDATION\verification\MS-T4_DOMAIN_VERSION_RELATIVITY_TRIAL\SCORING_MODEL.md","VERIFICATION",".md","1791","B2D380495AF9FF9B2AD69E818B882FD4B9C710A340BAB225D80A4EBCAFAE0898","ELIGIBLE"
"volumes\VOLUME_I_FOUNDATION\verification\MS-T4_DOMAIN_VERSION_RELATIVITY_TRIAL\TRANSFER_ASSESSMENTS.csv","VERIFICATION",".csv","10879","72A943351C5425129B4D508D1328A702F40FFB4B793A004C621560810428EA34","ELIGIBLE"
"volumes\VOLUME_I_FOUNDATION\verification\MS-T4_DOMAIN_VERSION_RELATIVITY_TRIAL\TRANSFER_CASES.csv","VERIFICATION",".csv","806","DE6FE27B6A5CB831D25661CA7BC21E2F65E47A1347036ADAB6810AC316DD3571","ELIGIBLE"
"volumes\VOLUME_I_FOUNDATION\verification\MS-T4_DOMAIN_VERSION_RELATIVITY_TRIAL\TRANSFER_RESPONSES.csv","VERIFICATION",".csv","1961","861BEEF43BA84F996D2B07D9DE71DD9592008D64EEADA259F6C06F4D9C4D4113","ELIGIBLE"
"volumes\VOLUME_I_FOUNDATION\verification\MS-T4_DOMAIN_VERSION_RELATIVITY_TRIAL\VERSION_PROFILES.csv","VERIFICATION",".csv","919","DBC7EEC196F857D702B67C9E937871185B6C6262C15BEB52CE6ED1CDB7463598","ELIGIBLE"
"volumes\VOLUME_I_FOUNDATION\verification\MS-T5_MATERIAL_CHANGE_REVALIDATION_TRIAL\DATA_DICTIONARY.md","VERIFICATION",".md","3992","F76FC9A7143B10147E9D1B46E08C773A033CAC85C83B7E925C8B28B30D22542E","ELIGIBLE"
"volumes\VOLUME_I_FOUNDATION\verification\MS-T5_MATERIAL_CHANGE_REVALIDATION_TRIAL\DESIGN.md","VERIFICATION",".md","7896","6B16FA75C20EE4A748720508923F0FA9A7967A38A011B61A5B81D9198A647375","ELIGIBLE"
"volumes\VOLUME_I_FOUNDATION\verification\MS-T5_MATERIAL_CHANGE_REVALIDATION_TRIAL\DISPOSITION.md","VERIFICATION",".md","1240","098516751A4EDE571A0B9FC66329428BB35E69686D8FBBF38EC9A16C61D08882","ELIGIBLE"
"volumes\VOLUME_I_FOUNDATION\verification\MS-T5_MATERIAL_CHANGE_REVALIDATION_TRIAL\LIMITATIONS.md","VERIFICATION",".md","625","29A64CDE16C6421F4DCA9BC3EA7EFA24619D1328566D3E718D3D1C6EF4A0127A","ELIGIBLE"
"volumes\VOLUME_I_FOUNDATION\verification\MS-T5_MATERIAL_CHANGE_REVALIDATION_TRIAL\MATERIAL_REVISIONS.csv","VERIFICATION",".csv","794","B74C3B1600C7EEC8AAF2CBFBCD32581536D385ADDD3F899D5E7B6E8AE2F32166","ELIGIBLE"
"volumes\VOLUME_I_FOUNDATION\verification\MS-T5_MATERIAL_CHANGE_REVALIDATION_TRIAL\OBSERVER_BASELINES.csv","VERIFICATION",".csv","644","FE2ECA8EBA09408C167B3E85C6C501C14C9584AAAACC7FBF2259D4A7A9485454","ELIGIBLE"
"volumes\VOLUME_I_FOUNDATION\verification\MS-T5_MATERIAL_CHANGE_REVALIDATION_TRIAL\POST_REVISION_RESPONSES.csv","VERIFICATION",".csv","1606","1DE8800412AA1F7FE72994A4538ECABEE018A259D3397998167CF0C7629187D5","ELIGIBLE"
"volumes\VOLUME_I_FOUNDATION\verification\MS-T5_MATERIAL_CHANGE_REVALIDATION_TRIAL\PROCEDURE.md","VERIFICATION",".md","3997","FF76CA2F090AE4AFC48B7294FE0530066194AF8F3D1E0926F79A705AF5EAB571","ELIGIBLE"
"volumes\VOLUME_I_FOUNDATION\verification\MS-T5_MATERIAL_CHANGE_REVALIDATION_TRIAL\REPRODUCIBILITY.md","VERIFICATION",".md","812","1E399C96C88D9C93B98D5601EAC7E5EB8853FD5F42A6EA71CEAF8090A23C0147","ELIGIBLE"
"volumes\VOLUME_I_FOUNDATION\verification\MS-T5_MATERIAL_CHANGE_REVALIDATION_TRIAL\RESULTS.md","VERIFICATION",".md","3331","F0BBB0131A3132D0150116047E6E7919470DDC99A2915C2A0A09EBC8A6AE7A81","ELIGIBLE"
"volumes\VOLUME_I_FOUNDATION\verification\MS-T5_MATERIAL_CHANGE_REVALIDATION_TRIAL\REVALIDATION_ASSESSMENTS.csv","VERIFICATION",".csv","8252","FA920F5892D4D914240DCAB10C7DAD808339FE7BD032547D642BC84BECE20FA6","ELIGIBLE"
"volumes\VOLUME_I_FOUNDATION\verification\MS-T5_MATERIAL_CHANGE_REVALIDATION_TRIAL\REVALIDATION_CASES.csv","VERIFICATION",".csv","1212","23E4BD44AEEF4D4A6C6EBC7A341994FB5AD14701CAA78D18CD50FACA5792EC9A","ELIGIBLE"
"volumes\VOLUME_I_FOUNDATION\verification\MS-T5_MATERIAL_CHANGE_REVALIDATION_TRIAL\SCORING_MODEL.md","VERIFICATION",".md","1743","A540082DA76431F3867DF75894FCD04616AC2236EC4FF85D01C1DC9AC6F6D8AF","ELIGIBLE"
"volumes\VOLUME_I_FOUNDATION\verification\MS-T6_UNCERTAINTY_NON_ERASURE_TRIAL\DATA_DICTIONARY.md","VERIFICATION",".md","3897","6D6AF3F9E01C06549CACE875DF7EBC1886309C1623FF577A98508D930AD60A25","ELIGIBLE"
"volumes\VOLUME_I_FOUNDATION\verification\MS-T6_UNCERTAINTY_NON_ERASURE_TRIAL\DESIGN.md","VERIFICATION",".md","8666","43ED6102688A9C71408FA227973257FB9D38D56569472B12E98E3D1B64816602","ELIGIBLE"
"volumes\VOLUME_I_FOUNDATION\verification\MS-T6_UNCERTAINTY_NON_ERASURE_TRIAL\DISPOSITION.md","VERIFICATION",".md","1411","04D253430ACAD69B715F2A08C267F97F963E52B23647C11FC0648DFA50000E87","ELIGIBLE"
"volumes\VOLUME_I_FOUNDATION\verification\MS-T6_UNCERTAINTY_NON_ERASURE_TRIAL\LIMITATIONS.md","VERIFICATION",".md","611","6C5CFE719B2F065063BA59DB2F2D3B6C32395869FC14B15545283124FDB52A75","ELIGIBLE"
"volumes\VOLUME_I_FOUNDATION\verification\MS-T6_UNCERTAINTY_NON_ERASURE_TRIAL\OBSERVER_RESPONSES.csv","VERIFICATION",".csv","1281","D0EA74DECB309985E3C38DEB33C31503D2909D63BE171F6257CC4C5AE3693B83","ELIGIBLE"
"volumes\VOLUME_I_FOUNDATION\verification\MS-T6_UNCERTAINTY_NON_ERASURE_TRIAL\PROCEDURE.md","VERIFICATION",".md","4421","2085D4AB0FB0571418FFED177F5ED3404E2E15378D6092C9732E255627A0D873","ELIGIBLE"
"volumes\VOLUME_I_FOUNDATION\verification\MS-T6_UNCERTAINTY_NON_ERASURE_TRIAL\REPRODUCIBILITY.md","VERIFICATION",".md","838","2B2C7515E64A8C0AD71452400AC60E314DDE5CF7B8754EFCCA80112B8185CC2C","ELIGIBLE"
"volumes\VOLUME_I_FOUNDATION\verification\MS-T6_UNCERTAINTY_NON_ERASURE_TRIAL\RESULTS.md","VERIFICATION",".md","3082","E5ACE3BF1B568147D9BA00F98AD2FD5ED1E23788DCDCB8CE5516691E73B1EE1E","ELIGIBLE"
"volumes\VOLUME_I_FOUNDATION\verification\MS-T6_UNCERTAINTY_NON_ERASURE_TRIAL\SCORING_MODEL.md","VERIFICATION",".md","1919","DAF489475918A0EE52577E39819C04E2FB6056F91120F1CF3682ED62D674E040","ELIGIBLE"
"volumes\VOLUME_I_FOUNDATION\verification\MS-T6_UNCERTAINTY_NON_ERASURE_TRIAL\SOURCE_UNCERTAINTY_STATES.csv","VERIFICATION",".csv","895","D14494D167D832D875E9A6F02E8638C13A6F192E766C2F7827804778171348A1","ELIGIBLE"
"volumes\VOLUME_I_FOUNDATION\verification\MS-T6_UNCERTAINTY_NON_ERASURE_TRIAL\UNCERTAINTY_ASSESSMENTS.csv","VERIFICATION",".csv","7848","E2504BCBB57D140B937E43A593D2742EA81E2BB09FADD94FF3E0E5712790E641","ELIGIBLE"
"volumes\VOLUME_I_FOUNDATION\verification\MS-T6_UNCERTAINTY_NON_ERASURE_TRIAL\UNCERTAINTY_CASES.csv","VERIFICATION",".csv","1049","6ABE6E8B96C7D5DC984117462FBB681851354E39B97495C0A6AED27EFCF7ED9F","ELIGIBLE"
"volumes\VOLUME_I_FOUNDATION\verification\MS-T6_UNCERTAINTY_NON_ERASURE_TRIAL\UNCERTAINTY_TRANSFORMATIONS.csv","VERIFICATION",".csv","910","91A4A7A822146BD46099BF3E1532BD175494FA2D4D701FCC3C6A3EF6FF0BA449","ELIGIBLE"
"volumes\VOLUME_I_FOUNDATION\verification\MS-T7_SCOPE_NON_EXPANSION_TRIAL\DATA_DICTIONARY.md","VERIFICATION",".md","4031","344D9F7E2C5D141398A563DC05CE9D03B899E8558D8D37E4D3547F9F10323F96","ELIGIBLE"
"volumes\VOLUME_I_FOUNDATION\verification\MS-T7_SCOPE_NON_EXPANSION_TRIAL\DESIGN.md","VERIFICATION",".md","8831","6364093C4B0F4C28E29DB6349846F2E76D3F3E4075455A0EAC0E57F9695FACDA","ELIGIBLE"
"volumes\VOLUME_I_FOUNDATION\verification\MS-T7_SCOPE_NON_EXPANSION_TRIAL\DISPOSITION.md","VERIFICATION",".md","1444","F697DB066A0C7B6CF471FD7A6921036DD3B4013292CC66A97A88ADCD5BDF6D45","ELIGIBLE"
"volumes\VOLUME_I_FOUNDATION\verification\MS-T7_SCOPE_NON_EXPANSION_TRIAL\INTERPRETATION_CASES.csv","VERIFICATION",".csv","1210","73ED7AB1E92574AB61CE6A70B5456A26A82F83D390E54F385B32AF1EACA64B7F","ELIGIBLE"
"volumes\VOLUME_I_FOUNDATION\verification\MS-T7_SCOPE_NON_EXPANSION_TRIAL\LIMITATIONS.md","VERIFICATION",".md","610","0141450B63831BCDFF475C4D209F5C2F7E5D8862C9C61756B3AF101CEAD69CFA","ELIGIBLE"
"volumes\VOLUME_I_FOUNDATION\verification\MS-T7_SCOPE_NON_EXPANSION_TRIAL\OBSERVER_RESPONSES.csv","VERIFICATION",".csv","2879","2290F73F51FA89060D4B2192D9BBA4837375AC65C10703B6112F458AE0AD4C9A","ELIGIBLE"
"volumes\VOLUME_I_FOUNDATION\verification\MS-T7_SCOPE_NON_EXPANSION_TRIAL\PROCEDURE.md","VERIFICATION",".md","4310","094F3682521756E4C22D1374B2284CC0EBA75FD16012319C44A6E96707B66951","ELIGIBLE"
"volumes\VOLUME_I_FOUNDATION\verification\MS-T7_SCOPE_NON_EXPANSION_TRIAL\REPRODUCIBILITY.md","VERIFICATION",".md","833","F340B98D82FA0E11B8686302EE43E516AE0221A9FDF50388C084F1C544D32247","ELIGIBLE"
"volumes\VOLUME_I_FOUNDATION\verification\MS-T7_SCOPE_NON_EXPANSION_TRIAL\RESULTS.md","VERIFICATION",".md","3471","FCED30EB62E60489EC6499A25772D8CB3403EE52F1FB425FC089019068D60AB8","ELIGIBLE"
"volumes\VOLUME_I_FOUNDATION\verification\MS-T7_SCOPE_NON_EXPANSION_TRIAL\SCOPE_ASSESSMENTS.csv","VERIFICATION",".csv","8626","999DAC37AFFBFBE7824AFD6A1EF61C2D6FEA557B0856EE89EBAEA3CAEC13525C","ELIGIBLE"
"volumes\VOLUME_I_FOUNDATION\verification\MS-T7_SCOPE_NON_EXPANSION_TRIAL\SCOPE_PROFILES.csv","VERIFICATION",".csv","3330","F25E1A50E8D3EFFB0AD2E6F25FC3D9DF810CA207F85776CDC7DB17BE9D9F0B4F","ELIGIBLE"
"volumes\VOLUME_I_FOUNDATION\verification\MS-T7_SCOPE_NON_EXPANSION_TRIAL\SCORING_MODEL.md","VERIFICATION",".md","2287","C4BB99B8E1B81E2EEAC6E7718A88930EEED0861D1B54B825103C7EEBB5E4785A","ELIGIBLE"
"volumes\VOLUME_I_FOUNDATION\verification\MS-T7_SCOPE_NON_EXPANSION_TRIAL\SOURCE_CLAIMS.csv","VERIFICATION",".csv","1388","6A827DD5B8192538D5DCCBE36AC0FBC1DFBE93429C57BBE0927B7CE4DBE36C52","ELIGIBLE"
"volumes\VOLUME_I_FOUNDATION\verification\MS-T8_TRACEABILITY_RECONSTRUCTION_TRIAL\CANONICAL_OBJECTS.csv","VERIFICATION",".csv","359","9695625F349DA2A8EBF4ED319862FB151D3EABC61D4BC3C06D973287E3E72697","ELIGIBLE"
"volumes\VOLUME_I_FOUNDATION\verification\MS-T8_TRACEABILITY_RECONSTRUCTION_TRIAL\DATA_DICTIONARY.md","VERIFICATION",".md","4739","7FD669C52BB60CB67B40A19256B15D819AEE1349FF51C5049296CFCC5301275A","ELIGIBLE"
"volumes\VOLUME_I_FOUNDATION\verification\MS-T8_TRACEABILITY_RECONSTRUCTION_TRIAL\DESIGN.md","VERIFICATION",".md","9010","7EC21C6802A9DCEBC581319B67582773B267259FC732E2E8F22493362B22C1FC","ELIGIBLE"
"volumes\VOLUME_I_FOUNDATION\verification\MS-T8_TRACEABILITY_RECONSTRUCTION_TRIAL\DISPOSITION.md","VERIFICATION",".md","2072","20EBD226684653E7F90720A00D90BD318B713895A6E22F181E093743EF96FC2F","ELIGIBLE"
"volumes\VOLUME_I_FOUNDATION\verification\MS-T8_TRACEABILITY_RECONSTRUCTION_TRIAL\EVIDENCE_REFERENCES.csv","VERIFICATION",".csv","779","2FA8C204AF4B211B55AE764B701ED22275DCA36B9D89A5B3E83066920025D263","ELIGIBLE"
"volumes\VOLUME_I_FOUNDATION\verification\MS-T8_TRACEABILITY_RECONSTRUCTION_TRIAL\LIMITATIONS.md","VERIFICATION",".md","632","59061E5A3E77EAB2D9826B1751FA721E72BFBFA559AB0DB840CA9C1B0E192829","ELIGIBLE"
"volumes\VOLUME_I_FOUNDATION\verification\MS-T8_TRACEABILITY_RECONSTRUCTION_TRIAL\PROCEDURE.md","VERIFICATION",".md","4492","EAE921C896C777CBB31AE55D212EC4BAE8A2C89EFE8AF2848F1893518546C4C3","ELIGIBLE"
"volumes\VOLUME_I_FOUNDATION\verification\MS-T8_TRACEABILITY_RECONSTRUCTION_TRIAL\RECONSTRUCTION_CASES.csv","VERIFICATION",".csv","1044","9F72601AE86B05C51B6FD2711B99D15328B7113421258572618B3DB865F28626","ELIGIBLE"
"volumes\VOLUME_I_FOUNDATION\verification\MS-T8_TRACEABILITY_RECONSTRUCTION_TRIAL\RECONSTRUCTION_RESPONSES.csv","VERIFICATION",".csv","1047","4DB558E55297074B2845C1F49AD10E093A6D5884466BEA6CBE123766287B124E","ELIGIBLE"
"volumes\VOLUME_I_FOUNDATION\verification\MS-T8_TRACEABILITY_RECONSTRUCTION_TRIAL\REPRODUCIBILITY.md","VERIFICATION",".md","898","69AB037A98006DBBC15A80456A4653152F37FB0A91F6B3F0C155284AAE0650CA","ELIGIBLE"
"volumes\VOLUME_I_FOUNDATION\verification\MS-T8_TRACEABILITY_RECONSTRUCTION_TRIAL\RESULTS.md","VERIFICATION",".md","4596","8CEB59A3E484132C9B9CE44F69F0111B5058F55571D950227C74A257A0219B08","ELIGIBLE"
"volumes\VOLUME_I_FOUNDATION\verification\MS-T8_TRACEABILITY_RECONSTRUCTION_TRIAL\SCORING_MODEL.md","VERIFICATION",".md","2355","B5A9097B22119B30AE928AC80CE031B023FF161BE46AC98AE588C86C2E9D75A2","ELIGIBLE"
"volumes\VOLUME_I_FOUNDATION\verification\MS-T8_TRACEABILITY_RECONSTRUCTION_TRIAL\TRACEABILITY_ASSESSMENTS.csv","VERIFICATION",".csv","10271","354494B378F9372AEF9C85736F9F702BB6E4073FE17EC9A3EEFC75DD335680BB","ELIGIBLE"
"volumes\VOLUME_I_FOUNDATION\verification\MS-T8_TRACEABILITY_RECONSTRUCTION_TRIAL\TRACEABILITY_CHAINS.csv","VERIFICATION",".csv","1208","02A81EB85DC51C0D5522C9E85B1AACF6CBAB3F67625AA0C5286029D3FE7FD0CA","ELIGIBLE"
"volumes\VOLUME_I_FOUNDATION\verification\MS-T9_STEWARDSHIP_CONTINUITY_TRIAL\CONTINUITY_ASSESSMENTS.csv","VERIFICATION",".csv","13078","923415BA6377209BB472A234340A4EBB5A99257F9CF70AFC75AAF65296B64E5A","ELIGIBLE"
"volumes\VOLUME_I_FOUNDATION\verification\MS-T9_STEWARDSHIP_CONTINUITY_TRIAL\CONTINUITY_CASES.csv","VERIFICATION",".csv","1576","28E8050CF07D635F1343AB5824E27343A77FF48B38FDB4FDADD3FEC92474DD78","ELIGIBLE"
"volumes\VOLUME_I_FOUNDATION\verification\MS-T9_STEWARDSHIP_CONTINUITY_TRIAL\DATA_DICTIONARY.md","VERIFICATION",".md","4860","B71B4CA2C4A9D943E4064920AA346E6102E5DB0855B7F743149DE889CA29A448","ELIGIBLE"
"volumes\VOLUME_I_FOUNDATION\verification\MS-T9_STEWARDSHIP_CONTINUITY_TRIAL\DESIGN.md","VERIFICATION",".md","9596","3DF32EA1C3B7A17BE72F2B1458C495D8B6D6813A2BED67FAE545579AA0B6BB86","ELIGIBLE"
"volumes\VOLUME_I_FOUNDATION\verification\MS-T9_STEWARDSHIP_CONTINUITY_TRIAL\DISPOSITION.md","VERIFICATION",".md","1240","EE43F625EE7FF7F4474E04B6FBA778CBC30877CA297B79F798BC3270FA171683","ELIGIBLE"
"volumes\VOLUME_I_FOUNDATION\verification\MS-T9_STEWARDSHIP_CONTINUITY_TRIAL\GOVERNED_OBJECTS.csv","VERIFICATION",".csv","553","FAA51B2D8709E0DECFA07D66A2199A706A5D84797DA571578852A448C41A3680","ELIGIBLE"
"volumes\VOLUME_I_FOUNDATION\verification\MS-T9_STEWARDSHIP_CONTINUITY_TRIAL\LIMITATIONS.md","VERIFICATION",".md","653","6081FF8A423462581BD2EC28179E8BBFA54776DD8704B2BDFC3CC3D5EB7EEB44","ELIGIBLE"
"volumes\VOLUME_I_FOUNDATION\verification\MS-T9_STEWARDSHIP_CONTINUITY_TRIAL\PROCEDURE.md","VERIFICATION",".md","4729","19181EA0C8250F7DE41F9392AE609DCD7AD8AB126C76671E6E3F5963C7A6FCA6","ELIGIBLE"
"volumes\VOLUME_I_FOUNDATION\verification\MS-T9_STEWARDSHIP_CONTINUITY_TRIAL\REPRODUCIBILITY.md","VERIFICATION",".md","917","90F07F1D724AAD1D1448DF01571C4830317F1858A211A56C050F11592C7D6308","ELIGIBLE"
"volumes\VOLUME_I_FOUNDATION\verification\MS-T9_STEWARDSHIP_CONTINUITY_TRIAL\RESULTS.md","VERIFICATION",".md","2277","F59659801360F23BC8696E7E9449C119530D47FB2BAF69CFC1C0FC2DBD9F6148","ELIGIBLE"
"volumes\VOLUME_I_FOUNDATION\verification\MS-T9_STEWARDSHIP_CONTINUITY_TRIAL\SCORING_MODEL.md","VERIFICATION",".md","2304","B419BBB92504D9AC637B23C1DC14C9EF8F7A0FE563BEDB837747B55108D5281A","ELIGIBLE"
"volumes\VOLUME_I_FOUNDATION\verification\MS-T9_STEWARDSHIP_CONTINUITY_TRIAL\STEWARDSHIP_TRANSFERS.csv","VERIFICATION",".csv","1376","8B5363074F57B6CC5F74B577D244B7C2213E84BD836D70911152E2C3F81FA1A6","ELIGIBLE"
"volumes\VOLUME_I_FOUNDATION\verification\MS-T9_STEWARDSHIP_CONTINUITY_TRIAL\STEWARD_PROFILES.csv","VERIFICATION",".csv","897","2BF67700CFADED860E08D5C73473C946782C65C1D7F2E0703B493BE0CA5C26F3","ELIGIBLE"
"volumes\VOLUME_I_FOUNDATION\verification\MS-T9_STEWARDSHIP_CONTINUITY_TRIAL\SUCCESSOR_RESPONSES.csv","VERIFICATION",".csv","2231","412DCE598967091F53DB204016A75243DA198ED26093FC0C540E7415A5CA4A57","ELIGIBLE"
"volumes\VOLUME_I_FOUNDATION\verification\readiness\MS-T1_T2_COLLECTION_PACKET_MANIFEST.json","VERIFICATION",".json","111035","CB4A4788A345A12B5C93F73AF658345EEE038072298ADD5BD0BEE984EF70DEAD","ELIGIBLE"
"volumes\VOLUME_I_FOUNDATION\verification\readiness\MS-T1_T2_COLLECTION_PACKET_REGISTER.csv","VERIFICATION",".csv","5392","3A90CF3791B961E6489A8670D9D6EFFBB284FBDD9FA8F4B99FF0C2E83358FBF6","ELIGIBLE"
"volumes\VOLUME_I_FOUNDATION\verification\readiness\MS-T1_T2_COLLECTION_PACKET_REPORT.md","VERIFICATION",".md","1417","2F5C2FA11667BC9E7C8959DE1814D328457D436440C83CB551D12315454D63B2","ELIGIBLE"
"volumes\VOLUME_I_FOUNDATION\verification\readiness\MS-T1_T2_CONTROLLED_EXECUTION_HARNESS.md","VERIFICATION",".md","3076","3F2F40C84BB13BCA1259D5801353DFA3EE8495A05278B66F87AF7CA71FBAB060","ELIGIBLE"
"volumes\VOLUME_I_FOUNDATION\verification\readiness\MS-T1_T2_CSV_READINESS_REGISTER.csv","VERIFICATION",".csv","1949","1E4084439484F1587A3B25339113900B4A66BE710F337D8A190B0C6FE70A7EED","ELIGIBLE"
"volumes\VOLUME_I_FOUNDATION\verification\readiness\MS-T1_T2_EXACT_ENTRY_BLUEPRINT.md","VERIFICATION",".md","59110","602BA54FD2D82C603A2B7DF098839A08F40107AA725C649506CEA8A012CE4266","ELIGIBLE"
"volumes\VOLUME_I_FOUNDATION\verification\readiness\MS-T1_T2_EXECUTION_CONTROL_REGISTER.csv","VERIFICATION",".csv","1498","A0DF240A5DD9A60DF56D4FC379BD16F8286D92A1D24589753AD8221773AEB089","ELIGIBLE"
"volumes\VOLUME_I_FOUNDATION\verification\readiness\MS-T1_T2_EXECUTION_ENTRY_REGISTER.csv","VERIFICATION",".csv","973","B5C182DBBF07E0DEF98865DD29AA95F0D9D5086FD3E5B32CCC025CBBF9161CAE","ELIGIBLE"
"volumes\VOLUME_I_FOUNDATION\verification\readiness\MS-T1_T2_EXECUTION_FILE_REGISTER.csv","VERIFICATION",".csv","2635","9291F58819773663FE1857906A6A646DC7F4D54316A1D284C5EACA23807BEB1E","ELIGIBLE"
"volumes\VOLUME_I_FOUNDATION\verification\readiness\MS-T1_T2_EXECUTION_GATE_REGISTER.csv","VERIFICATION",".csv","271","74022FF14BC6AE78963D6A485A23162134B17287DC1A7F87CB457575BCCD7842","ELIGIBLE"
"volumes\VOLUME_I_FOUNDATION\verification\readiness\MS-T1_T2_EXECUTION_PLAN.csv","VERIFICATION",".csv","1182","546A5698D0A893D2811561534C7196B53F30D77FB4A17B1A82109A075DFCD6CC","ELIGIBLE"
"volumes\VOLUME_I_FOUNDATION\verification\readiness\MS-T1_T2_EXECUTION_READINESS.json","VERIFICATION",".json","21378","1D9F81F611A249DE6E0567CD1C8FF9D517B60FEB9F01BB7E2572A9379F0A832A","ELIGIBLE"
"volumes\VOLUME_I_FOUNDATION\verification\readiness\MS-T1_T2_EXECUTION_READINESS.md","VERIFICATION",".md","2638","BBEBF861A0107B485F6B4280460529808A6A73A9C51E12E14C097360601748F9","ELIGIBLE"
"volumes\VOLUME_I_FOUNDATION\verification\readiness\MS-T1_T2_EXECUTION_REQUIREMENT_REGISTER.csv","VERIFICATION",".csv","3","F1945CD6C19E56B3C1C78943EF5EC18116907A4CA1EFC40A57D48AB1DB7ADFC5","ELIGIBLE"
"volumes\VOLUME_I_FOUNDATION\verification\readiness\MS-T1_T2_EXECUTION_SPECIFICATION.json","VERIFICATION",".json","306","0E20DA401A081679D437E42566439955EF56AF62C6799486F26721A4B0597768","ELIGIBLE"
"volumes\VOLUME_I_FOUNDATION\verification\readiness\MS-T1_T2_EXECUTION_SPECIFICATION.md","VERIFICATION",".md","2460","7FCF42554F7573D38770E596A2AA3DE8448C1D4442C0A31270AAD6E1EFC55D86","ELIGIBLE"
"volumes\VOLUME_I_FOUNDATION\verification\readiness\MS-T1_T2_EXECUTION_STAGE_REGISTER.csv","VERIFICATION",".csv","1317","1AAFA638D69C75D1283244F42D2956EECAD244E887E50D91D69266664D30E1C6","ELIGIBLE"
"volumes\VOLUME_I_FOUNDATION\verification\readiness\MS-T1_T2_EXECUTION_VALIDATION.json","VERIFICATION",".json","11014","4BF0E28AB7B1A91251A103207003ECCAB5AFFA974F9D19F10828A6AA0CBBD82A","ELIGIBLE"
"volumes\VOLUME_I_FOUNDATION\verification\readiness\MS-T1_T2_EXECUTION_VALIDATION_REGISTER.csv","VERIFICATION",".csv","1215","F13E1E4AD8E6F2A3F2F7D515ED68F0D031E02E16F38AB123D8292B928833A60A","ELIGIBLE"
"volumes\VOLUME_I_FOUNDATION\verification\readiness\MS-T1_T2_EXECUTION_WORKSPACE_MANIFEST.json","VERIFICATION",".json","19638","47128C8CCFBE8E0DBAD57630284CC78125DFFA58579CAD2964929DBF616E1F81","ELIGIBLE"
"volumes\VOLUME_I_FOUNDATION\verification\readiness\MS-T1_T2_EXECUTION_WORKSPACE_REGISTER.csv","VERIFICATION",".csv","578","611CDC2AA84544B6A23BE3B5825DD2A7721062D85C3C29F94162F6600B6F70D0","ELIGIBLE"
"volumes\VOLUME_I_FOUNDATION\verification\readiness\MS-T1_T2_EXECUTION_WORKSPACE_REPORT.md","VERIFICATION",".md","2274","E71FC4BE2FDD821E8A85AC3F6E7BA09245ACE3D6377834EAC6FC4B13ECA8299D","ELIGIBLE"
"volumes\VOLUME_I_FOUNDATION\verification\readiness\MS-T1_T2_FIELD_AUTHORITY_REGISTER.csv","VERIFICATION",".csv","14941","0A8AC9C3E9A3EBD8F00C059E0DA97B92ED0734472AF7FE5094B16A8160F05E19","ELIGIBLE"
"volumes\VOLUME_I_FOUNDATION\verification\readiness\MS-T1_T2_MISSING_FIELD_REGISTER.csv","VERIFICATION",".csv","2012","D4C7D5DCFA11D4A4728A67E261731C4FC2479F34084186603449B3941AEF272A","ELIGIBLE"
"volumes\VOLUME_I_FOUNDATION\verification\readiness\MS-T1_T2_MISSING_VALUE_WORKLIST.csv","VERIFICATION",".csv","14149","B3A496D94C95DF9F1C8341E0C53AF5B0BDAEB18F60B0E212994451725BE91E26","ELIGIBLE"
"volumes\VOLUME_I_FOUNDATION\verification\readiness\MS-T1_T2_SCHEMA_AND_RULE_REGISTER.csv","VERIFICATION",".csv","51140","08F5764049801C42F8F9061A07043CCC20CA15CF79C4DD3610E2D088F9844942","ELIGIBLE"
"volumes\VOLUME_I_FOUNDATION\verification\readiness\MS-T1_T2_SCHEMA_AND_RULE_REGISTER.md","VERIFICATION",".md","29054","2CBF46401017502915958273048E97BD1828FD1539D3D085F51F338FA0347DA7","ELIGIBLE"
"volumes\VOLUME_I_FOUNDATION\verification\readiness\MS-T1_T2_TRIAL_READINESS_REGISTER.csv","VERIFICATION",".csv","442","CF7DCDD8ADCD64DBFE01B425B1D511CF595761E688330A70BCB3511EB9080891","ELIGIBLE"
"volumes\VOLUME_I_FOUNDATION\verification\readiness\BATCH_EXECUTION\BATCH_A\BATCH_A_TRANSACTION_GOVERNANCE.md","VERIFICATION",".md","1495","4A082417F6D12CC52A945DE6D01883888FF78ACBF713B311803A8ABD82375BF4","ELIGIBLE"
"volumes\VOLUME_I_FOUNDATION\verification\readiness\BATCH_EXECUTION\BATCH_A\Engine\Invoke-BatchAStage3ProposalEngine.ps1","VERIFICATION",".ps1","11671","3FA3D68DB5A585C92EBCC4BC26C3869A723DCB473BC9EF6378E8D723ACBFD165","ELIGIBLE"
"volumes\VOLUME_I_FOUNDATION\verification\readiness\BATCH_EXECUTION\BATCH_A\Reports\BATCH_A_FINAL_VERIFICATION.json","VERIFICATION",".json","2429","600CDB259F19AAE985F37CDBD8876D05CCD0F3F953A55E65E1DFB887AB77EAA9","ELIGIBLE"
"volumes\VOLUME_I_FOUNDATION\verification\readiness\BATCH_EXECUTION\BATCH_A\Reports\BATCH_A_PROPOSAL_REPORT.csv","VERIFICATION",".csv","7934","121E86A2000A9469B90AFB301384E63BB4659695AC40C21D2D946A730462E25C","ELIGIBLE"
"volumes\VOLUME_I_FOUNDATION\verification\readiness\BATCH_EXECUTION\BATCH_A\Reports\BATCH_A_STAGE_0_VERIFICATION.json","VERIFICATION",".json","2736","E5D3DA1C1417F0A614B553B80502DE6EE158B4C48D465EA288FBAE34A352E0E1","ELIGIBLE"
"volumes\VOLUME_I_FOUNDATION\verification\readiness\BATCH_EXECUTION\BATCH_A\Reports\BATCH_A_STAGE_3_STATUS.json","VERIFICATION",".json","686","B44374BD6A4B01CF4DF05257610FBCCA9EA6C9D64EAF76C8AF206B61387F76BE","ELIGIBLE"
"volumes\VOLUME_I_FOUNDATION\verification\readiness\BATCH_EXECUTION\BATCH_A\Reports\BATCH_A_STATUS_LATEST.json","VERIFICATION",".json","2429","600CDB259F19AAE985F37CDBD8876D05CCD0F3F953A55E65E1DFB887AB77EAA9","ELIGIBLE"
"volumes\VOLUME_I_FOUNDATION\verification\readiness\BATCH_EXECUTION\BATCH_A\Reports\BATCH_A_UNRESOLVED_WORK_ITEMS.csv","VERIFICATION",".csv","6715","D520440BED2C9A8229F0F8C926509DA59D3C129CED47F28190CD23245A62D785","ELIGIBLE"
"volumes\VOLUME_I_FOUNDATION\verification\readiness\BATCH_EXECUTION\BATCH_A\Stage_4_Synchronization\STAGE_4_SYNCHRONIZATION_MANIFEST.json","VERIFICATION",".json","3624","05BAF692218FCF61814A374A40796F42FCA406254F7BEAABF4DB862010C43EDF","ELIGIBLE"
"volumes\VOLUME_I_FOUNDATION\verification\readiness\BATCH_EXECUTION\BATCH_A\Stage_4_Synchronization\Evidence\BATCH_A_STAGE_4_TARGET_VALIDATION_REGISTER.csv","VERIFICATION",".csv","11868","EF180C6116B7ED7F62E9728DF0BC8B58575F0FC081255279578AD8A65C7306A6","ELIGIBLE"
"volumes\VOLUME_I_FOUNDATION\verification\readiness\BATCH_EXECUTION\BATCH_A\Stage_4_Synchronization\Reports\BATCH_A_STAGE_4_EXECUTION_STATUS.json","VERIFICATION",".json","1085","EC09B30D5F560530355316BBE7292C23BD115664B351CF6D511D754ECED954C4","ELIGIBLE"
"volumes\VOLUME_I_FOUNDATION\verification\readiness\BATCH_EXECUTION\BATCH_A\Stage_4_Synchronization\Reports\BATCH_A_STAGE_4_PREFLIGHT_STATUS.json","VERIFICATION",".json","752","84732F561F95FF4D76F3BDD566D93E604D98AED598DF8ED0D67F8AD26D9C5037","ELIGIBLE"
"volumes\VOLUME_I_FOUNDATION\verification\readiness\BATCH_EXECUTION\BATCH_A\Stage_4_Synchronization\Reports\BATCH_A_STAGE_4_TARGET_DISCOVERY.csv","VERIFICATION",".csv","11239","88624BA0AC9EC2AF4DF6900EB43A224026C3FD1C38539499D865DFE9B5FBAA14","ELIGIBLE"
"volumes\VOLUME_I_FOUNDATION\verification\readiness\BATCH_EXECUTION\BATCH_A\Stage_5_Constitutional_Validation\STAGE_5_CONSTITUTIONAL_VALIDATION_MANIFEST.json","VERIFICATION",".json","1364","5FDEB0846442AA9B45F76011E5EA796C3057D79C844E358DAADC421AC8713B0A","ELIGIBLE"
"volumes\VOLUME_I_FOUNDATION\verification\readiness\BATCH_EXECUTION\BATCH_A\Stage_5_Constitutional_Validation\Derivative_Replay\Files\MS-T1_CONTROLLED_EXECUTION\01_INPUT\TRIAL_CASES.csv","VERIFICATION",".csv","270","7BEAAE3EE6ECD33DBA052A6DE4B21679030550873E72D6F8567951BF7D8EAB8C","ELIGIBLE"
"volumes\VOLUME_I_FOUNDATION\verification\readiness\BATCH_EXECUTION\BATCH_A\Stage_5_Constitutional_Validation\Derivative_Replay\Files\MS-T1_CONTROLLED_EXECUTION\02_EVIDENCE\OBSERVER_RESPONSES.csv","VERIFICATION",".csv","277","3EAED024F7FFF78FA402C69E99B5201A1E6381B48650041F7EFF58B6254F61C0","ELIGIBLE"
"volumes\VOLUME_I_FOUNDATION\verification\readiness\BATCH_EXECUTION\BATCH_A\Stage_5_Constitutional_Validation\Derivative_Replay\Files\MS-T1_CONTROLLED_EXECUTION\03_ASSESSMENT\SEMANTIC_ASSESSMENTS.csv","VERIFICATION",".csv","322","C46167326126A1FC61CC6363145018C7EBDCCAEC3A0C0E42181D36A50078EC44","ELIGIBLE"
"volumes\VOLUME_I_FOUNDATION\verification\readiness\BATCH_EXECUTION\BATCH_A\Stage_5_Constitutional_Validation\Derivative_Replay\Files\MS-T2_CONTROLLED_EXECUTION\01_INPUT\DEPENDENCY_CHAINS.csv","VERIFICATION",".csv","252","0BC5A47F1CDCEB8F4A6232C4A0C55995A8B027AD97F982E05DE0C971076B8C79","ELIGIBLE"
"volumes\VOLUME_I_FOUNDATION\verification\readiness\BATCH_EXECUTION\BATCH_A\Stage_5_Constitutional_Validation\Derivative_Replay\Files\MS-T2_CONTROLLED_EXECUTION\01_INPUT\TRIAL_CASES.csv","VERIFICATION",".csv","371","B4D7D97C3B76A280E18B0FFADEBC24D8E4724904285E5AFAC454738CEC00C765","ELIGIBLE"
"volumes\VOLUME_I_FOUNDATION\verification\readiness\BATCH_EXECUTION\BATCH_A\Stage_5_Constitutional_Validation\Derivative_Replay\Files\MS-T2_CONTROLLED_EXECUTION\02_EVIDENCE\PROPAGATION_EVENTS.csv","VERIFICATION",".csv","346","8B2D6375AEA9B024FC95F76CFBD1635D675FFF7950E2E457DC288284D449CE62","ELIGIBLE"
"volumes\VOLUME_I_FOUNDATION\verification\readiness\BATCH_EXECUTION\BATCH_A\Stage_5_Constitutional_Validation\Derivative_Replay\Files\MS-T2_CONTROLLED_EXECUTION\03_ASSESSMENT\DOWNSTREAM_ASSESSMENTS.csv","VERIFICATION",".csv","315","60F6CA52F37FC2E573435A6DB9E9FDFA2D538EA7DEA6F715B8A7B00B318821C9","ELIGIBLE"
"volumes\VOLUME_I_FOUNDATION\verification\readiness\BATCH_EXECUTION\BATCH_A\Stage_5_Constitutional_Validation\Evidence\BATCH_A_STAGE_5_ARTIFACT_INVENTORY.csv","VERIFICATION",".csv","3133","A67863A5B8543C4AD2F425D967CC2475C1510AE56E0A0B9E4955D0F465A6CC38","ELIGIBLE"
"volumes\VOLUME_I_FOUNDATION\verification\readiness\BATCH_EXECUTION\BATCH_A\Stage_5_Constitutional_Validation\Evidence\BATCH_A_STAGE_5_CONSTITUTIONAL_VALIDATION_REGISTER.csv","VERIFICATION",".csv","1898","CB4FC8982233BF60316F57E32784ADA59A3FCAA1F304D4C1AAC1CBE099218E8E","ELIGIBLE"
"volumes\VOLUME_I_FOUNDATION\verification\readiness\BATCH_EXECUTION\BATCH_A\Stage_5_Constitutional_Validation\Evidence\BATCH_A_STAGE_5_DETERMINISTIC_TARGET_RESOLUTION_REGISTER.csv","VERIFICATION",".csv","7728","1CB9892F1AA33D6641A779BBE52037451188407A90EF8DFB4E7DCCD9B8B594C8","ELIGIBLE"
"volumes\VOLUME_I_FOUNDATION\verification\readiness\BATCH_EXECUTION\BATCH_A\Stage_5_Constitutional_Validation\Evidence\BATCH_A_STAGE_5_EVIDENCE_CHAIN.csv","VERIFICATION",".csv","18701","282B985561AE926FE81FA9FDE275030893789BCACC44EBF9705E79FBF568825A","ELIGIBLE"
"volumes\VOLUME_I_FOUNDATION\verification\readiness\BATCH_EXECUTION\BATCH_A\Stage_5_Constitutional_Validation\Evidence\BATCH_A_STAGE_5_EXECUTION_REGISTER.csv","VERIFICATION",".csv","3","F1945CD6C19E56B3C1C78943EF5EC18116907A4CA1EFC40A57D48AB1DB7ADFC5","ELIGIBLE"
"volumes\VOLUME_I_FOUNDATION\verification\readiness\BATCH_EXECUTION\BATCH_A\Stage_5_Constitutional_Validation\Evidence\BATCH_A_STAGE_5_FINAL_VALIDATION_REGISTER.csv","VERIFICATION",".csv","1296","2B7C98575AB57D57A7FDD5219EA0B983B72EA7B2D021C805771A0B8C6174BF77","ELIGIBLE"
"volumes\VOLUME_I_FOUNDATION\verification\readiness\BATCH_EXECUTION\BATCH_A\Stage_5_Constitutional_Validation\Evidence\BATCH_A_STAGE_5_POST_SYNCHRONIZATION_HASH_REGISTER.csv","VERIFICATION",".csv","3799","AF51639570CE8C9AD8904672A06F39A401FBE9C457EE2F30E8A63A91E3A3AF64","ELIGIBLE"
"volumes\VOLUME_I_FOUNDATION\verification\readiness\BATCH_EXECUTION\BATCH_A\Stage_5_Constitutional_Validation\Evidence\BATCH_A_STAGE_5_PRE_SYNCHRONIZATION_HASH_REGISTER.csv","VERIFICATION",".csv","3228","057BA53D54AC6EA4C2D5EA4B008E49C5362E1AB7E273A139773A411441364CA4","ELIGIBLE"
"volumes\VOLUME_I_FOUNDATION\verification\readiness\BATCH_EXECUTION\BATCH_A\Stage_5_Constitutional_Validation\Evidence\BATCH_A_STAGE_5_SYNCHRONIZATION_VERIFICATION_REGISTER.csv","VERIFICATION",".csv","8780","21A435093273FDDA6722B50A5D30E2FB97B59C5DD4B4B2F360FC4E81D1FF4A7E","ELIGIBLE"
"volumes\VOLUME_I_FOUNDATION\verification\readiness\BATCH_EXECUTION\BATCH_A\Stage_5_Constitutional_Validation\Evidence\BATCH_A_STAGE_5_UNRESOLVED_DESIGN_REGISTER.csv","VERIFICATION",".csv","7677","534A31F7F1C6EEF609E0C82ECEFE8C8D4B8855AA1CC0079ABC30C85E171F4CCE","ELIGIBLE"
"volumes\VOLUME_I_FOUNDATION\verification\readiness\BATCH_EXECUTION\BATCH_A\Stage_5_Constitutional_Validation\Reports\BATCH_A_STAGE_5_COMPLETION_REPORT.md","VERIFICATION",".md","844","64FBFAF17FFAABA30471E30C16AEF05B61E9565C3B5407C2A90755C625897EC6","ELIGIBLE"
"volumes\VOLUME_I_FOUNDATION\verification\readiness\BATCH_EXECUTION\BATCH_A\Stage_5_Constitutional_Validation\Reports\BATCH_A_STAGE_5_COMPLETION_STATUS.json","VERIFICATION",".json","767","32821DAA899EA5F1F80B97573EEB853C4C746510D927BE85693C46272D958EF0","ELIGIBLE"
"volumes\VOLUME_I_FOUNDATION\verification\readiness\BATCH_EXECUTION\BATCH_A\Stage_5_Constitutional_Validation\Reports\BATCH_A_STAGE_5_INITIALIZATION_STATUS.json","VERIFICATION",".json","377","E8DF579C0A875595CF7B96AD8EF45884C25CAEFA89A020BD92BF96498D885FCF","ELIGIBLE"
"volumes\VOLUME_I_FOUNDATION\verification\readiness\BATCH_EXECUTION\BATCH_A\Stage_6_Governance_Disposition\STAGE_6_GOVERNANCE_DISPOSITION_MANIFEST.json","VERIFICATION",".json","771","39973494F3B417D93EAFF5F2D6D9251C304DD895E0B05A2B9EA732086FA1025A","ELIGIBLE"
"volumes\VOLUME_I_FOUNDATION\verification\readiness\BATCH_EXECUTION\BATCH_A\Stage_6_Governance_Disposition\Evidence\BATCH_A_STAGE_6_GOVERNANCE_DISPOSITION_REGISTER.csv","VERIFICATION",".csv","18910","BD6946EB03BB2C98D075D2B231529B4B423DE7BA7F2D8799E629A90DA30F9892","ELIGIBLE"
"volumes\VOLUME_I_FOUNDATION\verification\readiness\BATCH_EXECUTION\BATCH_A\Stage_6_Governance_Disposition\Governance_Packets\BATCH_A_STAGE_6_GOVERNANCE_PACKET.csv","VERIFICATION",".csv","18910","BD6946EB03BB2C98D075D2B231529B4B423DE7BA7F2D8799E629A90DA30F9892","ELIGIBLE"
"volumes\VOLUME_I_FOUNDATION\verification\readiness\BATCH_EXECUTION\BATCH_A\Stage_6_Governance_Disposition\Reports\BATCH_A_STAGE_6_COMPLETION_REPORT.md","VERIFICATION",".md","750","3441C262998B67801ECA60A7890E6EBBB67A538A3F84553EEB4FDCEF8F6F3A89","ELIGIBLE"
"volumes\VOLUME_I_FOUNDATION\verification\readiness\BATCH_EXECUTION\BATCH_A\Stage_6_Governance_Disposition\Reports\BATCH_A_STAGE_6_COMPLETION_STATUS.json","VERIFICATION",".json","516","16AAE28EF4ACD3A196B3D7AEB8226377B76580F2AC93EF2E255D0FEBC23B5109","ELIGIBLE"
"volumes\VOLUME_I_FOUNDATION\verification\readiness\BATCH_EXECUTION\BATCH_A\Transactions\BATCH_A_TRANSACTION_REGISTER.csv","VERIFICATION",".csv","30531","06DCB760504F9E5D69C7540C9E7E881A38FCDED35FE87F6B3E4C0F50D766795F","ELIGIBLE"
"volumes\VOLUME_I_FOUNDATION\verification\readiness\BATCH_EXECUTION\BATCH_A\Transactions\BATCH_A_TRANSACTION_SCHEMA.json","VERIFICATION",".json","6290","0726E14C28AA01B4DF3821D1EA2551D45EAEEC6F62042CFA6EC3BA6BF2E794EC","ELIGIBLE"
"volumes\VOLUME_I_FOUNDATION\verification\readiness\BATCH_EXECUTION\BATCH_A\Transactions\CANONICAL_WORKLIST_SCHEMA_MANIFEST.json","VERIFICATION",".json","1768","20792DC6296C714F4F0F47268F60841570BC4A9BC5942B4FF9CAEF92216BA3A0","ELIGIBLE"
"volumes\VOLUME_I_FOUNDATION\verification\readiness\CONTROLLED_ID_AUTHORITY\CONTROLLED_ID_AUTHORITY.md","VERIFICATION",".md","1505","7A13FD17180C23055938A0EA1759D390950ECF69A0F044A8C3A9E53DE825665D","ELIGIBLE"
"volumes\VOLUME_I_FOUNDATION\verification\readiness\CONTROLLED_ID_AUTHORITY\CONTROLLED_ID_AUTHORITY_MANIFEST.json","VERIFICATION",".json","2042","CF1A0BCBAE714E2DF42B20AF05D9C7F9E2F974BE7E268DFC71D4420C4CCF405F","ELIGIBLE"
"volumes\VOLUME_I_FOUNDATION\verification\readiness\CONTROLLED_ID_AUTHORITY\CONTROLLED_ID_ISSUANCE_REGISTER.csv","VERIFICATION",".csv","516","92B5F730EDC5B1A11D6AD2082904CC779097B7912959E0F9B37BC080A557E41B","ELIGIBLE"
"volumes\VOLUME_I_FOUNDATION\verification\readiness\CONTROLLED_ID_AUTHORITY\MS-T1_CASEID_REVIEW_PACKET.json","VERIFICATION",".json","2772","84054CD4804BB4A57CE6F645BEA17A61CFE81D6858721F8F05308AABC599644D","ELIGIBLE"
"volumes\VOLUME_I_FOUNDATION\verification\readiness\MS-T1_T2_PREEXECUTION_COMPLETION\BATCH_A1_SCHEMA_DIAGNOSTIC.csv","VERIFICATION",".csv","3598","D090A42A0E24ADEE8FA186E3EFD2F839142D9E66BB6338CAD327F3FC3BE96F7C","ELIGIBLE"
"volumes\VOLUME_I_FOUNDATION\verification\readiness\MS-T1_T2_PREEXECUTION_COMPLETION\COMPLETION_INSTRUCTIONS.md","VERIFICATION",".md","1198","2AB9347D7ADCDC9C5F207796D26620DC2C41169A9709B327BEC515625EA709D8","ELIGIBLE"
"volumes\VOLUME_I_FOUNDATION\verification\readiness\MS-T1_T2_PREEXECUTION_COMPLETION\EXECUTION_EVIDENCE_HOLD_REGISTER.csv","VERIFICATION",".csv","8164","25A12A385B8ADC3811A0AE3ACB458DBB1A577D89AF80B74A36EF4D15BB30A970","ELIGIBLE"
"volumes\VOLUME_I_FOUNDATION\verification\readiness\MS-T1_T2_PREEXECUTION_COMPLETION\NEXT_PREEXECUTION_WORK_ITEM.json","VERIFICATION",".json","2981","91297AC3E5E8CC20E9D6BD3DEF4F49B610312BD1DE6DB6472720F9E867C95836","ELIGIBLE"
"volumes\VOLUME_I_FOUNDATION\verification\readiness\MS-T1_T2_PREEXECUTION_COMPLETION\NEXT_PREEXECUTION_WORK_ITEM.md","VERIFICATION",".md","415","37947F9CEB1C541560B1DBB2A1CF40C7AC17E215C09FA4231DE5941D26E62787","ELIGIBLE"
"volumes\VOLUME_I_FOUNDATION\verification\readiness\MS-T1_T2_PREEXECUTION_COMPLETION\PREEXECUTION_COMPLETION_MANIFEST.json","VERIFICATION",".json","2042","CF1A0BCBAE714E2DF42B20AF05D9C7F9E2F974BE7E268DFC71D4420C4CCF405F","ELIGIBLE"
"volumes\VOLUME_I_FOUNDATION\verification\readiness\MS-T1_T2_PREEXECUTION_COMPLETION\PREEXECUTION_COMPLETION_REPORT.md","VERIFICATION",".md","10375","FD0518E4D6020D8D9CF7088EFAC1B4C8F826C29EAA9140EAF76B30D532F06F4F","ELIGIBLE"
"volumes\VOLUME_I_FOUNDATION\verification\readiness\MS-T1_T2_PREEXECUTION_COMPLETION\PREEXECUTION_COMPLETION_WORKLIST.csv","VERIFICATION",".csv","8944","8E0835782EFCC4226420374D793A95811289A0C3E2EB1ADD7F73BDFB99B485FF","ELIGIBLE"
"volumes\VOLUME_I_FOUNDATION\verification\readiness\MS-T1_T2_PREEXECUTION_COMPLETION\PREEXECUTION_FINAL_GATE.csv","VERIFICATION",".csv","298","3434B41B767BFA38DE56170B61F2117DC8713FB1CDF3FEF26E2316F17CB46D7E","ELIGIBLE"
"volumes\VOLUME_I_FOUNDATION\verification\readiness\MS-T1_T2_PREEXECUTION_COMPLETION\PREEXECUTION_FORM_REGISTER.csv","VERIFICATION",".csv","1978","606FD0D0BF9638012E4E87BCCE0EA64B795A4BC71A0EAB633C0F76A2E9BA220E","ELIGIBLE"
"volumes\VOLUME_I_FOUNDATION\verification\readiness\MS-T1_T2_PREEXECUTION_COMPLETION\PREEXECUTION_GATE_REGISTER.csv","VERIFICATION",".csv","500","A4845342CAA57D066ED4D2CBA3AE78474D91A645AAD16E95DB6E6D55ABDAE863","ELIGIBLE"
"volumes\VOLUME_I_FOUNDATION\verification\readiness\MS-T1_T2_PREEXECUTION_COMPLETION\PREEXECUTION_VALIDATION_REGISTER.csv","VERIFICATION",".csv","9831","B401010D3E635BA69FDF3CC46620E8304ADA994F9D3D1F34529AD2FA50A185A0","ELIGIBLE"
"volumes\VOLUME_I_FOUNDATION\verification\readiness\MS-T1_T2_PREEXECUTION_COMPLETION\PREEXECUTION_VALIDATION_REPORT.md","VERIFICATION",".md","9733","DB7E3C7C20AFE03EA3060B4A5A5ECBCD8AA2B11B606F64A69AEE4F469EEA603A","ELIGIBLE"
"volumes\VOLUME_I_FOUNDATION\verification\readiness\MS-T1_T2_PREEXECUTION_COMPLETION\Test-MS-T1T2PreExecutionCompletion.ps1","VERIFICATION",".ps1","6941","F33B573A61C3A1F2A281A25BEC550B98C7494755E94216761BC6463985355A55","ELIGIBLE"
"volumes\VOLUME_I_FOUNDATION\verification\readiness\MS-T1_T2_PREEXECUTION_COMPLETION\completion_forms\MS-T1\MS-T1_OBSERVER_RESPONSES_ROW-2_UNASSIGNED-ROW-2.csv","VERIFICATION",".csv","1114","CD641BC1C988E62E07CDD6A2E22875CBD9E9DCE7B58C6E4AA7FD263B16459DB7","ELIGIBLE"
"volumes\VOLUME_I_FOUNDATION\verification\readiness\MS-T1_T2_PREEXECUTION_COMPLETION\completion_forms\MS-T1\MS-T1_SEMANTIC_ASSESSMENTS_ROW-2_UNASSIGNED-ROW-2.csv","VERIFICATION",".csv","1041","9D46E2BC965E5705A12C73D79DD790135F649C738BB7EB2078935D8977D28517","ELIGIBLE"
"volumes\VOLUME_I_FOUNDATION\verification\readiness\MS-T1_T2_PREEXECUTION_COMPLETION\completion_forms\MS-T1\MS-T1_TRIAL_CASES_ROW-2_MS-T1-CASE-001.csv","VERIFICATION",".csv","1806","0F0216C23A4A35B15C3A8B66099729013E149C73FB61E40D7BC087FB5E79F3A4","ELIGIBLE"
"volumes\VOLUME_I_FOUNDATION\verification\readiness\MS-T1_T2_PREEXECUTION_COMPLETION\completion_forms\MS-T2\MS-T2_DEPENDENCY_CHAINS_ROW-2_MS-T2-CHAIN-001.csv","VERIFICATION",".csv","1732","BA198831A5550A6867811FAF37A3B9BC19B3DD014D7BD1CB7E00ED6454031843","ELIGIBLE"
"volumes\VOLUME_I_FOUNDATION\verification\readiness\MS-T1_T2_PREEXECUTION_COMPLETION\completion_forms\MS-T2\MS-T2_DOWNSTREAM_ASSESSMENTS_ROW-2_UNASSIGNED-ROW-2.csv","VERIFICATION",".csv","1043","BE223886284A00FB39025128C901AB08DA8113428B4A01D8C2908E1424763131","ELIGIBLE"
"volumes\VOLUME_I_FOUNDATION\verification\readiness\MS-T1_T2_PREEXECUTION_COMPLETION\completion_forms\MS-T2\MS-T2_PROPAGATION_EVENTS_ROW-2_UNASSIGNED-ROW-2.csv","VERIFICATION",".csv","1244","6F9A853FB81A77722A1488B18FCEF95C3C9C0717651742096A477C1F6ECF9F01","ELIGIBLE"
"volumes\VOLUME_I_FOUNDATION\verification\readiness\MS-T1_T2_PREEXECUTION_COMPLETION\completion_forms\MS-T2\MS-T2_TRIAL_CASES_ROW-2_MS-T2-CASE-001-A.csv","VERIFICATION",".csv","1186","015795320E8418CCEB52DF26BA49BD0ECB9A2B679E76007B362B76747DB1A0DA","ELIGIBLE"
"volumes\VOLUME_I_FOUNDATION\verification\readiness\MS-T1_T2_PREEXECUTION_COMPLETION\completion_forms\MS-T2\MS-T2_TRIAL_CASES_ROW-3_MS-T2-CASE-001-B.csv","VERIFICATION",".csv","1381","C7AFDE70D14248E0939D0AD03843D32392AC9A76879151FB671F8EE615F2A286","ELIGIBLE"
"volumes\VOLUME_I_FOUNDATION\verification\_NEXT_VERIFICATION_INTAKE\CANONICAL_SOURCE_PACKET.md","VERIFICATION",".md","1059","1EF650200108ADD4C06719F292B29AF83205B855D7ACE5CE7B448F3278DB3100","ELIGIBLE"
"volumes\VOLUME_I_FOUNDATION\verification\_NEXT_VERIFICATION_INTAKE\CANONICAL_THEOREM_PROFILE.json","VERIFICATION",".json","1522","6A40534E653D410B74CBAD19D9A9BFA9EA109C34097D93066930BAFC3F53DDBB","ELIGIBLE"
"volumes\VOLUME_I_FOUNDATION\verification\_NEXT_VERIFICATION_INTAKE\CANONICAL_THEOREM_PROFILE.md","VERIFICATION",".md","955","7BD5A279D99BAD7E7A5711F9F69F3EA7177629EA80ECBE253FCAF0B8B2A20683","ELIGIBLE"
"volumes\VOLUME_I_FOUNDATION\verification\_NEXT_VERIFICATION_INTAKE\PACKAGE_GENERATION_DECISION.md","VERIFICATION",".md","616","B83201CD616584BF7DB01A5DF92A80ED9536D1559F47993228E3A7D93F46F81B","ELIGIBLE"
"volumes\VOLUME_I_FOUNDATION\verification\_NEXT_VERIFICATION_INTAKE\READINESS.md","VERIFICATION",".md","809","F18F8221CF18787CB705776CE9560AFC97330B4010536C937F477FDC86274A08","ELIGIBLE"
"volumes\VOLUME_I_FOUNDATION\verification\_NEXT_VERIFICATION_INTAKE\SOURCE_DISCOVERY_MANIFEST.json","VERIFICATION",".json","853","F522C17325B46D6DA9CA94A3D459337527BEF2D7488B882D3D52334FB767778D","ELIGIBLE"
"volumes\VOLUME_I_FOUNDATION\verification\_NEXT_VERIFICATION_INTAKE\SOURCE_MATCHES.csv","VERIFICATION",".csv","4900","7537E228FFC488DD7C471A832432B0C6C32D5CDB92CDB37C7F84330CB767E617","ELIGIBLE"
"volumes\VOLUME_I_FOUNDATION\verification\_NEXT_VERIFICATION_INTAKE\SOURCE_REVIEW_REGISTER.csv","VERIFICATION",".csv","6166","0C2A3963A921B85EF4ECAE5F2F8DC4D0B167A3BE58DA66E8264D435DA859DFE9","ELIGIBLE"
"volumes\VOLUME_I_FOUNDATION\verification\_NEXT_VERIFICATION_INTAKE\TARGET.json","VERIFICATION",".json","1206","61F0AD808145BAF4432D727783E25B3C53137968316AE633222B35351705F65A","ELIGIBLE"
"volumes\VOLUME_I_FOUNDATION\verification\_NEXT_VERIFICATION_INTAKE\THEOREM_DEFINITION_GAPS.csv","VERIFICATION",".csv","938","D1D8030B76C51512319473482C216FF8640C10698FFE2A94550C7AB01551798F","ELIGIBLE"
"volumes\VOLUME_I_FOUNDATION\verification\_NEXT_VERIFICATION_INTAKE\THEOREM_SOURCE_EVIDENCE_MATRIX.csv","VERIFICATION",".csv","6142","205B03269EF58B3411F50B755A36F6ED25B3E7F4D238FBB0EF69C562DA7195E9","ELIGIBLE"
"volumes\VOLUME_V_INITIATION\evidence\VOLUME_V_INITIATION_VALIDATION.md","VERIFICATION",".md","5540","75A105AA4D99DD180CD1AAF52F91101AD2147F366813270779ED436FC355AAB0","ELIGIBLE"
