"RelativePath","ArtifactClass","Extension","SizeBytes","SHA256","ReleaseEligibility"
"ARCHITECTURE_CERTIFICATION.md","DOCUMENTATION",".md","2003","E3DE5F93133206CC5C8F2164DC71BF5AC2FDF1061E201E5EAE641E5B85EC0FFE","ELIGIBLE"
"ARCHITECTURE_CERTIFICATION_READINESS.md","DOCUMENTATION",".md","1524","8702C4C893575C48A9C1BE9C0A066CAB434E10B5315B5C198465F37AFDCFD227","ELIGIBLE"
"ARCHITECTURE_COMPLETION_CERTIFICATION.md","DOCUMENTATION",".md","4046","CFDAEBC2B1F77D3D985FC48C23278D75D6DE117F893A5D0940B68C984341F5C8","ELIGIBLE"
"ARCHITECTURE_MAP.md","DOCUMENTATION",".md","0","E3B0C44298FC1C149AFBF4C8996FB92427AE41E4649B934CA495991B7852B855","ELIGIBLE"
"CHANGELOG.md","DOCUMENTATION",".md","821","EF7099F46E8A4C434E1C269B1D4C79114638EFCA7903A79D97ED9C906111C9FC","ELIGIBLE"
"CITATION_METADATA.md","DOCUMENTATION",".md","0","E3B0C44298FC1C149AFBF4C8996FB92427AE41E4649B934CA495991B7852B855","ELIGIBLE"
"completion-blocker-context.txt","DOCUMENTATION",".txt","141","C48B4F6823FBED10C8B4906821811AAAD70A51F390B02CB545C6C4BDCF4C9D88","ELIGIBLE"
"completion-blockers.txt","DOCUMENTATION",".txt","110","E0A2C4CC7756E69F799A535AAE0D38F215EEAF61C1FBEA2700E5789D420664DF","ELIGIBLE"
"NEXT_COMPLETION_REPAIR_PACKET.md","DOCUMENTATION",".md","238","11900AF930FEBCCAAB154F6BB775B56502B3948E32D7B9DE6F3A21C69F4948CC","ELIGIBLE"
"README.md","DOCUMENTATION",".md","1547","D1C2DD96C63AD24CB0EA43DD3CB88C17F78A51E9EF1BB82204F8C81DE13C334B","ELIGIBLE"
"activation\community-operations\COMMUNITY_GROWTH_MODEL.md","DOCUMENTATION",".md","0","E3B0C44298FC1C149AFBF4C8996FB92427AE41E4649B934CA495991B7852B855","ELIGIBLE"
"activation\community-operations\CONTRIBUTOR_OPERATIONS_MODEL.md","DOCUMENTATION",".md","0","E3B0C44298FC1C149AFBF4C8996FB92427AE41E4649B934CA495991B7852B855","ELIGIBLE"
"activation\community-operations\KNOWLEDGE_EXCHANGE_MODEL.md","DOCUMENTATION",".md","0","E3B0C44298FC1C149AFBF4C8996FB92427AE41E4649B934CA495991B7852B855","ELIGIBLE"
"activation\community-operations\PARTICIPATION_GOVERNANCE_MODEL.md","DOCUMENTATION",".md","0","E3B0C44298FC1C149AFBF4C8996FB92427AE41E4649B934CA495991B7852B855","ELIGIBLE"
"activation\deployment-operations\DEPLOYMENT_FEEDBACK_MODEL.md","DOCUMENTATION",".md","0","E3B0C44298FC1C149AFBF4C8996FB92427AE41E4649B934CA495991B7852B855","ELIGIBLE"
"activation\deployment-operations\DEPLOYMENT_PIPELINE_MODEL.md","DOCUMENTATION",".md","0","E3B0C44298FC1C149AFBF4C8996FB92427AE41E4649B934CA495991B7852B855","ELIGIBLE"
"activation\deployment-operations\FIELD_VALIDATION_MODEL.md","DOCUMENTATION",".md","0","E3B0C44298FC1C149AFBF4C8996FB92427AE41E4649B934CA495991B7852B855","ELIGIBLE"
"activation\deployment-operations\IMPLEMENTATION_SUPPORT_MODEL.md","DOCUMENTATION",".md","0","E3B0C44298FC1C149AFBF4C8996FB92427AE41E4649B934CA495991B7852B855","ELIGIBLE"
"activation\ecosystem-operations\ECOSYSTEM_COORDINATION_MODEL.md","DOCUMENTATION",".md","0","E3B0C44298FC1C149AFBF4C8996FB92427AE41E4649B934CA495991B7852B855","ELIGIBLE"
"activation\ecosystem-operations\ECOSYSTEM_GROWTH_MODEL.md","DOCUMENTATION",".md","0","E3B0C44298FC1C149AFBF4C8996FB92427AE41E4649B934CA495991B7852B855","ELIGIBLE"
"activation\ecosystem-operations\ECOSYSTEM_HEALTH_OPERATIONS.md","DOCUMENTATION",".md","0","E3B0C44298FC1C149AFBF4C8996FB92427AE41E4649B934CA495991B7852B855","ELIGIBLE"
"activation\ecosystem-operations\ECOSYSTEM_OPERATING_MODEL.md","DOCUMENTATION",".md","0","E3B0C44298FC1C149AFBF4C8996FB92427AE41E4649B934CA495991B7852B855","ELIGIBLE"
"activation\funding-operations\FUNDING_PIPELINE_MODEL.md","DOCUMENTATION",".md","0","E3B0C44298FC1C149AFBF4C8996FB92427AE41E4649B934CA495991B7852B855","ELIGIBLE"
"activation\funding-operations\GRANT_OPERATIONS_MODEL.md","DOCUMENTATION",".md","0","E3B0C44298FC1C149AFBF4C8996FB92427AE41E4649B934CA495991B7852B855","ELIGIBLE"
"activation\funding-operations\INVESTMENT_RELATIONSHIP_MODEL.md","DOCUMENTATION",".md","0","E3B0C44298FC1C149AFBF4C8996FB92427AE41E4649B934CA495991B7852B855","ELIGIBLE"
"activation\funding-operations\RESOURCE_STEWARDSHIP_MODEL.md","DOCUMENTATION",".md","0","E3B0C44298FC1C149AFBF4C8996FB92427AE41E4649B934CA495991B7852B855","ELIGIBLE"
"activation\impact-operations\IMPACT_TRACKING_MODEL.md","DOCUMENTATION",".md","0","E3B0C44298FC1C149AFBF4C8996FB92427AE41E4649B934CA495991B7852B855","ELIGIBLE"
"activation\impact-operations\LONG_TERM_EFFECT_MODEL.md","DOCUMENTATION",".md","0","E3B0C44298FC1C149AFBF4C8996FB92427AE41E4649B934CA495991B7852B855","ELIGIBLE"
"activation\impact-operations\OUTCOME_VALIDATION_MODEL.md","DOCUMENTATION",".md","0","E3B0C44298FC1C149AFBF4C8996FB92427AE41E4649B934CA495991B7852B855","ELIGIBLE"
"activation\impact-operations\SOCIAL_VALUE_MODEL.md","DOCUMENTATION",".md","0","E3B0C44298FC1C149AFBF4C8996FB92427AE41E4649B934CA495991B7852B855","ELIGIBLE"
"activation\partnership-operations\COLLABORATION_OPERATING_MODEL.md","DOCUMENTATION",".md","0","E3B0C44298FC1C149AFBF4C8996FB92427AE41E4649B934CA495991B7852B855","ELIGIBLE"
"activation\partnership-operations\PARTNERSHIP_FRAMEWORK.md","DOCUMENTATION",".md","0","E3B0C44298FC1C149AFBF4C8996FB92427AE41E4649B934CA495991B7852B855","ELIGIBLE"
"activation\partnership-operations\PARTNER_ONBOARDING_MODEL.md","DOCUMENTATION",".md","0","E3B0C44298FC1C149AFBF4C8996FB92427AE41E4649B934CA495991B7852B855","ELIGIBLE"
"activation\partnership-operations\RELATIONSHIP_CONTINUITY_MODEL.md","DOCUMENTATION",".md","0","E3B0C44298FC1C149AFBF4C8996FB92427AE41E4649B934CA495991B7852B855","ELIGIBLE"
"activation\research-operations\DISCOVERY_PIPELINE_MODEL.md","DOCUMENTATION",".md","0","E3B0C44298FC1C149AFBF4C8996FB92427AE41E4649B934CA495991B7852B855","ELIGIBLE"
"activation\research-operations\PUBLICATION_OPERATIONS_MODEL.md","DOCUMENTATION",".md","0","E3B0C44298FC1C149AFBF4C8996FB92427AE41E4649B934CA495991B7852B855","ELIGIBLE"
"activation\research-operations\RESEARCH_COLLABORATION_MODEL.md","DOCUMENTATION",".md","0","E3B0C44298FC1C149AFBF4C8996FB92427AE41E4649B934CA495991B7852B855","ELIGIBLE"
"activation\research-operations\RESEARCH_PROGRAM_OPERATIONS.md","DOCUMENTATION",".md","0","E3B0C44298FC1C149AFBF4C8996FB92427AE41E4649B934CA495991B7852B855","ELIGIBLE"
"adaptive-ecosystem-evolution\adaptive-learning-architecture\ADAPTIVE_LEARNING_ARCHITECTURE.md","DOCUMENTATION",".md","846","CB3BF974861328FD2CEFF788998FD38D4A451E666BB96F2E20475E8AEFC4B69E","ELIGIBLE"
"adaptive-ecosystem-evolution\adaptive-learning-architecture\LEARNING_EVOLUTION_RECORD.md","DOCUMENTATION",".md","755","592649B54C0577B566E0D77D449A09948E35DD8B920F2B864135B607AC51D24A","ELIGIBLE"
"adaptive-ecosystem-evolution\adaptive-learning-architecture\LEARNING_SIGNAL_REGISTER.md","DOCUMENTATION",".md","766","DDF752F466353172B372D08F8D20585A62230189DFA83181D756CEAB363DC047","ELIGIBLE"
"adaptive-ecosystem-evolution\dynamic-governance-intelligence\DYNAMIC_GOVERNANCE_INTELLIGENCE.md","DOCUMENTATION",".md","896","DE24E5F9015B7B8078AC98CC72F26F59658FCEE4B8FAF9187FCF5FBFFDEB6C1B","ELIGIBLE"
"adaptive-ecosystem-evolution\dynamic-governance-intelligence\GOVERNANCE_EVOLUTION_RECORD.md","DOCUMENTATION",".md","775","BDCB8B82421FA9ADDC3D6F73421BF8218A0EBF798D5B1780CFBE84F849CA5611","ELIGIBLE"
"adaptive-ecosystem-evolution\dynamic-governance-intelligence\GOVERNANCE_INTELLIGENCE_REGISTER.md","DOCUMENTATION",".md","786","94D27298BBFE608D2C02F404F791A50524BAE60F444E421A4625DE28A74D0DB6","ELIGIBLE"
"adaptive-ecosystem-evolution\evolutionary-architecture-framework\ARCHITECTURE_EVOLUTION_RECORD.md","DOCUMENTATION",".md","805","15A5C735B891F0215153F2C2180EF3784C0C731889EC64FCE565E1CC615D40E4","ELIGIBLE"
"adaptive-ecosystem-evolution\evolutionary-architecture-framework\EVOLUTIONARY_ARCHITECTURE_FRAMEWORK.md","DOCUMENTATION",".md","954","ED32475805C1568B17ACE0639EF7570B6926BF3D7BDAF75624761C6E4CEC71B5","ELIGIBLE"
"adaptive-ecosystem-evolution\evolutionary-architecture-framework\EVOLUTION_STATE_REGISTER.md","DOCUMENTATION",".md","754","736F00A21768EC48F19C58638901F8375C661EFB2B0CDAE26164477EC5E5A3A0","ELIGIBLE"
"adaptive-ecosystem-evolution\final-consolidation\ADAPTIVE_EVOLUTION_COMPLETION_RECORD.md","DOCUMENTATION",".md","862","7BB4F30C34510481D555146B74C1CD8371E585B050DBB6D0B05CCD59F2959C43","ELIGIBLE"
"adaptive-ecosystem-evolution\final-consolidation\ADAPTIVE_EVOLUTION_VALIDATION_REPORT.md","DOCUMENTATION",".md","880","2D894698630595404D6DDE26CF6D0DB51D0C4B7FE75B38610D7112F145FDFA65","ELIGIBLE"
"adaptive-ecosystem-evolution\final-consolidation\EVOLUTIONARY_ECOSYSTEM_REFERENCE_STATE.md","DOCUMENTATION",".md","843","5CACEF48CAB1406965F070569E26EAF870C3C3DDCFF0DFFF590E0B42761C363F","ELIGIBLE"
"adaptive-ecosystem-evolution\recursive-knowledge-integration\KNOWLEDGE_EVOLUTION_RECORD.md","DOCUMENTATION",".md","779","AACA700948C9110115C4F8082D14E224297A7DC02C7408C94D8786D2083D0EEE","ELIGIBLE"
"adaptive-ecosystem-evolution\recursive-knowledge-integration\KNOWLEDGE_RELATIONSHIP_REGISTER.md","DOCUMENTATION",".md","802","A300A3D418000B72D89B54A9BF231A146F1C1FBBD9CE6D8D36696199A707D88C","ELIGIBLE"
"adaptive-ecosystem-evolution\recursive-knowledge-integration\RECURSIVE_KNOWLEDGE_INTEGRATION_MODEL.md","DOCUMENTATION",".md","879","9811CE1E9CC019D6397C1A301EB29E0509C7A4D85A6991BEF94888F3277CA31E","ELIGIBLE"
"adaptive-systems\adaptation-framework\ADAPTATION_FRAMEWORK_MODEL.md","DOCUMENTATION",".md","758","1E6F0693D6ED6FA2A2C09A9D14D4E480FE380B4554D9B8827431045DB4665E69","ELIGIBLE"
"adaptive-systems\adaptation-framework\CHANGE_RESPONSE_MODEL.md","DOCUMENTATION",".md","621","F4B32BE8EFF884C4759AAEC0782E9CF32B5EFE8FB8529D450B202699994186D6","ELIGIBLE"
"adaptive-systems\adaptation-framework\SYSTEM_ADAPTATION_MODEL.md","DOCUMENTATION",".md","632","40D37B4F35E1D21CEFE4B008606C70CA1BCC88C0FC6580D50002AA8114D49D02","ELIGIBLE"
"adaptive-systems\autonomous-evolution\CONTROLLED_EVOLUTION_MODEL.md","DOCUMENTATION",".md","702","72DB2919917A1BCBF58CC1F491841286C14F6527B7D8B92E0773CD0FF7598416","ELIGIBLE"
"adaptive-systems\autonomous-evolution\EVOLUTION_FRAMEWORK_MODEL.md","DOCUMENTATION",".md","709","E088E87B9C7F7BC84FD7EE5EDE8EA5B3378A96D41DA52B413A1066757AA4C12A","ELIGIBLE"
"adaptive-systems\autonomous-evolution\SUCCESSOR_ADAPTATION_MODEL.md","DOCUMENTATION",".md","796","A32C4782E354D5F0F252C0CC7986C9C5D15138E23EB21DBF8EF0F1E51F77B76D","ELIGIBLE"
"adaptive-systems\feedback-systems\FEEDBACK_ANALYSIS_FRAMEWORK.md","DOCUMENTATION",".md","688","6E29CBB4C3756E95A8D561D3923D9B8143EDBF924D0A86A0577E3572748A49BE","ELIGIBLE"
"adaptive-systems\feedback-systems\FEEDBACK_INTEGRATION_MODEL.md","DOCUMENTATION",".md","686","839D69FC1EC2EC70599AFF727A46EF48BDAF8B9BA1438B68639EDC909FB438CD","ELIGIBLE"
"adaptive-systems\feedback-systems\FEEDBACK_SYSTEM_MODEL.md","DOCUMENTATION",".md","670","9E3BFA9969C15E81ED03BBC38AE9BC4D9E593637AC42BA5FE4360604AAB1F924","ELIGIBLE"
"adaptive-systems\optimization-framework\EFFICIENCY_EVALUATION_MODEL.md","DOCUMENTATION",".md","682","CE939F7E450424B7E03B32123BB5B183882FA4ED88D3BB806EC180A7D9A15907","ELIGIBLE"
"adaptive-systems\optimization-framework\OPTIMIZATION_MODEL.md","DOCUMENTATION",".md","737","1ED8C446A643C344CEF4A6FA1DA27C34C313F20F05206E0C2B2B83D9812348A8","ELIGIBLE"
"adaptive-systems\optimization-framework\PERFORMANCE_IMPROVEMENT_FRAMEWORK.md","DOCUMENTATION",".md","737","9991C52852BDBA017D3EF31F4E876458A3DB8163D9CEB936A1DA47719A8A7599","ELIGIBLE"
"adaptive-systems\resilience-models\CONTINUITY_RESILIENCE_FRAMEWORK.md","DOCUMENTATION",".md","706","0C0D6FD39315A683E5D544FF443D01EF8E8670BE5FC24C1CE0DC62BFBF36D7EA","ELIGIBLE"
"adaptive-systems\resilience-models\FAILURE_RECOVERY_MODEL.md","DOCUMENTATION",".md","674","872D6D0D1F863CF8DFB030A170EBAA53D94C8928E6F042B880AFF9E12A6DD02D","ELIGIBLE"
"adaptive-systems\resilience-models\SYSTEM_RESILIENCE_MODEL.md","DOCUMENTATION",".md","728","FBD7FCF061A474A164C3291A0F29598B5B50497CA0178B961B80AA23AC776251","ELIGIBLE"
"adoption\ADOPTION_VALIDATION_MODEL.md","DOCUMENTATION",".md","814","D88D3FF14C1EA254D36C582C1CBFBFDBAA7A5836465973B14AAB6AD0CA7E5392","ELIGIBLE"
"adoption\DEPLOYMENT_GUIDELINES.md","DOCUMENTATION",".md","771","75E1931641C18148FA6AFCEECD0EED7282E8BBE0F4C5742FDF665D0E42EEE904","ELIGIBLE"
"adoption\IMPLEMENTATION_GUIDE.md","DOCUMENTATION",".md","745","CFCE40AF0A332984963168919FE9FFD2AE708C01563EC8EDF8477D0E08C10B67","ELIGIBLE"
"adoption\INTEGRATION_REQUIREMENTS.md","DOCUMENTATION",".md","899","B4D9DE2EFF530883D1A0A109E03C187AB69829A14F7091D60CA8A75BED660A17","ELIGIBLE"
"adoption\USER_IMPLEMENTATION_MODEL.md","DOCUMENTATION",".md","779","B519153B8EF993B0EFAEEA31778C1A66646C833D55BEC4021159950679C9D6B6","ELIGIBLE"
"advanced-ecosystem-evolution\autonomous-ecosystem-intelligence\AUTONOMOUS_ECOSYSTEM_INTELLIGENCE.md","DOCUMENTATION",".md","1094","8E88A6FF2F2E8D77470F528A9D4D5B60D6B313A66176610CE4D464FEB9F00B19","ELIGIBLE"
"advanced-ecosystem-evolution\autonomous-ecosystem-intelligence\INTELLIGENCE_EVOLUTION_RECORD.md","DOCUMENTATION",".md","935","BF5BDCEEA200067FA32493F973ED07177F186933D008C26932374BD130D34414","ELIGIBLE"
"advanced-ecosystem-evolution\autonomous-ecosystem-intelligence\INTELLIGENCE_STATE_REGISTER.md","DOCUMENTATION",".md","927","870D388075B204632F386BA553AF4B906E26B0957A0289D0E9A0B7E891448443","ELIGIBLE"
"advanced-ecosystem-evolution\final-consolidation\ADVANCED_EVOLUTION_COMPLETION_RECORD.md","DOCUMENTATION",".md","956","BAD1882AA178762295CFFBD563E46B2644E41A7840CB682A83202B0DC9F86344","ELIGIBLE"
"advanced-ecosystem-evolution\final-consolidation\ADVANCED_EVOLUTION_VALIDATION_REPORT.md","DOCUMENTATION",".md","952","6F05128905E04DA08D27A6147F5A05073FE7268F97C3A638BD9F800E0B2E5AF2","ELIGIBLE"
"advanced-ecosystem-evolution\final-consolidation\COMPLETE_ADVANCED_EVOLUTION_STATE.md","DOCUMENTATION",".md","841","E043A2562898CBF7DE9F80C744EAFEF8576CB812371D7A1CFA1180F5F2B45E78","ELIGIBLE"
"advanced-ecosystem-evolution\next-generation-orynth-civilization-layer\CIVILIZATION_EVOLUTION_RECORD.md","DOCUMENTATION",".md","1020","6020FA0731C5A8041A437FB50A57FC1AAF054612DA29EDCCAA05C812DB3FCEB0","ELIGIBLE"
"advanced-ecosystem-evolution\next-generation-orynth-civilization-layer\CIVILIZATION_STATE_REGISTER.md","DOCUMENTATION",".md","1011","F6E32CEC1A0842C4247FB043A7C2DD6E3B8DA3A5E0B78DF406D4ABCCE7C80D2F","ELIGIBLE"
"advanced-ecosystem-evolution\next-generation-orynth-civilization-layer\NEXT_GENERATION_ORYNTH_CIVILIZATION_LAYER.md","DOCUMENTATION",".md","1353","DECBECC0051F61B916F1C871DE8FD8064787FE4975A283483239CE9B56ED0768","ELIGIBLE"
"advanced-ecosystem-evolution\recursive-architecture-optimization\OPTIMIZATION_EVOLUTION_RECORD.md","DOCUMENTATION",".md","0","E3B0C44298FC1C149AFBF4C8996FB92427AE41E4649B934CA495991B7852B855","ELIGIBLE"
"advanced-ecosystem-evolution\recursive-architecture-optimization\OPTIMIZATION_STATE_REGISTER.md","DOCUMENTATION",".md","0","E3B0C44298FC1C149AFBF4C8996FB92427AE41E4649B934CA495991B7852B855","ELIGIBLE"
"advanced-ecosystem-evolution\recursive-architecture-optimization\RECURSIVE_ARCHITECTURE_OPTIMIZATION.md","DOCUMENTATION",".md","0","E3B0C44298FC1C149AFBF4C8996FB92427AE41E4649B934CA495991B7852B855","ELIGIBLE"
"advanced-ecosystem-evolution\universal-capability-convergence\CAPABILITY_EVOLUTION_RECORD.md","DOCUMENTATION",".md","886","2012A45C0CD9D6CD150E553ECF7E4C930C784BAB2309D3AB1410EC42F58BDE50","ELIGIBLE"
"advanced-ecosystem-evolution\universal-capability-convergence\CAPABILITY_STATE_REGISTER.md","DOCUMENTATION",".md","931","18751F80CE4AEEFA8EB8576D5C3A1C36D09A0D821B5ED8FB8296244A6D30A36F","ELIGIBLE"
"advanced-ecosystem-evolution\universal-capability-convergence\UNIVERSAL_CAPABILITY_CONVERGENCE.md","DOCUMENTATION",".md","1116","2D0F3DDABE3E9F91958915E42BFF62724FBF78EB51600C4B2004F04CABDF06B7","ELIGIBLE"
"applied-architectures\constitutional-game-runtime\ARCHITECTURE_INTEGRATION_RECORD.md","DOCUMENTATION",".md","1105","69658B1603F0EB58A339A6DE603DEAEB03271F941DD8EB2563E56A747532131B","ELIGIBLE"
"applied-architectures\constitutional-game-runtime\IMPLEMENTATION_STATUS_MODEL.md","DOCUMENTATION",".md","601","05C9964B6734B8E56F6C6A280ACD3A243073F06B0EE8CF4C2D2C634BAA10D1C7","ELIGIBLE"
"applied-architectures\constitutional-game-runtime\MORNING_STAR_DEPENDENCY_MAP.md","DOCUMENTATION",".md","707","1D112D477C23174515895FC56D14C29DAD30669615C1E0BC19384683F7A92E15","ELIGIBLE"
"applied-architectures\execution-assurance-foundation\ARCHITECTURE_INTEGRATION_RECORD.md","DOCUMENTATION",".md","987","1EF1921463FAAB3A38F1CBCEAC0C24637A9577D946727DFF5297BFFC3A581BCF","ELIGIBLE"
"applied-architectures\execution-assurance-foundation\IMPLEMENTATION_STATUS_MODEL.md","DOCUMENTATION",".md","585","6EED8E8EAB367254257256C3959D901B18A62934649F1DE55B1823BC06A99825","ELIGIBLE"
"applied-architectures\execution-assurance-foundation\MORNING_STAR_DEPENDENCY_MAP.md","DOCUMENTATION",".md","730","F5C675CF5E6DC209CD1BD117AAEAA348232A4CDD409D13BE4818651B28F1DC9B","ELIGIBLE"
"applied-architectures\planetary-psychology-atlas\ARCHITECTURE_INTEGRATION_RECORD.md","DOCUMENTATION",".md","1235","0BF222DA89EDEC366D10CE4DE1317644FF791A2171ADCB3779E9A5BB5CD72D1C","ELIGIBLE"
"applied-architectures\planetary-psychology-atlas\IMPLEMENTATION_STATUS_MODEL.md","DOCUMENTATION",".md","847","588961CD191BEACC86340CB056EEEBAFDA0381B40D665A2F9A657B424189FE62","ELIGIBLE"
"applied-architectures\planetary-psychology-atlas\MORNING_STAR_DEPENDENCY_MAP.md","DOCUMENTATION",".md","980","E1755A9B69CAA1A8EDBBDECB6FE5425AD81DB59C265863FEE11DB0F6FAD9831E","ELIGIBLE"
"applied-development\constitutional-game-runtime\APPLICATION_MODEL.md","DOCUMENTATION",".md","757","E52F1CD2ED4C301F85DA2B58ACCF7A5D07B534EF00A74E92F7717D0DA41BD0D4","ELIGIBLE"
"applied-development\constitutional-game-runtime\ARCHITECTURE_INTEGRATION_MODEL.md","DOCUMENTATION",".md","737","A29EF894D8E181BF972C108D792634EFD03B4FAECF2421139AE9FB0BD1A6558F","ELIGIBLE"
"applied-development\constitutional-game-runtime\VALIDATION_PATHWAY.md","DOCUMENTATION",".md","642","C6090BEDA3B9BD233C15D1D5105628B31E44B118FB7AD79293197E5EBA3ED9F5","ELIGIBLE"
"applied-development\execution-assurance\APPLICATION_MODEL.md","DOCUMENTATION",".md","783","2E97C6BE12F052EF5951AECF0E63D31175DDAA0CF007AAE3EB19C781B5C257CA","ELIGIBLE"
"applied-development\execution-assurance\ARCHITECTURE_INTEGRATION_MODEL.md","DOCUMENTATION",".md","750","7CE242B3D723EE366ECDCEDBDB0BAB5992BF5B29620ED01DF19902BBDB80EE08","ELIGIBLE"
"applied-development\execution-assurance\VALIDATION_PATHWAY.md","DOCUMENTATION",".md","707","373BF084DD075921CDF60808A2F0A0AE9370E954590A20B35B5E62D4BFFCE064","ELIGIBLE"
"applied-development\planetary-psychology-atlas\APPLICATION_MODEL.md","DOCUMENTATION",".md","758","9BECD3C0CC054908F94907E511AF5C8718014856CE536582BF47B52F7A8FAD96","ELIGIBLE"
"applied-development\planetary-psychology-atlas\ARCHITECTURE_INTEGRATION_MODEL.md","DOCUMENTATION",".md","666","B7FFE833639AFFE4C29B0343E466AEDD1804E6B16ECB33242A0E10E0D9B29CF3","ELIGIBLE"
"applied-development\planetary-psychology-atlas\VALIDATION_PATHWAY.md","DOCUMENTATION",".md","688","79448A373AF5164F232D28FF8EE0B28FA40DB0609C38BBA3CBD0804330EC8E27","ELIGIBLE"
"architecture\ORYNTH_DEPENDENCY_ARCHITECTURE.md","DOCUMENTATION",".md","4954","1C25E5971543EFEF7FD5A69C09686EF4C6A3A922F342E9F8218977A29336A2FE","ELIGIBLE"
"architecture-absolute-coherence-framework\absolute-architecture-continuum\ABSOLUTE_ARCHITECTURE_CONTINUUM.md","DOCUMENTATION",".md","1952","F3563BB69B7512C8B1490017AEA92A79C702EDC0ED9983A8C63C1F41D8A85FBA","ELIGIBLE"
"architecture-absolute-coherence-framework\absolute-architecture-continuum\CONTINUUM_EVOLUTION_RECORD.md","DOCUMENTATION",".md","1007","79AB3B6BDB4689E7104F46F23B44EB6648BEAB0D1AF67C23CF9FFD8F76A0121A","ELIGIBLE"
"architecture-absolute-coherence-framework\absolute-architecture-continuum\CONTINUUM_STATE_REGISTER.md","DOCUMENTATION",".md","1044","001559DD4AA14D05CE932FBC15B9C5EF56AB73D6EC7218929F87D574FDCEC401","ELIGIBLE"
"architecture-absolute-coherence-framework\cross-domain-intelligence-alignment\ALIGNMENT_EVOLUTION_RECORD.md","DOCUMENTATION",".md","1006","C1B670A060ABF606420AAC59ECED89CB858837A029FE2CDBE03D9BD743DFF9F0","ELIGIBLE"
"architecture-absolute-coherence-framework\cross-domain-intelligence-alignment\ALIGNMENT_STATE_REGISTER.md","DOCUMENTATION",".md","1029","4B5582B87B5A88B550FF8BCE95A4906983DC4FFF3B690ACE803C3D52FF455613","ELIGIBLE"
"architecture-absolute-coherence-framework\cross-domain-intelligence-alignment\CROSS_DOMAIN_INTELLIGENCE_ALIGNMENT.md","DOCUMENTATION",".md","1828","82CA97A7A316680B0C32BCE05412DC005AD71319E3D03E37768697A193AD1A6B","ELIGIBLE"
"architecture-absolute-coherence-framework\final-consolidation\ARCHITECTURE_ABSOLUTE_COHERENCE_COMPLETION_RECORD.md","DOCUMENTATION",".md","1098","6D0BD6592BC1872CE68112B5B4A60B4FBF137DC74F41D1667981AA456F0260C7","ELIGIBLE"
"architecture-absolute-coherence-framework\final-consolidation\ARCHITECTURE_ABSOLUTE_COHERENCE_VALIDATION_REPORT.md","DOCUMENTATION",".md","1013","AF080725A3F3120275AEB1A4BA882FD24A18D4AC24F17B6BCFA74EDB208AECFE","ELIGIBLE"
"architecture-absolute-coherence-framework\final-consolidation\COMPLETE_ABSOLUTE_COHERENCE_STATE.md","DOCUMENTATION",".md","1045","4920291DCE9BECED4BD41150D81E37C83927550D590861E3B67C28E0EDBF4125","ELIGIBLE"
"architecture-absolute-coherence-framework\recursive-coherence-governance\COHERENCE_GOVERNANCE_EVOLUTION_RECORD.md","DOCUMENTATION",".md","1031","97DFFD59892EE58EBF3FA4D3C26A1848B00E5F1F598BD3ABC2F162900694ADC3","ELIGIBLE"
"architecture-absolute-coherence-framework\recursive-coherence-governance\COHERENCE_GOVERNANCE_STATE_REGISTER.md","DOCUMENTATION",".md","1015","BA07029C4AF2D9ACA9D2C57804CC615F27D8CBCE0DCC95D20C6EBEC445F14C84","ELIGIBLE"
"architecture-absolute-coherence-framework\recursive-coherence-governance\RECURSIVE_COHERENCE_GOVERNANCE.md","DOCUMENTATION",".md","1817","9B95EAA9902D0D4B479AE89C1472C8B7D7E8001617A6A2790731A5DD8D005482","ELIGIBLE"
"architecture-absolute-coherence-framework\universal-state-coherence-modeling\COHERENCE_EVOLUTION_RECORD.md","DOCUMENTATION",".md","975","AB456A70F30301DF12F6F41C6D0EDFEB1E2418A9DD49535302CDF1A5AB095238","ELIGIBLE"
"architecture-absolute-coherence-framework\universal-state-coherence-modeling\COHERENCE_STATE_REGISTER.md","DOCUMENTATION",".md","935","95E4B36D6A04E6103C4C43209B2D34D563FE5BFA7A76D5F6DFF190573041FB8C","ELIGIBLE"
"architecture-absolute-coherence-framework\universal-state-coherence-modeling\UNIVERSAL_STATE_COHERENCE_MODELING.md","DOCUMENTATION",".md","1725","72B9B2DED9DD9E8B805CD41ADFA293FD089221C025342354266AC641EE927C98","ELIGIBLE"
"architecture-adaptation-framework\adaptive-governance-validation\ADAPTATION_APPROVAL_MODEL.md","DOCUMENTATION",".md","970","878AEFF137B73FA64366C549D6019CBBC5FBAC257CE25DBEFBBC2DFB42B72C48","ELIGIBLE"
"architecture-adaptation-framework\adaptive-governance-validation\ADAPTIVE_GOVERNANCE_VALIDATION.md","DOCUMENTATION",".md","1081","7C6C0C78FEBFD8A19C5C22ADC23C0F51151A6E698CAD77A5F70A26ECC1844A72","ELIGIBLE"
"architecture-adaptation-framework\adaptive-governance-validation\ADAPTIVE_VALIDATION_RECORD.md","DOCUMENTATION",".md","779","27243623DA41E53624EC72BD3E527DF63144A86F39CB59500085C80ABD39A5C7","ELIGIBLE"
"architecture-adaptation-framework\adaptive-state-modeling\ADAPTIVE_STATE_MODELING.md","DOCUMENTATION",".md","1225","CFFCA3D49BA764FDCC352FEA960AD647EB6BB75EE605CC544542A368148E9820","ELIGIBLE"
"architecture-adaptation-framework\adaptive-state-modeling\ADAPTIVE_STATE_REFERENCE_MODEL.md","DOCUMENTATION",".md","1067","54B21164CB589D4CBA4B4FA79598056D2C48E3E72DAF2D74CF029C6E4D1AC204","ELIGIBLE"
"architecture-adaptation-framework\adaptive-state-modeling\ADAPTIVE_STATUS_RECORD.md","DOCUMENTATION",".md","774","8065EDEAE2D908F82BD92E734FA918C65F48AAF4F963007BC39545504DB8EF9B","ELIGIBLE"
"architecture-adaptation-framework\evolution-constraint-management\CONSTRAINT_EVALUATION_MODEL.md","DOCUMENTATION",".md","1099","CA41574B89480F412A2C01F99D93404E8265B34D1620A75310DFA33A3E41E262","ELIGIBLE"
"architecture-adaptation-framework\evolution-constraint-management\EVOLUTION_CONSTRAINT_MANAGEMENT.md","DOCUMENTATION",".md","1139","6E2D31DC6EFC10463520A745704E4F2FB4DC00DE9D66BBC7D433F362C48C229C","ELIGIBLE"
"architecture-adaptation-framework\evolution-constraint-management\EVOLUTION_CONSTRAINT_RECORD.md","DOCUMENTATION",".md","760","8B66677F9EEF0194E1A87EBFEF73468B60FFE3C25C0612D418A08B0465438530","ELIGIBLE"
"architecture-adaptation-framework\final-consolidation\ARCHITECTURE_ADAPTATION_COMPLETION_RECORD.md","DOCUMENTATION",".md","1150","8AF841E1E6DC0BE91EBBEBF2D24F26959EB243E47A4D11E7F9A3651FE788CF3C","ELIGIBLE"
"architecture-adaptation-framework\final-consolidation\ARCHITECTURE_ADAPTATION_VALIDATION_REPORT.md","DOCUMENTATION",".md","980","326563A0D630BAD343766BB4050C54AF5404092FFAB34022930D93AE13EE0EF3","ELIGIBLE"
"architecture-adaptation-framework\final-consolidation\MORNING_STAR_ADAPTIVE_REFERENCE_STATE.md","DOCUMENTATION",".md","1169","D5E380F7E07F415068F02EABCCFCFC8A5CF58D776A7BBC09D0562AA804F3FC87","ELIGIBLE"
"architecture-adaptation-framework\long-term-evolution-continuity\CONTINUITY_EVOLUTION_VALIDATION.md","DOCUMENTATION",".md","993","1121BFC8D57CEE83F113C1FCA5B620C1D7490C1DB49580A17BFF05C179CED6B6","ELIGIBLE"
"architecture-adaptation-framework\long-term-evolution-continuity\EVOLUTION_HISTORY_RECORD.md","DOCUMENTATION",".md","932","6160F9FF0F017FCB3DF3D04B28733846450ECFC55C4AA3249C18B00D3062837D","ELIGIBLE"
"architecture-adaptation-framework\long-term-evolution-continuity\LONG_TERM_EVOLUTION_CONTINUITY.md","DOCUMENTATION",".md","1261","454A4D970B46016FFF0B0D72E4D2F13C698648CF1C267703BD3D194419CD3A26","ELIGIBLE"
"architecture-adaptive-intelligence-framework\adaptive-architecture-continuum\ADAPTIVE_ARCHITECTURE_CONTINUUM.md","DOCUMENTATION",".md","2025","EACBFBF855943D71751878E141DF678BB7BA3A9FABE761027748C34D44C5F820","ELIGIBLE"
"architecture-adaptive-intelligence-framework\adaptive-architecture-continuum\CONTINUUM_EVOLUTION_RECORD.md","DOCUMENTATION",".md","1002","5709E2271F9550E3FA3B9F8186F36580CDD3857762CD967222F6FF9F65180E91","ELIGIBLE"
"architecture-adaptive-intelligence-framework\adaptive-architecture-continuum\CONTINUUM_STATE_REGISTER.md","DOCUMENTATION",".md","1085","1DA8BCC6A5843C93EC439FE26AD4867880C77803D0901ABCC0AFFAF8EB39B77D","ELIGIBLE"
"architecture-adaptive-intelligence-framework\architecture-adaptation-integration-mapping\ADAPTIVE_INTEGRATION_RECORD.md","DOCUMENTATION",".md","1006","672A86604232AE818337B52A1B9E4FDABDB11C6AD9B6DCA4E808A06EF74DDCF7","ELIGIBLE"
"architecture-adaptive-intelligence-framework\architecture-adaptation-integration-mapping\ADAPTIVE_INTEGRATION_STATE_REGISTER.md","DOCUMENTATION",".md","1022","6A43AD4EE130FC8945B687D31A286098DD6647EDCE63BB8789EEE33CBF0FA3CA","ELIGIBLE"
"architecture-adaptive-intelligence-framework\architecture-adaptation-integration-mapping\ARCHITECTURE_ADAPTATION_INTEGRATION_MAPPING.md","DOCUMENTATION",".md","1823","9CEF83B9C5F15D59DC62DA874333EB7434FA194DE48EC70F9DC6D0557348E456","ELIGIBLE"
"architecture-adaptive-intelligence-framework\final-consolidation\ARCHITECTURE_ADAPTIVE_INTELLIGENCE_COMPLETION_RECORD.md","DOCUMENTATION",".md","1150","1259ACCE59735B85006F774F87E97F5AA3C1C8706DAFC0FB5C65E1F58EE7685E","ELIGIBLE"
"architecture-adaptive-intelligence-framework\final-consolidation\ARCHITECTURE_ADAPTIVE_INTELLIGENCE_VALIDATION_REPORT.md","DOCUMENTATION",".md","1124","FBD23F712F14AD58C247911E1A9ABA194CBBEA41EADF365612E690D9600E2089","ELIGIBLE"
"architecture-adaptive-intelligence-framework\final-consolidation\COMPLETE_ADAPTIVE_INTELLIGENCE_STATE.md","DOCUMENTATION",".md","1079","2CF7B877A37CA93C518E8F0EA1CD7BE16913E722FBE4AC8AFB2BA7E7EC640BBB","ELIGIBLE"
"architecture-adaptive-intelligence-framework\recursive-adaptive-governance\ADAPTIVE_GOVERNANCE_RECORD.md","DOCUMENTATION",".md","941","EA2C3CA88B03FB94EDF09FA84BD2ED305F9C6EE34CA9B37770A5BDBCD4A59539","ELIGIBLE"
"architecture-adaptive-intelligence-framework\recursive-adaptive-governance\ADAPTIVE_GOVERNANCE_STATE_REGISTER.md","DOCUMENTATION",".md","1025","3D28CEFF65DEF4C5B18D0B01FD66C5DC4836EAD163CA3EB214DE8110F7499E75","ELIGIBLE"
"architecture-adaptive-intelligence-framework\recursive-adaptive-governance\RECURSIVE_ADAPTIVE_GOVERNANCE.md","DOCUMENTATION",".md","1777","712FB96AE1968319956B47EC8E9BED7A94ADB432CC5E37F1BA21AB0AFCF9F4B4","ELIGIBLE"
"architecture-adaptive-intelligence-framework\unified-adaptive-intelligence-modeling\ADAPTIVE_EVOLUTION_RECORD.md","DOCUMENTATION",".md","1017","5A038E9129012419B5F54130ADACDB95C4315A7D9F9DD889FAC0F406ABCB2B15","ELIGIBLE"
"architecture-adaptive-intelligence-framework\unified-adaptive-intelligence-modeling\ADAPTIVE_STATE_REGISTER.md","DOCUMENTATION",".md","1035","F8968E9C2084DB598810D2C9EEE2679CA1C71B6C67F46C05F35B8160C6DB548C","ELIGIBLE"
"architecture-adaptive-intelligence-framework\unified-adaptive-intelligence-modeling\UNIFIED_ADAPTIVE_INTELLIGENCE_MODELING.md","DOCUMENTATION",".md","1874","9C6C3653EABE7EF8DECE2C75B76F863D5E248583E8D65C43008CE9DDF643F936","ELIGIBLE"
"architecture-adaptive-synthesis\adaptive-knowledge-evolution\ADAPTIVE_KNOWLEDGE_EVOLUTION.md","DOCUMENTATION",".md","1429","D456F1B178503D4885132C3FC2D269D09ED8A260568A88CA0EBA674C183BEAE5","ELIGIBLE"
"architecture-adaptive-synthesis\adaptive-knowledge-evolution\KNOWLEDGE_ADAPTATION_REGISTER.md","DOCUMENTATION",".md","1053","B65A6526047788EED00564FE5DE8A4FEC69AB96E10F52410ACDA2D9497A2A5A8","ELIGIBLE"
"architecture-adaptive-synthesis\adaptive-knowledge-evolution\KNOWLEDGE_EVOLUTION_RECORD.md","DOCUMENTATION",".md","958","FF7E1433DCDE57A686AD6318DC3E98D4900D73C229D30BC22E3ED1828043C8C4","ELIGIBLE"
"architecture-adaptive-synthesis\dynamic-architecture-synthesis\DYNAMIC_ARCHITECTURE_SYNTHESIS.md","DOCUMENTATION",".md","1490","E16F88D9B254527030BE90DA98DF00765E6C2FDE84AB65E0D7E855E9A6F1333E","ELIGIBLE"
"architecture-adaptive-synthesis\dynamic-architecture-synthesis\SYNTHESIS_EVOLUTION_RECORD.md","DOCUMENTATION",".md","958","7893C3958D394E2E1CAD858F5A5441755039EF21262D2606D6CAE39943FFD50F","ELIGIBLE"
"architecture-adaptive-synthesis\dynamic-architecture-synthesis\SYNTHESIS_STATE_REGISTER.md","DOCUMENTATION",".md","1035","51EEAAA7779A28888F12D4671274E478323181337B831CC90C879E6135AA942E","ELIGIBLE"
"architecture-adaptive-synthesis\emergent-pattern-integration\EMERGENT_PATTERN_INTEGRATION.md","DOCUMENTATION",".md","1466","D797938CCA2F9745E3ACDE50C18FE40F69C1DD4388761024CED929D7F450CC28","ELIGIBLE"
"architecture-adaptive-synthesis\emergent-pattern-integration\PATTERN_EVOLUTION_RECORD.md","DOCUMENTATION",".md","959","F2F54B197DA9305A87422544FBA90272376090F93CD31B22E240338256F6CAC5","ELIGIBLE"
"architecture-adaptive-synthesis\emergent-pattern-integration\PATTERN_INTEGRATION_REGISTER.md","DOCUMENTATION",".md","1048","996604BEC4C0A69FE73958791194911557D86B3DEE12A3E407EB9684109BCABD","ELIGIBLE"
"architecture-adaptive-synthesis\final-consolidation\ARCHITECTURE_ADAPTIVE_SYNTHESIS_COMPLETION_RECORD.md","DOCUMENTATION",".md","1065","85B5B2EA33F87857BCA932CC393A1EBF347921CF53F1C27E7BE5EA52A9D757B7","ELIGIBLE"
"architecture-adaptive-synthesis\final-consolidation\ARCHITECTURE_ADAPTIVE_SYNTHESIS_VALIDATION_REPORT.md","DOCUMENTATION",".md","989","D5D495BE030C640352B882616BD35F15C9318B73C133AB578036EF23DBC765A4","ELIGIBLE"
"architecture-adaptive-synthesis\final-consolidation\COMPLETE_ADAPTIVE_SYNTHESIS_ARCHITECTURE_STATE.md","DOCUMENTATION",".md","980","F8D31A39EFE7B957510BE2952BE12C0E4AEBC6BFC7BA59B5A18C77E757F118D1","ELIGIBLE"
"architecture-adaptive-synthesis\self-organizing-architecture-framework\ORGANIZATION_EVOLUTION_RECORD.md","DOCUMENTATION",".md","998","DC9DA0FD5E54F5EFF2287BCF21DC0C8171C3DA2FF0D60AC2501910FA392F8573","ELIGIBLE"
"architecture-adaptive-synthesis\self-organizing-architecture-framework\ORGANIZATION_STATE_REGISTER.md","DOCUMENTATION",".md","1040","69ED71A2A19A32A5DC65F4ECD1B32A752D87E3A9E325161157BAA2355B96F003","ELIGIBLE"
"architecture-adaptive-synthesis\self-organizing-architecture-framework\SELF_ORGANIZING_ARCHITECTURE_FRAMEWORK.md","DOCUMENTATION",".md","1714","DA591A14F05312D9F0E11ED5E02826B07D71045A7391805A6766F840EB5513EA","ELIGIBLE"
"architecture-adoption-framework\deployment-governance\DEPLOYMENT_CONTROL_MODEL.md","DOCUMENTATION",".md","1023","BDDC814A5067655C996AD06D43E1D51B12E616A4518E230F986B197E70E839D1","ELIGIBLE"
"architecture-adoption-framework\deployment-governance\DEPLOYMENT_GOVERNANCE.md","DOCUMENTATION",".md","1096","BCE8A4819C71FD749F5FD58B24DC938BE159C96F01DB25193EC7B222C4926EBC","ELIGIBLE"
"architecture-adoption-framework\deployment-governance\DEPLOYMENT_STATUS_RECORD.md","DOCUMENTATION",".md","792","8EC9CE1D7A03A83A110D633161A34FDCA0780E29B31BD7F96D0455B2845F554B","ELIGIBLE"
"architecture-adoption-framework\final-consolidation\ARCHITECTURE_ADOPTION_COMPLETION_RECORD.md","DOCUMENTATION",".md","1048","02D8B84C454360A35593978192E3E32D9D0FFF124C20B73733300F5E973EE0B4","ELIGIBLE"
"architecture-adoption-framework\final-consolidation\ARCHITECTURE_ADOPTION_VALIDATION_REPORT.md","DOCUMENTATION",".md","957","98F743A3B2BA1D5F623323350F4EDA3A5C9FA28773F7C744624F659625568511","ELIGIBLE"
"architecture-adoption-framework\final-consolidation\MORNING_STAR_GLOBAL_ADOPTION_REFERENCE_STATE.md","DOCUMENTATION",".md","1262","3DD2F796DE3C1FD46FA83C2155CA0AB30CE44ACC4D887C8EA937246B9F609D2F","ELIGIBLE"
"architecture-adoption-framework\global-adoption-continuity\ADOPTION_SCALE_MODEL.md","DOCUMENTATION",".md","1066","D8C185E52286EF211D93039DD0CBAE7987C30629FF036AFC2EAF290D4C0B909C","ELIGIBLE"
"architecture-adoption-framework\global-adoption-continuity\ADOPTION_STATUS_RECORD.md","DOCUMENTATION",".md","767","E8B1EC1579C54E7F29251D3AE3ABBC5B54B67E718702B63328626625330BAB89","ELIGIBLE"
"architecture-adoption-framework\global-adoption-continuity\GLOBAL_ADOPTION_CONTINUITY.md","DOCUMENTATION",".md","1216","645E3259FC7F0C48BB3DBA2801670BAB4A9C6CD039B3DDA9D59765FC4CDB2D9A","ELIGIBLE"
"architecture-adoption-framework\implementation-pathway-definition\IMPLEMENTATION_MODEL.md","DOCUMENTATION",".md","1072","FDA974C4C038D8A9D3F13893ADC1929FF68F9BAAE3259E7553EACB43D6064817","ELIGIBLE"
"architecture-adoption-framework\implementation-pathway-definition\IMPLEMENTATION_PATHWAY_DEFINITION.md","DOCUMENTATION",".md","1204","AA2D6CC1A0F5146E88F928BCAE31EE116EBD6664C68661E2CCB56E67683E6B48","ELIGIBLE"
"architecture-adoption-framework\implementation-pathway-definition\IMPLEMENTATION_STATUS_RECORD.md","DOCUMENTATION",".md","794","FD0D7CDB46959DFD0F4923B646CCE5557FB7B790A8E541507FBE8E3BFD5189C0","ELIGIBLE"
"architecture-adoption-framework\stakeholder-integration-model\PARTICIPATION_MODEL.md","DOCUMENTATION",".md","1100","8A3970BD4E218645753F8ED5B3D485417E4240376ABD4E7165ADA7F2E374A146","ELIGIBLE"
"architecture-adoption-framework\stakeholder-integration-model\STAKEHOLDER_INTEGRATION_MODEL.md","DOCUMENTATION",".md","1189","E3FE8A21A572F3537DE374C43D05B96D95DA7099176DBBB53803E8EF2C63D6D5","ELIGIBLE"
"architecture-adoption-framework\stakeholder-integration-model\STAKEHOLDER_STATUS_RECORD.md","DOCUMENTATION",".md","753","5A54BE0F77804AFB55032FCB8012106BB0974828DE937A7E0A8A5539DF7708D4","ELIGIBLE"
"architecture-agency-framework\agency-continuity-preservation\AGENCY_CONTINUITY_MODEL.md","DOCUMENTATION",".md","1113","82918853081559DE55A5E1200D805F1D91DC47BB8CE8FFEF18EF2100B8A60A72","ELIGIBLE"
"architecture-agency-framework\agency-continuity-preservation\AGENCY_CONTINUITY_PRESERVATION.md","DOCUMENTATION",".md","1364","1007F50DA110C3E74506920716A9923A33B7F2B8492B4F347206985ECFC90EAA","ELIGIBLE"
"architecture-agency-framework\agency-continuity-preservation\AGENCY_CONTINUITY_STATUS_RECORD.md","DOCUMENTATION",".md","830","8B403E8CC841A15EE7848F3C742BA45E8124FFDABE69A6FF54F789BD7FA4DBB7","ELIGIBLE"
"architecture-agency-framework\agency-governance-system\AGENCY_CONTROL_MODEL.md","DOCUMENTATION",".md","1043","C71AA856AC4ACDCB9D16C0362585C11F11BD78FF7E8B56B5CEF98BC4A287DABD","ELIGIBLE"
"architecture-agency-framework\agency-governance-system\AGENCY_GOVERNANCE_STATUS_RECORD.md","DOCUMENTATION",".md","821","C95E8527DE95D23E951E3448D8A512477E9E219E9189B9B4FFB6825A8A04786E","ELIGIBLE"
"architecture-agency-framework\agency-governance-system\AGENCY_GOVERNANCE_SYSTEM.md","DOCUMENTATION",".md","1259","A096A6766B262A2B164C3B7357EF74E2911FE74F9A21186498F09B953DEA31B8","ELIGIBLE"
"architecture-agency-framework\agency-state-modeling\AGENCY_MODEL.md","DOCUMENTATION",".md","1037","F3EC1C8F48FDD0749B6A5F2C5D90955EAD20FD4E275F5779AAA745A09C690637","ELIGIBLE"
"architecture-agency-framework\agency-state-modeling\AGENCY_STATE_MODELING.md","DOCUMENTATION",".md","1207","61DA86604E2738F6E3DBF91C655915D778C00B03DD591C43EE58BA06EE6FD429","ELIGIBLE"
"architecture-agency-framework\agency-state-modeling\AGENCY_STATUS_RECORD.md","DOCUMENTATION",".md","761","3735FE0C2F132824C7321F92D734727E135E1323889A6BAB831B03BB8DE4F5D2","ELIGIBLE"
"architecture-agency-framework\autonomous-capability-coordination\AUTONOMOUS_CAPABILITY_COORDINATION.md","DOCUMENTATION",".md","1292","B87A6BCE30AD1F007F55AF27BB93839E54B8E3C070D9FB14611900D864469433","ELIGIBLE"
"architecture-agency-framework\autonomous-capability-coordination\CAPABILITY_COORDINATION_MODEL.md","DOCUMENTATION",".md","1150","5C91B7DF87951F4D4573B636CB3EA81D79EB248E94465E971C0853C3CA3A6183","ELIGIBLE"
"architecture-agency-framework\autonomous-capability-coordination\CAPABILITY_STATUS_RECORD.md","DOCUMENTATION",".md","834","3B6FC9C050F981CCC3BDCD5B5CA5EE2D42B3B73378A83A855C8202DB31AAA42C","ELIGIBLE"
"architecture-agency-framework\final-consolidation\ARCHITECTURE_AGENCY_COMPLETION_RECORD.md","DOCUMENTATION",".md","1052","163A2D144B5637FBA1ABB36C50D44246685CC90FD0C69756165B9CA50A8FAE51","ELIGIBLE"
"architecture-agency-framework\final-consolidation\ARCHITECTURE_AGENCY_VALIDATION_REPORT.md","DOCUMENTATION",".md","993","AA7B99A2CD2BF7C3BCB17D1243D2751784242DB9E9C4B24E2889E43765A59D40","ELIGIBLE"
"architecture-agency-framework\final-consolidation\MORNING_STAR_GLOBAL_AGENCY_REFERENCE_STATE.md","DOCUMENTATION",".md","1307","39C66CD52E0D0EB3DA1ED9751FE0039049B62BD7BF15BA648AE740DD8CB431BE","ELIGIBLE"
"architecture-assurance-framework\architecture-reliability-assessment\ARCHITECTURE_RELIABILITY_ASSESSMENT.md","DOCUMENTATION",".md","1251","5FC3B73D1C31CFBB8FF6314285F613E1CE846CB602DCB1ED7EB85323E0084B2F","ELIGIBLE"
"architecture-assurance-framework\architecture-reliability-assessment\RELIABILITY_EVALUATION_MODEL.md","DOCUMENTATION",".md","1022","3BDA57AE879D29DF28769E6E8E6E7C6DD0E768DDF9D9EA388A25830EA63E79C8","ELIGIBLE"
"architecture-assurance-framework\architecture-reliability-assessment\RELIABILITY_STATUS_RECORD.md","DOCUMENTATION",".md","796","C3A2073E82F534C4559089D7FD1F8DED770981607B5420672FA19BDBB7204CFB","ELIGIBLE"
"architecture-assurance-framework\assurance-baseline-establishment\ASSURANCE_BASELINE_ESTABLISHMENT.md","DOCUMENTATION",".md","1229","20FA2EF93B545471404E835FF6AF66D5AE7D9B015D6A28A2FA149AD68202002C","ELIGIBLE"
"architecture-assurance-framework\assurance-baseline-establishment\ASSURANCE_REFERENCE_MODEL.md","DOCUMENTATION",".md","978","5510CFC4B2BDBDA0806395D4CF3C6EF93DB68113E6794BB9F8B9F61B46B709A6","ELIGIBLE"
"architecture-assurance-framework\assurance-baseline-establishment\BASELINE_STATUS_RECORD.md","DOCUMENTATION",".md","755","61958A74E03D3E83EFEBD077FC2C1EEE6D28F4E9DD6534D831DEA939227D7A2B","ELIGIBLE"
"architecture-assurance-framework\assurance-continuity-model\ASSURANCE_CONTINUITY_MODEL.md","DOCUMENTATION",".md","1142","DB5D7DE151B96BB65401E7C603403479B0BE7789FC8232BF2AA9D84CD84FE2AD","ELIGIBLE"
"architecture-assurance-framework\assurance-continuity-model\ASSURANCE_HISTORY_RECORD.md","DOCUMENTATION",".md","877","281A4CF0748CB2357C2210C54710D17E0BC122B12AF7B0D3745669ECAC8C8B50","ELIGIBLE"
"architecture-assurance-framework\assurance-continuity-model\CONTINUITY_VALIDATION_RECORD.md","DOCUMENTATION",".md","932","292F9502AEFF4A00F07E38F8BC57C9E65CE6DAFA663C4A2210189B15B2705EE6","ELIGIBLE"
"architecture-assurance-framework\final-consolidation\ARCHITECTURE_ASSURANCE_COMPLETION_RECORD.md","DOCUMENTATION",".md","1093","94CB5E54A279B02CDF160C5CEAB0783CACA7A7EBE67F2BACDE43896B8DE5F5A7","ELIGIBLE"
"architecture-assurance-framework\final-consolidation\ARCHITECTURE_ASSURANCE_VALIDATION_REPORT.md","DOCUMENTATION",".md","951","22AEF1E167C4F2F2451D623DAB6EEE09689EB9CF9C82737BC374DEAA4AC863A2","ELIGIBLE"
"architecture-assurance-framework\final-consolidation\MORNING_STAR_ASSURED_REFERENCE_STATE.md","DOCUMENTATION",".md","1092","B39D7F16D8D32D88ED6C7B735931609C6BFD1E55E60BED69000D7FFA7E3ACA9A","ELIGIBLE"
"architecture-assurance-framework\verification-evidence-management\EVIDENCE_CHAIN_MODEL.md","DOCUMENTATION",".md","934","E80288EE8F60D05AD3EF5AEE140567B52E2135862FAAA770A8394E2F71C225B1","ELIGIBLE"
"architecture-assurance-framework\verification-evidence-management\EVIDENCE_VALIDATION_RECORD.md","DOCUMENTATION",".md","738","DBC76B6B11F8E450061042C95AB469B66D032C24774CDF2FF33896D3BBEEFFCB","ELIGIBLE"
"architecture-assurance-framework\verification-evidence-management\VERIFICATION_EVIDENCE_MANAGEMENT.md","DOCUMENTATION",".md","1108","BD0C38CD5C04C72AE528CCB3398F149439C1D62CFFF99A43F5DC036FBEC581CE","ELIGIBLE"
"architecture-autonomous-governance\adaptive-governance-intelligence\ADAPTIVE_GOVERNANCE_INTELLIGENCE.md","DOCUMENTATION",".md","1379","0E027DAA394AAC770D95ED8935CFDD09BF04FE6DDB2839F9ED7FF1D1F4F2108B","ELIGIBLE"
"architecture-autonomous-governance\adaptive-governance-intelligence\GOVERNANCE_INTELLIGENCE_EVOLUTION_RECORD.md","DOCUMENTATION",".md","1034","1024E799BE5F17032D3A3A9539F91D8E766A7AF3908E096FF1DF9D5CD12E756B","ELIGIBLE"
"architecture-autonomous-governance\adaptive-governance-intelligence\GOVERNANCE_INTELLIGENCE_REGISTER.md","DOCUMENTATION",".md","1039","763134BF616914455D8A78F6591FFF11A11DF833A65D6BECB70C972EFDE93C63","ELIGIBLE"
"architecture-autonomous-governance\autonomous-architecture-monitoring\AUTONOMOUS_ARCHITECTURE_MONITORING.md","DOCUMENTATION",".md","1352","48A05E2FC842C0723657F05C85FB91EBB3B29CB2D45CFFE8127F3E1A29669684","ELIGIBLE"
"architecture-autonomous-governance\autonomous-architecture-monitoring\MONITORING_EVOLUTION_RECORD.md","DOCUMENTATION",".md","949","795D2397EA7C245ADE4F926B29C10025911B14476A17A9E8084BF0A64195263A","ELIGIBLE"
"architecture-autonomous-governance\autonomous-architecture-monitoring\MONITORING_STATE_REGISTER.md","DOCUMENTATION",".md","963","86FCDE423AE7C029103720C3C2A882553BEF6462EC35F9B85204C66AD380026F","ELIGIBLE"
"architecture-autonomous-governance\final-consolidation\AUTONOMOUS_GOVERNANCE_COMPLETION_RECORD.md","DOCUMENTATION",".md","987","19DB1B5E2CEEA4A9C5290EDA5A2048A0FE33ADDAA99B507469EFBC023A26AADC","ELIGIBLE"
"architecture-autonomous-governance\final-consolidation\AUTONOMOUS_GOVERNANCE_VALIDATION_REPORT.md","DOCUMENTATION",".md","967","EF479995DEBEA5FC109673F87D696175E4D831A04726D12CD175E3313D39E734","ELIGIBLE"
"architecture-autonomous-governance\final-consolidation\COMPLETE_AUTONOMOUS_ARCHITECTURE_GOVERNANCE_STATE.md","DOCUMENTATION",".md","998","D25C7BA9E9ED44194B1C2BFF448D6443FC1CAB684E306280CC71603DF9D021B0","ELIGIBLE"
"architecture-autonomous-governance\orynth-architecture-continuum\CONTINUUM_EVOLUTION_RECORD.md","DOCUMENTATION",".md","954","469E447B8AF2EE52597C36BC35C86079ED82AAC95622C5D20A214ADE376B108A","ELIGIBLE"
"architecture-autonomous-governance\orynth-architecture-continuum\CONTINUUM_STATE_REGISTER.md","DOCUMENTATION",".md","933","0F84CA3942D75CADD09829CA798C7DDA486F9A5898BB91C03360CDB05ED58991","ELIGIBLE"
"architecture-autonomous-governance\orynth-architecture-continuum\ORYNTH_ARCHITECTURE_CONTINUUM.md","DOCUMENTATION",".md","1406","3FE44CCB7F7547AF8FB6C54667301E4B34B5420F04668AB92195ED7E6E084E34","ELIGIBLE"
"architecture-autonomous-governance\self-regulating-reference-evolution\REFERENCE_EVOLUTION_RECORD.md","DOCUMENTATION",".md","963","00AB731EF55B64340C4BAC9E5BD299DDEE839CF5A7C9CACF54E3BE1A42A65302","ELIGIBLE"
"architecture-autonomous-governance\self-regulating-reference-evolution\REFERENCE_EVOLUTION_REGISTER.md","DOCUMENTATION",".md","1015","1A496D8588B644BFB21D9938887985D189B63931E24E4C1A0E280301804B4D3D","ELIGIBLE"
"architecture-autonomous-governance\self-regulating-reference-evolution\SELF_REGULATING_REFERENCE_EVOLUTION.md","DOCUMENTATION",".md","1442","90B8351CE6A49A866DADFB00D3ACE237C8A2FB2EBD2E3838BA527CF9F9BEE517","ELIGIBLE"
"architecture-autonomous-intelligence\autonomous-intelligence-continuity-model\AUTONOMOUS_CONTINUITY_EVOLUTION_RECORD.md","DOCUMENTATION",".md","1045","3CBA92EBE06ABB0867D7C4721F6712E0D0348547519F7C1D68DECCB115798722","ELIGIBLE"
"architecture-autonomous-intelligence\autonomous-intelligence-continuity-model\AUTONOMOUS_CONTINUITY_STATE_REGISTER.md","DOCUMENTATION",".md","1091","FC0882B4EB56910B66D25FBD8C13627F0EF638BDDA052C7132BEA8AB035D5FEC","ELIGIBLE"
"architecture-autonomous-intelligence\autonomous-intelligence-continuity-model\AUTONOMOUS_INTELLIGENCE_CONTINUITY_MODEL.md","DOCUMENTATION",".md","1836","64FAC88FF0E9E297D845B86F3438810038F851410B74F7A952642B81D9F74DAB","ELIGIBLE"
"architecture-autonomous-intelligence\autonomous-intelligence-state-formation\AUTONOMOUS_INTELLIGENCE_STATE_FORMATION.md","DOCUMENTATION",".md","1803","F3B4953C46BCF2FA6E6309104A3D20723357CCE4FCD740836DAF0BCE7A24E578","ELIGIBLE"
"architecture-autonomous-intelligence\autonomous-intelligence-state-formation\INTELLIGENCE_STATE_EVOLUTION_RECORD.md","DOCUMENTATION",".md","995","3E88D40A5FBB2A52EBD257B4A517E3B7DCEE657488A31C61D244FB889DAE9196","ELIGIBLE"
"architecture-autonomous-intelligence\autonomous-intelligence-state-formation\INTELLIGENCE_STATE_REGISTER.md","DOCUMENTATION",".md","1084","6B895F27416BB3AD08F8F52509431B4A41D1E5EAAF57FE6EE92921634620FA05","ELIGIBLE"
"architecture-autonomous-intelligence\autonomous-knowledge-integration\AUTONOMOUS_KNOWLEDGE_INTEGRATION.md","DOCUMENTATION",".md","1806","3EAA17E2388B5074B24F6F95A78BAD98BE6206BBE5B06384CFC7F09BFD81AC2F","ELIGIBLE"
"architecture-autonomous-intelligence\autonomous-knowledge-integration\KNOWLEDGE_EVOLUTION_RECORD.md","DOCUMENTATION",".md","1006","5E77AF0F4AD8B6A8B82EA08D7489168149B4F17F3A095C17DB8996E2DD9DC03F","ELIGIBLE"
"architecture-autonomous-intelligence\autonomous-knowledge-integration\KNOWLEDGE_STATE_REGISTER.md","DOCUMENTATION",".md","1034","4A3ADF3479D1E479307C7694BD8EB96DFA873100368B454186875D05EA9107B4","ELIGIBLE"
"architecture-autonomous-intelligence\final-consolidation\ARCHITECTURE_AUTONOMOUS_INTELLIGENCE_COMPLETION_RECORD.md","DOCUMENTATION",".md","1116","3F37D0CF3E120CBA736F945BCF20E401A8F28CA1B5C41EF5ACA0FF9A862DBB98","ELIGIBLE"
"architecture-autonomous-intelligence\final-consolidation\ARCHITECTURE_AUTONOMOUS_INTELLIGENCE_VALIDATION_REPORT.md","DOCUMENTATION",".md","1035","4D084CC8C454ABF18D4D5C505E042DDF5BE8175FFC26267ACF15607C101F5C53","ELIGIBLE"
"architecture-autonomous-intelligence\final-consolidation\COMPLETE_AUTONOMOUS_INTELLIGENCE_STATE.md","DOCUMENTATION",".md","1060","2FC5A17780A488F6A77C88193CD565C3FE70920B5AE0B528598CA711E5DC9081","ELIGIBLE"
"architecture-autonomous-intelligence\self-directed-architecture-optimization\OPTIMIZATION_EVOLUTION_RECORD.md","DOCUMENTATION",".md","1003","B00435200329B99B44F5CDD2C321CF554AAE6B02BE987885554EE29B3A46A6E4","ELIGIBLE"
"architecture-autonomous-intelligence\self-directed-architecture-optimization\OPTIMIZATION_STATE_REGISTER.md","DOCUMENTATION",".md","1033","B7335A68BE3E1EF8D2E9BD55E0778C6E611334D41C6FAA21E5BDFA41FB41E071","ELIGIBLE"
"architecture-autonomous-intelligence\self-directed-architecture-optimization\SELF_DIRECTED_ARCHITECTURE_OPTIMIZATION.md","DOCUMENTATION",".md","1851","3D528D000F1972A58C911B8A83C373252B09E4F9FB31CDA478B4E9A8029617E6","ELIGIBLE"
"architecture-autonomous-intelligence-framework\architecture-autonomy-integration-mapping\ARCHITECTURE_AUTONOMY_INTEGRATION_MAPPING.md","DOCUMENTATION",".md","1891","0E7F6D05366504F48194F13E3722CBC37A0FA40C3C767DBE9B9F482866791AFB","ELIGIBLE"
"architecture-autonomous-intelligence-framework\architecture-autonomy-integration-mapping\AUTONOMOUS_INTEGRATION_EVOLUTION_RECORD.md","DOCUMENTATION",".md","1040","008C4781113A0AC67F2A7CEE442FEF83CA7CB83D6CA49985AAA0E13074057362","ELIGIBLE"
"architecture-autonomous-intelligence-framework\architecture-autonomy-integration-mapping\AUTONOMOUS_INTEGRATION_STATE_REGISTER.md","DOCUMENTATION",".md","1049","8A1428BED5ABAE407FCE29B8972E4D8307DD4D567CA1FFEF31611886944E7883","ELIGIBLE"
"architecture-autonomous-intelligence-framework\autonomous-architecture-continuum\AUTONOMOUS_ARCHITECTURE_CONTINUUM.md","DOCUMENTATION",".md","2086","CDF3183AC340C9EC88EF39DD7B7888494D3075AEAA84D99198C8D0A15D6A4B34","ELIGIBLE"
"architecture-autonomous-intelligence-framework\autonomous-architecture-continuum\CONTINUUM_EVOLUTION_RECORD.md","DOCUMENTATION",".md","1014","47994B25EECC9877EBA72CD42DE7A60EDA1CEB00B67D545CF9DE8B03FFF772EA","ELIGIBLE"
"architecture-autonomous-intelligence-framework\autonomous-architecture-continuum\CONTINUUM_STATE_REGISTER.md","DOCUMENTATION",".md","1101","77FFF529243487FF81CFA2CF8252F4DF051A6E94751CA3EBCFCD9BB1D24A6C28","ELIGIBLE"
"architecture-autonomous-intelligence-framework\final-consolidation\ARCHITECTURE_AUTONOMOUS_INTELLIGENCE_COMPLETION_RECORD.md","DOCUMENTATION",".md","1193","41B0797D93640549399084B9CE00EB8D4CEEE3569D15766DCE21954E2DB09E56","ELIGIBLE"
"architecture-autonomous-intelligence-framework\final-consolidation\ARCHITECTURE_AUTONOMOUS_INTELLIGENCE_VALIDATION_REPORT.md","DOCUMENTATION",".md","1164","6AF3C644B6C5E9367166AA44F7AB0C587D5BAF17AA742E137B75F3C7B5C1E18F","ELIGIBLE"
"architecture-autonomous-intelligence-framework\final-consolidation\COMPLETE_AUTONOMOUS_INTELLIGENCE_STATE.md","DOCUMENTATION",".md","1133","1C75A3CAADF2627348809641F57C99A6A9408BABAA928DC1BE2565C0ABD4E8B4","ELIGIBLE"
"architecture-autonomous-intelligence-framework\recursive-autonomous-governance\AUTONOMOUS_GOVERNANCE_EVOLUTION_RECORD.md","DOCUMENTATION",".md","1034","5F34347F33F413108A39E41BD370575B65A0626E9F7D164232ED59D62D64C52B","ELIGIBLE"
"architecture-autonomous-intelligence-framework\recursive-autonomous-governance\AUTONOMOUS_GOVERNANCE_STATE_REGISTER.md","DOCUMENTATION",".md","1045","EDEF05DBE525F142A5D0ECB3C39DA3E8B03BAF7CD29867E6FA48ECDF5A9CFC89","ELIGIBLE"
"architecture-autonomous-intelligence-framework\recursive-autonomous-governance\RECURSIVE_AUTONOMOUS_GOVERNANCE.md","DOCUMENTATION",".md","1858","B8F1DA61D67177E0E3FE34E95F29A315E5791FAF75F80D72037C48E741815E9D","ELIGIBLE"
"architecture-autonomous-intelligence-framework\unified-autonomous-intelligence-modeling\AUTONOMOUS_EVOLUTION_RECORD.md","DOCUMENTATION",".md","992","F25E54A000F3156AD36A13E742293F81C4F0FE584A978811904ED8E9DEF4855C","ELIGIBLE"
"architecture-autonomous-intelligence-framework\unified-autonomous-intelligence-modeling\AUTONOMOUS_STATE_REGISTER.md","DOCUMENTATION",".md","1031","F15069BE87AC204CA4D405750EFEF3C1A4D92189BEADEC71F11136C161B3BCE5","ELIGIBLE"
"architecture-autonomous-intelligence-framework\unified-autonomous-intelligence-modeling\UNIFIED_AUTONOMOUS_INTELLIGENCE_MODELING.md","DOCUMENTATION",".md","1957","FF634A50A08DEB17BE595CCFB5F9EDC1A33CB5846AA4475A2A8276238EBD6FEA","ELIGIBLE"
"architecture-autonomous-synthesis-governance\adaptive-transition-management\ADAPTIVE_TRANSITION_MANAGEMENT.md","DOCUMENTATION",".md","1386","A6B56B831B0AEE24ADE1EBD3EA1B72E98AE3F5CC362F7E42E2031C23E568F6BA","ELIGIBLE"
"architecture-autonomous-synthesis-governance\adaptive-transition-management\TRANSITION_EVOLUTION_RECORD.md","DOCUMENTATION",".md","963","C00C412C713F491CF79039562E3CA46C83425F3DF697BCFBCBF3B006E08B6A96","ELIGIBLE"
"architecture-autonomous-synthesis-governance\adaptive-transition-management\TRANSITION_STATE_REGISTER.md","DOCUMENTATION",".md","946","3111031FD615D413D885F6805DC418EAE1A8AB38A25F7F35CF3C79ED7356BF64","ELIGIBLE"
"architecture-autonomous-synthesis-governance\continuous-synthesis-governance-model\CONTINUOUS_SYNTHESIS_GOVERNANCE_MODEL.md","DOCUMENTATION",".md","1692","3F9426A0D4AFD350CA25180375CD1AC032DA3DFC4EB736AE34BD0BB876D6AA6F","ELIGIBLE"
"architecture-autonomous-synthesis-governance\continuous-synthesis-governance-model\SYNTHESIS_GOVERNANCE_EVOLUTION_RECORD.md","DOCUMENTATION",".md","1014","F36C5823B02F49A046B2E0B438A99ED2EDCD873BC45FA3F193F56332A91B6A0B","ELIGIBLE"
"architecture-autonomous-synthesis-governance\continuous-synthesis-governance-model\SYNTHESIS_GOVERNANCE_REGISTER.md","DOCUMENTATION",".md","993","30EC167FFF89590BAE27DFE0B982BE67CF27D7816AE1D34AC51953354DB538B6","ELIGIBLE"
"architecture-autonomous-synthesis-governance\emergent-architecture-coordination\COORDINATION_EVOLUTION_RECORD.md","DOCUMENTATION",".md","1057","2E8CA3ADD3D212E284C78A505C7A63667AB7AB7BA877C7C4362FA66C52F18FF5","ELIGIBLE"
"architecture-autonomous-synthesis-governance\emergent-architecture-coordination\COORDINATION_STATE_REGISTER.md","DOCUMENTATION",".md","1059","ED5BEC26413C8631ED554AF29D7D49A8779DA82D3175A5A43E07EA2A594F8123","ELIGIBLE"
"architecture-autonomous-synthesis-governance\emergent-architecture-coordination\EMERGENT_ARCHITECTURE_COORDINATION.md","DOCUMENTATION",".md","1536","41108E4EC5D4EA30037CF0122085016E761024DD7681DCDB89A0E2F547927231","ELIGIBLE"
"architecture-autonomous-synthesis-governance\final-consolidation\ARCHITECTURE_AUTONOMOUS_SYNTHESIS_GOVERNANCE_COMPLETION_RECORD.md","DOCUMENTATION",".md","1121","5C9D5DDFE6E9BC353C83BED9B76B8F879C9538E0E9CC20361DAD1F6F00B78896","ELIGIBLE"
"architecture-autonomous-synthesis-governance\final-consolidation\ARCHITECTURE_AUTONOMOUS_SYNTHESIS_GOVERNANCE_VALIDATION_REPORT.md","DOCUMENTATION",".md","1015","6EBC3FD0FEE81315FBAA849AE718056384EB3B7712E137BB2F87485B36856639","ELIGIBLE"
"architecture-autonomous-synthesis-governance\final-consolidation\COMPLETE_AUTONOMOUS_SYNTHESIS_GOVERNANCE_STATE.md","DOCUMENTATION",".md","989","B0CA6528DE0E85D472ADBAE469029F2EA2176803F155D1D6BE11FE09E51560E8","ELIGIBLE"
"architecture-autonomous-synthesis-governance\synthesis-governance-intelligence\GOVERNANCE_EVOLUTION_RECORD.md","DOCUMENTATION",".md","980","C0F3FDC3ADA3B76D09603F8F16880D45171D2006CDA598A32204337ECE839FFE","ELIGIBLE"
"architecture-autonomous-synthesis-governance\synthesis-governance-intelligence\GOVERNANCE_STATE_REGISTER.md","DOCUMENTATION",".md","1006","E7810D9F9DE5D1CA75D90CC63244172C33944E9777F738398E22E7FDFA6E49A6","ELIGIBLE"
"architecture-autonomous-synthesis-governance\synthesis-governance-intelligence\SYNTHESIS_GOVERNANCE_INTELLIGENCE.md","DOCUMENTATION",".md","1411","6CE1D989B45AD71B14E868A54344CD6C22340987B096E91D5C26E1978B53D7E4","ELIGIBLE"
"architecture-autonomy-framework\autonomous-continuity-preservation\AUTONOMOUS_CONTINUITY_PRESERVATION.md","DOCUMENTATION",".md","1235","E17B674C22C9076776622FA44C8D64CF3579E04031185CCCE1A6A92F3DB149F9","ELIGIBLE"
"architecture-autonomy-framework\autonomous-continuity-preservation\CONTINUITY_AUTOMATION_MODEL.md","DOCUMENTATION",".md","1049","9E9503290042D82A9495CA534B47B60C711A16A6C4E46B41A2D5D45EAE027064","ELIGIBLE"
"architecture-autonomy-framework\autonomous-continuity-preservation\CONTINUITY_STATUS_RECORD.md","DOCUMENTATION",".md","791","FAA7B6250044067402A1E7A70FC4937EB3C3C4CADF615C1619C79DB05D1BB7B5","ELIGIBLE"
"architecture-autonomy-framework\autonomous-state-governance\AUTONOMOUS_STATE_GOVERNANCE.md","DOCUMENTATION",".md","1156","FEC4636CF86ED73DED5158E0128E65A92AA53CE08A235F3FF973462FB54CBFD0","ELIGIBLE"
"architecture-autonomy-framework\autonomous-state-governance\AUTONOMOUS_STATE_RECORD.md","DOCUMENTATION",".md","769","D292CDDC99C5E737531DE1A6D396D462369A9A7A1D19810DF17ED49F73C352EA","ELIGIBLE"
"architecture-autonomy-framework\autonomous-state-governance\STATE_DECISION_MODEL.md","DOCUMENTATION",".md","889","EE48725054FB5EC45EAA8CFD6AC16816BBF3E0D9B1B41E310E3892A5C65D9730","ELIGIBLE"
"architecture-autonomy-framework\autonomous-validation-intelligence\AUTONOMOUS_VALIDATION_INTELLIGENCE.md","DOCUMENTATION",".md","1178","7B761418B79024646C546410AECE8C9039371BD7673FD21B082AA35A2A7257CB","ELIGIBLE"
"architecture-autonomy-framework\autonomous-validation-intelligence\AUTONOMOUS_VALIDATION_RECORD.md","DOCUMENTATION",".md","803","772A2662E68E6A1A80FFBC11442E6D4300CE49970A331DC271B148704E44C27B","ELIGIBLE"
"architecture-autonomy-framework\autonomous-validation-intelligence\VALIDATION_DECISION_MODEL.md","DOCUMENTATION",".md","984","D444F93C0CDD6B9206EA9EEE2042CC74D91FF04CDB63BB01C1064F77F02B405B","ELIGIBLE"
"architecture-autonomy-framework\final-consolidation\ARCHITECTURE_AUTONOMY_COMPLETION_RECORD.md","DOCUMENTATION",".md","1205","7F833A62A30CC3A01943284DE45982E46AB2169D039C893F1F0BCE0154B23ACB","ELIGIBLE"
"architecture-autonomy-framework\final-consolidation\ARCHITECTURE_AUTONOMY_VALIDATION_REPORT.md","DOCUMENTATION",".md","1069","9A9BA34A7FCFA10CB6926C3D878F4A94A45F4E71C1EC68955ED5803B18780AD6","ELIGIBLE"
"architecture-autonomy-framework\final-consolidation\MORNING_STAR_AUTONOMOUS_REFERENCE_STATE.md","DOCUMENTATION",".md","1225","DA6E3029081A3779E5E90F6EB61693D93A3318241653D6E2BA79346E60F5831C","ELIGIBLE"
"architecture-autonomy-framework\self-regulating-architecture-controls\CONTROL_RESPONSE_MODEL.md","DOCUMENTATION",".md","975","F50C390CF297F39978CB04CDE9523514D7AD01D68F7AB59E404465C507868F95","ELIGIBLE"
"architecture-autonomy-framework\self-regulating-architecture-controls\CONTROL_STATUS_RECORD.md","DOCUMENTATION",".md","679","7B9E1AC8CDED7A1D2CC5168F1D8E3779AC7B68F408ED1D675EC310B4577B81D5","ELIGIBLE"
"architecture-autonomy-framework\self-regulating-architecture-controls\SELF_REGULATING_ARCHITECTURE_CONTROLS.md","DOCUMENTATION",".md","1163","0A8517D4EBE1EF04CAB2FF5F75572CB580E63388B3F7615C1501C7B5F1B7EBD9","ELIGIBLE"
"architecture-certification-continuum-framework\complete-architecture-evidence-consolidation\COMPLETE_ARCHITECTURE_EVIDENCE_CONSOLIDATION.md","DOCUMENTATION",".md","1218","4DD9C77077BFA04F6FB19EF6A7EEBC161C671E01D56F8D4A66A1B76E7158FE56","ELIGIBLE"
"architecture-certification-continuum-framework\complete-architecture-evidence-consolidation\EVIDENCE_LINEAGE_MODEL.md","DOCUMENTATION",".md","912","FD45D79F69983AB8D53C0B9FBBA9FE005776D98C02D2F465A77374398BDB4461","ELIGIBLE"
"architecture-certification-continuum-framework\complete-architecture-evidence-consolidation\EVIDENCE_STATUS_RECORD.md","DOCUMENTATION",".md","745","F2AC937A2B8F69E1E9C5D6C3CF3721A40DC223C024AB55037432B87F0CD4CECA","ELIGIBLE"
"architecture-certification-continuum-framework\cross-framework-verification-matrix\CROSS_FRAMEWORK_VERIFICATION_MATRIX.md","DOCUMENTATION",".md","1370","D755FDD88FBCB2E97C6E17BD470310EF4C346754E7A19E4717DE02327A882D07","ELIGIBLE"
"architecture-certification-continuum-framework\cross-framework-verification-matrix\VERIFICATION_RELATIONSHIP_MODEL.md","DOCUMENTATION",".md","946","93AC9A1A84E58E6E19AAE9DA04C5EECBC143D30633C483B9C04BF272FC524303","ELIGIBLE"
"architecture-certification-continuum-framework\cross-framework-verification-matrix\VERIFICATION_STATUS_RECORD.md","DOCUMENTATION",".md","764","685727662EDD1AB69D4FECA5190133BB98782905C0EFFAFB3D8CC2892EEB281E","ELIGIBLE"
"architecture-certification-continuum-framework\long-term-public-architecture-stewardship\LONG_TERM_PUBLIC_ARCHITECTURE_STEWARDSHIP.md","DOCUMENTATION",".md","1211","CEF9C474F5BAF9100F6EDF738AAC9DCA449FC586A6D372A39CA91048DEECE3E8","ELIGIBLE"
"architecture-certification-continuum-framework\long-term-public-architecture-stewardship\PUBLIC_REFERENCE_MODEL.md","DOCUMENTATION",".md","907","4A29FD14650163DBAFC84E34FA2AC7E2E1598E31C062BAAC85EC0B012A8DB584","ELIGIBLE"
"architecture-certification-continuum-framework\long-term-public-architecture-stewardship\STEWARDSHIP_STATUS_RECORD.md","DOCUMENTATION",".md","774","78597188EFF96916870EBCC0A5D6C2C8D70FE43013D1BFF69E0B9514329DC46A","ELIGIBLE"
"architecture-certification-continuum-framework\reference-state-certification\CERTIFICATION_DECISION_MODEL.md","DOCUMENTATION",".md","978","B8FD3CB93B44EA2B3B5F9F79FCC62665E7E4D62B4D2831A9A0469E0CD0552C9A","ELIGIBLE"
"architecture-certification-continuum-framework\reference-state-certification\CERTIFICATION_RECORD.md","DOCUMENTATION",".md","799","61C410C1B7C25B3D9DF31C0EECFCC40E4F920E2F6EA8DCAEC547BCEF49FA2BEF","ELIGIBLE"
"architecture-certification-continuum-framework\reference-state-certification\REFERENCE_STATE_CERTIFICATION.md","DOCUMENTATION",".md","1217","57B34A77EC87DF5A5F897A10D1D085FF9ABCDCB1AA3A34D695A2D903C2BDDA80","ELIGIBLE"
"architecture-cognition-framework\cognitive-continuity-preservation\COGNITIVE_CONTINUITY_MODEL.md","DOCUMENTATION",".md","1052","2D709A0248181E70318524B0DCEF921954DAD08B3F0FEAA03E25BCC5C8583F3F","ELIGIBLE"
"architecture-cognition-framework\cognitive-continuity-preservation\COGNITIVE_CONTINUITY_PRESERVATION.md","DOCUMENTATION",".md","1353","AFF9DDE90E2035CA28BA12B6D963BF1054A51786029032D3FB8D9E712D7B5954","ELIGIBLE"
"architecture-cognition-framework\cognitive-continuity-preservation\COGNITIVE_CONTINUITY_STATUS_RECORD.md","DOCUMENTATION",".md","827","C23985C1DF8EC0A1753103EBC9AF609797906B97E0648BA02372D5E352693256","ELIGIBLE"
"architecture-cognition-framework\cognitive-governance-system\COGNITIVE_CONTROL_MODEL.md","DOCUMENTATION",".md","1021","0BB0AD3AF1B5725FDD0AA49D5A41E9F40DE230343D9B778D311ED94C93385E51","ELIGIBLE"
"architecture-cognition-framework\cognitive-governance-system\COGNITIVE_GOVERNANCE_STATUS_RECORD.md","DOCUMENTATION",".md","835","8A0CF165EE33E8508B3DC4E761B13457DBC06E1D00843B459E957D590027C747","ELIGIBLE"
"architecture-cognition-framework\cognitive-governance-system\COGNITIVE_GOVERNANCE_SYSTEM.md","DOCUMENTATION",".md","1281","A1A8E096201223B610569BCE885145B4C9C0611326E4FD8C595D71B5599F116C","ELIGIBLE"
"architecture-cognition-framework\cognitive-state-modeling\COGNITIVE_MODEL.md","DOCUMENTATION",".md","1083","CC4623701D2A8F8E674F50BA3065FA37D8D61BE9FDD9A50ECB6258F916350834","ELIGIBLE"
"architecture-cognition-framework\cognitive-state-modeling\COGNITIVE_STATE_MODELING.md","DOCUMENTATION",".md","1224","EB1D5FF51649CD62FC9E075F241DDAB9300A2D55B3F45A5A127AE6A783F653A0","ELIGIBLE"
"architecture-cognition-framework\cognitive-state-modeling\COGNITIVE_STATUS_RECORD.md","DOCUMENTATION",".md","802","D3D2928688546F71EAA2860C263227EE0802D774E3BE5DE33A6F7955A4D99D5F","ELIGIBLE"
"architecture-cognition-framework\final-consolidation\ARCHITECTURE_COGNITION_COMPLETION_RECORD.md","DOCUMENTATION",".md","1136","D7725711E1765FCB2E847306C92F0F59672E57FEF88849B66C95C8FFB2166A64","ELIGIBLE"
"architecture-cognition-framework\final-consolidation\ARCHITECTURE_COGNITION_VALIDATION_REPORT.md","DOCUMENTATION",".md","1040","534AF3F1221C785DA3EB5BCD2C4A8B7E8D1836AE401A55422812B078F26D602C","ELIGIBLE"
"architecture-cognition-framework\final-consolidation\MORNING_STAR_GLOBAL_COGNITION_REFERENCE_STATE.md","DOCUMENTATION",".md","1614","06E8DD1CD16455B2404D5BD440909DE04C57B98846D5A0883E8887668CE8E933","ELIGIBLE"
"architecture-cognition-framework\unified-architecture-synthesis\SYNTHESIS_MODEL.md","DOCUMENTATION",".md","1071","EA9B9B17A1E7D422EECC33AE1D4C6A310B6B9991A16C9ACEB52B78C7D9A12CCA","ELIGIBLE"
"architecture-cognition-framework\unified-architecture-synthesis\SYNTHESIS_STATUS_RECORD.md","DOCUMENTATION",".md","836","594B9EBAD46DB5D8795D38D1C57CA8EA8FB68D2004523C203A473F3193AD9150","ELIGIBLE"
"architecture-cognition-framework\unified-architecture-synthesis\UNIFIED_ARCHITECTURE_SYNTHESIS.md","DOCUMENTATION",".md","1285","BDDD0DDB823F5F42987E4C61912B981CC5933D045C3FD4DCFB926075F040F472","ELIGIBLE"
"architecture-cognitive-integration\contextual-reasoning-framework\CONTEXTUAL_REASONING_FRAMEWORK.md","DOCUMENTATION",".md","1529","1BF773B689154A9871C489C0EAABE957E3D545ACF78D33ED2EC8156D609A6F1B","ELIGIBLE"
"architecture-cognitive-integration\contextual-reasoning-framework\REASONING_EVOLUTION_RECORD.md","DOCUMENTATION",".md","976","43E3EEFF768B95D300DD9004C880F324C5019CDF0C65342B88558DE7221FEAA7","ELIGIBLE"
"architecture-cognitive-integration\contextual-reasoning-framework\REASONING_STATE_REGISTER.md","DOCUMENTATION",".md","975","E2B171AD6E13689D03195AB205F953EDB0470A598AC7E0603A11143D35B49C5B","ELIGIBLE"
"architecture-cognitive-integration\cross-domain-intelligence-correlation\CROSS_DOMAIN_INTELLIGENCE_CORRELATION.md","DOCUMENTATION",".md","1372","79F59236E1C1B335E93527E53D98469069230CE51FEEF9B4559771BEAAB35504","ELIGIBLE"
"architecture-cognitive-integration\cross-domain-intelligence-correlation\INTELLIGENCE_CORRELATION_EVOLUTION_RECORD.md","DOCUMENTATION",".md","1022","B9904192069CF6571829CE3504ACEAA8AC963F24506A6985964A29210D9A2BE8","ELIGIBLE"
"architecture-cognitive-integration\cross-domain-intelligence-correlation\INTELLIGENCE_CORRELATION_REGISTER.md","DOCUMENTATION",".md","993","0B6010804D71923D0ED7EF24595CA2A3E08BBB8CD66C8508E5ECF36C2A404BF7","ELIGIBLE"
"architecture-cognitive-integration\final-consolidation\ARCHITECTURE_COGNITIVE_INTEGRATION_COMPLETION_RECORD.md","DOCUMENTATION",".md","1068","47996062F17343444F93BE46DAA7434B777BD4E7B2446811339026352F476E95","ELIGIBLE"
"architecture-cognitive-integration\final-consolidation\ARCHITECTURE_COGNITIVE_INTEGRATION_VALIDATION_REPORT.md","DOCUMENTATION",".md","993","18763C1A5A1CA7240362DE8DD1636FA60F1A09A0F6A17BC98C4A8F68CFFEC66B","ELIGIBLE"
"architecture-cognitive-integration\final-consolidation\COMPLETE_COGNITIVE_ARCHITECTURE_INTEGRATION_STATE.md","DOCUMENTATION",".md","996","891A3C3CD1CB0EC0088C799529802351BB8B39305DD84D7A01402D175C2FAE95","ELIGIBLE"
"architecture-cognitive-integration\integrated-cognitive-architecture-model\COGNITIVE_MODEL_EVOLUTION_RECORD.md","DOCUMENTATION",".md","1014","A1C00D2F0893E0AB996BD468C3AB6411E3B9AF24F214746B9D2A49C7DD212255","ELIGIBLE"
"architecture-cognitive-integration\integrated-cognitive-architecture-model\COGNITIVE_MODEL_REGISTER.md","DOCUMENTATION",".md","1012","DB0EB6D80438AB71A06DADD5D02BDF638BB890225CF8458DB04A4CF61C255CCF","ELIGIBLE"
"architecture-cognitive-integration\integrated-cognitive-architecture-model\INTEGRATED_COGNITIVE_ARCHITECTURE_MODEL.md","DOCUMENTATION",".md","1816","646105A0673B5BE640531C83091BDEC885D6A0A01F063F26882EC33288380AD8","ELIGIBLE"
"architecture-cognitive-integration\unified-semantic-architecture-mapping\SEMANTIC_MAPPING_EVOLUTION_RECORD.md","DOCUMENTATION",".md","1000","A7C5CE672B7F5AC78DEDECEC199F5AE3331ADE714ADC57A3DE6D4EEA95033344","ELIGIBLE"
"architecture-cognitive-integration\unified-semantic-architecture-mapping\SEMANTIC_MAPPING_REGISTER.md","DOCUMENTATION",".md","940","209074DCCB51B8FF874F5EBED6A1EBD37A107504F5DCC42733911F82CA30E230","ELIGIBLE"
"architecture-cognitive-integration\unified-semantic-architecture-mapping\UNIFIED_SEMANTIC_ARCHITECTURE_MAPPING.md","DOCUMENTATION",".md","1358","CE1419A2D613FAD8558E514FE68C46775C5C7C6F1B78CCBECAA35236044139B3","ELIGIBLE"
"architecture-coherent-intelligence-framework\architecture-coherent-intelligence-integration-mapping\ARCHITECTURE_COHERENT_INTELLIGENCE_INTEGRATION_MAPPING.md","DOCUMENTATION",".md","2122","001052C6E8FFB46907B894AD5CD09BEE4C54D9F188AC93C546F311EFB330B62B","ELIGIBLE"
"architecture-coherent-intelligence-framework\architecture-coherent-intelligence-integration-mapping\COHERENT_INTELLIGENCE_INTEGRATION_RECORD.md","DOCUMENTATION",".md","1052","FD0413252AAC7783E60358C43889DEF503562B72C8B74EE3BF9F510F4BF76C9F","ELIGIBLE"
"architecture-coherent-intelligence-framework\architecture-coherent-intelligence-integration-mapping\COHERENT_INTELLIGENCE_INTEGRATION_STATE_REGISTER.md","DOCUMENTATION",".md","1074","CFAA15D967FAE4620A2768D7CA6F4452371EDFD0ACA0507193896056419B96EC","ELIGIBLE"
"architecture-coherent-intelligence-framework\coherent-architecture-continuum\COHERENT_ARCHITECTURE_CONTINUUM.md","DOCUMENTATION",".md","2163","663374C45A206EC25A805BF5CBDD308209DF496CEEFF13C0998DDB44D01383D7","ELIGIBLE"
"architecture-coherent-intelligence-framework\coherent-architecture-continuum\CONTINUUM_EVOLUTION_RECORD.md","DOCUMENTATION",".md","1002","F9FA6FE1F3C270BE06A7F680ADFC392482FB7580199191260CB0AB0D574A8F39","ELIGIBLE"
"architecture-coherent-intelligence-framework\coherent-architecture-continuum\CONTINUUM_STATE_REGISTER.md","DOCUMENTATION",".md","1045","F816C20746F6E34F9F2EAAF2632097A64E5BB9B4EF867CC206C0A7BC24F2CEAA","ELIGIBLE"
"architecture-coherent-intelligence-framework\final-consolidation\ARCHITECTURE_COHERENT_INTELLIGENCE_COMPLETION_RECORD.md","DOCUMENTATION",".md","1210","D164D3090875F957A4F10FDD19574CA5DA6DD06B8412DAD4A1CC24B06BAF07D8","ELIGIBLE"
"architecture-coherent-intelligence-framework\final-consolidation\ARCHITECTURE_COHERENT_INTELLIGENCE_VALIDATION_REPORT.md","DOCUMENTATION",".md","1004","8DE022FE79399692304548BA46B221E12E43C31B5B4F6A9A2A44B3FA7FC4540C","ELIGIBLE"
"architecture-coherent-intelligence-framework\final-consolidation\COMPLETE_COHERENT_INTELLIGENCE_STATE.md","DOCUMENTATION",".md","1551","FCA0757276D83A45FF74B02E850705D9B671278EC46D389D7E69CF33A32EFAD3","ELIGIBLE"
"architecture-coherent-intelligence-framework\recursive-coherent-intelligence-governance\COHERENT_INTELLIGENCE_GOVERNANCE_RECORD.md","DOCUMENTATION",".md","970","8FFB237B5C8E7DED5D5A573B2DF93F4EE4975A8FBF46B203E1DEE3E75F160680","ELIGIBLE"
"architecture-coherent-intelligence-framework\recursive-coherent-intelligence-governance\COHERENT_INTELLIGENCE_GOVERNANCE_STATE_REGISTER.md","DOCUMENTATION",".md","1013","27BAF331388FDDF5976D96A9823EC4407F29499851340E8815FB4FF3AF35BBEE","ELIGIBLE"
"architecture-coherent-intelligence-framework\recursive-coherent-intelligence-governance\RECURSIVE_COHERENT_INTELLIGENCE_GOVERNANCE.md","DOCUMENTATION",".md","1837","73D16502AECA27C74E4523D2577FD994D8DDCA5E65915C027854EAC75DD10214","ELIGIBLE"
"architecture-coherent-intelligence-framework\unified-coherent-intelligence-modeling\COHERENT_INTELLIGENCE_EVOLUTION_RECORD.md","DOCUMENTATION",".md","1010","14B1568170121053FD78E2F8EAA4A81E8AAD676D24D506090E21F49BB3327FBB","ELIGIBLE"
"architecture-coherent-intelligence-framework\unified-coherent-intelligence-modeling\COHERENT_INTELLIGENCE_STATE_REGISTER.md","DOCUMENTATION",".md","971","9CA168424B708BBC8BFF9F5B29762C53A1FA57596F09BD4B67A9D5746A311DE3","ELIGIBLE"
"architecture-coherent-intelligence-framework\unified-coherent-intelligence-modeling\UNIFIED_COHERENT_INTELLIGENCE_MODELING.md","DOCUMENTATION",".md","2079","CF2C3DACCB242CAE9773FF20458F90218DBDE5D742BA69D1F4738AEEB4673A1D","ELIGIBLE"
"architecture-conscious-intelligence-framework\architecture-consciousness-integration-mapping\ARCHITECTURE_CONSCIOUSNESS_INTEGRATION_MAPPING.md","DOCUMENTATION",".md","1846","35C414B4D6B56F5A3A48D6B6FCCC423331402F51C232C47EE42E0C72A5782CBB","ELIGIBLE"
"architecture-conscious-intelligence-framework\architecture-consciousness-integration-mapping\CONSCIOUS_INTEGRATION_RECORD.md","DOCUMENTATION",".md","1054","986BD97E68836283B1156FCE0AFEFA4557ABDD811E20EB21591658E5F3F818CB","ELIGIBLE"
"architecture-conscious-intelligence-framework\architecture-consciousness-integration-mapping\CONSCIOUS_INTEGRATION_STATE_REGISTER.md","DOCUMENTATION",".md","1104","61DFABF883D48E9DF57AEC2B3B7B96617FD07A1000FB10E418AA7B2960A413B2","ELIGIBLE"
"architecture-conscious-intelligence-framework\conscious-architecture-continuum\CONSCIOUS_ARCHITECTURE_CONTINUUM.md","DOCUMENTATION",".md","2059","6D6D1B68E5D3FB73F6983205EA8BE5963EB1886D0D03C9D2ACD69E06405E8178","ELIGIBLE"
"architecture-conscious-intelligence-framework\conscious-architecture-continuum\CONTINUUM_EVOLUTION_RECORD.md","DOCUMENTATION",".md","1013","2F8E07E200F7452AD47FC15D0A7F3A6B5E27E62D610A38309974421D0CE911AE","ELIGIBLE"
"architecture-conscious-intelligence-framework\conscious-architecture-continuum\CONTINUUM_STATE_REGISTER.md","DOCUMENTATION",".md","1089","7F40D4107E156668D1D2AC9862DDA76A451F35F86019582E204BCAA07D446FFD","ELIGIBLE"
"architecture-conscious-intelligence-framework\final-consolidation\ARCHITECTURE_CONSCIOUS_INTELLIGENCE_COMPLETION_RECORD.md","DOCUMENTATION",".md","1180","8878D0EA56BF68EE86DCAABFE75DAE04F6B97AC32884D85CAEDA7B82BAD556E5","ELIGIBLE"
"architecture-conscious-intelligence-framework\final-consolidation\ARCHITECTURE_CONSCIOUS_INTELLIGENCE_VALIDATION_REPORT.md","DOCUMENTATION",".md","1168","5F395A919250667811E4D58C3C2FEDD5D7683528D9EC5396E049CFB46F82B621","ELIGIBLE"
"architecture-conscious-intelligence-framework\final-consolidation\COMPLETE_CONSCIOUS_INTELLIGENCE_STATE.md","DOCUMENTATION",".md","1112","6D40C0CAE1479A55830875B2E2E78F4E7224175BE06D134BA0777831215E21A0","ELIGIBLE"
"architecture-conscious-intelligence-framework\recursive-conscious-governance\CONSCIOUS_GOVERNANCE_RECORD.md","DOCUMENTATION",".md","1001","23276AED9825E74CCEFFD91113247EAF9DEF969F7E5333ED8036AF5286CDF0E7","ELIGIBLE"
"architecture-conscious-intelligence-framework\recursive-conscious-governance\CONSCIOUS_GOVERNANCE_STATE_REGISTER.md","DOCUMENTATION",".md","1045","E875D92A0AC430117507B09B4A44C63380D9B9F2CC69D397E0A4E5D41AA2AB3E","ELIGIBLE"
"architecture-conscious-intelligence-framework\recursive-conscious-governance\RECURSIVE_CONSCIOUS_GOVERNANCE.md","DOCUMENTATION",".md","1831","883C4DA318FB809B52303319D5A0030C81568BD4F2608828B7DBC5BF263EE5CB","ELIGIBLE"
"architecture-conscious-intelligence-framework\unified-conscious-intelligence-modeling\CONSCIOUS_EVOLUTION_RECORD.md","DOCUMENTATION",".md","1044","CBAEF7DAE368B7C34FA715CD0D33717AB8A0CDD2309EA495008566A6590F9D48","ELIGIBLE"
"architecture-conscious-intelligence-framework\unified-conscious-intelligence-modeling\CONSCIOUS_STATE_REGISTER.md","DOCUMENTATION",".md","1069","772A64C0AD2B958B0E250FCADE3131C7C019223CAEA6AEB1D925CDB531FD63E8","ELIGIBLE"
"architecture-conscious-intelligence-framework\unified-conscious-intelligence-modeling\UNIFIED_CONSCIOUS_INTELLIGENCE_MODELING.md","DOCUMENTATION",".md","1919","EA517BC2FCEC8848BDB926375CA902C287116F362B89E166F3A99080125B1D5B","ELIGIBLE"
"architecture-consolidation\completeness-review\ARCHITECTURE_GAP_ANALYSIS.md","DOCUMENTATION",".md","761","8C5CC5E51DD8919B04EF6C0F8EDD5B845EDC1024B1EC8A7C20223B430D074EBE","ELIGIBLE"
"architecture-consolidation\completeness-review\COMPLETENESS_REVIEW_MODEL.md","DOCUMENTATION",".md","878","9E343A1191DF797B4BD030BAB726BAED98C3093AB3DCCE798A6C694767B7042D","ELIGIBLE"
"architecture-consolidation\completeness-review\FINAL_ALIGNMENT_REVIEW.md","DOCUMENTATION",".md","753","C79D000594DC07BF6B392F44C15060809E4E73120CDC12553DCA8FABEB97483A","ELIGIBLE"
"architecture-consolidation\dependency-map\ARCHITECTURE_DEPENDENCY_MODEL.md","DOCUMENTATION",".md","778","7776DDBCE0658E15E057E6FE16BCE01D0F54EF56B4C529DAD36308B7E9580E6E","ELIGIBLE"
"architecture-consolidation\dependency-map\CAPABILITY_RELATIONSHIP_MAP.md","DOCUMENTATION",".md","737","3DD1E32A1D5E736F98FD2C58AF602125CAA2A8726248A84E37F000F181A2D981","ELIGIBLE"
"architecture-consolidation\dependency-map\SYSTEM_INTERACTION_REGISTRY.md","DOCUMENTATION",".md","708","1E69F2F089618F4337259733C10AD3682A3AABBE4203A8E633568C1C4A85DB7B","ELIGIBLE"
"architecture-consolidation\final-release-record\ARCHITECTURE_EVOLUTION_HISTORY.md","DOCUMENTATION",".md","714","F341020A425F7A88F7F7B18DE73341ECC68D86EDBE8B160C044EA23843C1537F","ELIGIBLE"
"architecture-consolidation\final-release-record\FINAL_ARCHITECTURE_RECORD.md","DOCUMENTATION",".md","835","C68B084CAC93A94E8172866300859DC3B4B7D3BD934346FDCDF4ED601517A578","ELIGIBLE"
"architecture-consolidation\final-release-record\RELEASE_LINEAGE_MODEL.md","DOCUMENTATION",".md","713","6B08949025A03C96CB0307B5666022AB6EDF99973C61665BEA8D17994ABD00E6","ELIGIBLE"
"architecture-consolidation\lifecycle-validation\ARCHITECTURE_MATURITY_REVIEW.md","DOCUMENTATION",".md","778","E24ECBF5084672121F61020625B29EB16855FFB6FF0E55D7A232A3D40D3D4D73","ELIGIBLE"
"architecture-consolidation\lifecycle-validation\LIFECYCLE_VALIDATION_MODEL.md","DOCUMENTATION",".md","833","EE68C768FF7BD3B86D81F17219E288203FCFB2410915F1D5DA4EA66AF7ECBA58","ELIGIBLE"
"architecture-consolidation\lifecycle-validation\TRANSITION_VALIDATION_RECORD.md","DOCUMENTATION",".md","707","A325B246C4F0824235409D04B389CAD02C2A7537A81B6EF04A7B1F82AAAAF4DA","ELIGIBLE"
"architecture-continuous-intelligence-framework\architecture-continuous-intelligence-integration-mapping\ARCHITECTURE_CONTINUOUS_INTELLIGENCE_INTEGRATION_MAPPING.md","DOCUMENTATION",".md","2233","90ACE65541BAC315C8B153E1224C67F5A5BF8EF9A81CF35B87885501AE9EDF83","ELIGIBLE"
"architecture-continuous-intelligence-framework\architecture-continuous-intelligence-integration-mapping\CONTINUOUS_INTELLIGENCE_INTEGRATION_RECORD.md","DOCUMENTATION",".md","1029","BDE1B85109F7A28384585D7A020DF465A73A4EFAD5D78886288A5800992BE083","ELIGIBLE"
"architecture-continuous-intelligence-framework\architecture-continuous-intelligence-integration-mapping\CONTINUOUS_INTELLIGENCE_INTEGRATION_STATE_REGISTER.md","DOCUMENTATION",".md","1078","E7973142347CE598AB08C57702568972E78FEB9A4881335FFFE9251635107CA5","ELIGIBLE"
"architecture-continuous-intelligence-framework\continuous-architecture-continuum\CONTINUOUS_ARCHITECTURE_CONTINUUM.md","DOCUMENTATION",".md","2262","96C299C156E09679080D12AE8860E2447DF28349B2DABF41E6F19A2915B64099","ELIGIBLE"
"architecture-continuous-intelligence-framework\continuous-architecture-continuum\CONTINUUM_EVOLUTION_RECORD.md","DOCUMENTATION",".md","1010","4C5693381972386FE5B99DCE882069C61F1E119C2D20BA5559BD6BA120017E76","ELIGIBLE"
"architecture-continuous-intelligence-framework\continuous-architecture-continuum\CONTINUUM_STATE_REGISTER.md","DOCUMENTATION",".md","1071","4E45DED7BE966998AC511FD9C744034D1DD1ECD3B328E51D704A62A6FF6E4A30","ELIGIBLE"
"architecture-continuous-intelligence-framework\final-consolidation\ARCHITECTURE_CONTINUOUS_INTELLIGENCE_COMPLETION_RECORD.md","DOCUMENTATION",".md","1282","50F6E08EE370CE60506D276BCF5EF92592CF6CB3DBEBC44911B7E8BBE6DE7B47","ELIGIBLE"
"architecture-continuous-intelligence-framework\final-consolidation\ARCHITECTURE_CONTINUOUS_INTELLIGENCE_VALIDATION_REPORT.md","DOCUMENTATION",".md","1038","B05B7FFED451552971C0CCAE11CC265692D23C32B4FB85168C695F0E9F90ACCB","ELIGIBLE"
"architecture-continuous-intelligence-framework\final-consolidation\COMPLETE_CONTINUOUS_INTELLIGENCE_STATE.md","DOCUMENTATION",".md","1657","8C5D2757A89038D47BB0511A14CAC2026AD2A55CCE40D5FED4EF5291F14E1263","ELIGIBLE"
"architecture-continuous-intelligence-framework\recursive-continuous-intelligence-governance\CONTINUOUS_INTELLIGENCE_GOVERNANCE_RECORD.md","DOCUMENTATION",".md","1012","7DF42FEA4F97F6132A7763D41FA9A649620884831E5841EDDEEEA6CAAAE398C1","ELIGIBLE"
"architecture-continuous-intelligence-framework\recursive-continuous-intelligence-governance\CONTINUOUS_INTELLIGENCE_GOVERNANCE_STATE_REGISTER.md","DOCUMENTATION",".md","1047","284AC694BCECE040809652905C4434D8679E2F8519A121480F8985C86AACC549","ELIGIBLE"
"architecture-continuous-intelligence-framework\recursive-continuous-intelligence-governance\RECURSIVE_CONTINUOUS_INTELLIGENCE_GOVERNANCE.md","DOCUMENTATION",".md","1845","021A24D0A5F2508120043B686BEEA9C7315289072543003C4C694AF0F96DCA45","ELIGIBLE"
"architecture-continuous-intelligence-framework\unified-continuous-intelligence-modeling\CONTINUOUS_INTELLIGENCE_EVOLUTION_RECORD.md","DOCUMENTATION",".md","1000","ADE9140E86695EE2AB04D256B782D0894A1BB358A10992C954193B648299575D","ELIGIBLE"
"architecture-continuous-intelligence-framework\unified-continuous-intelligence-modeling\CONTINUOUS_INTELLIGENCE_STATE_REGISTER.md","DOCUMENTATION",".md","1021","F12A7DFBC63E2A192072BEF05FD5ACF300A18821A2536B3CBFCCA89C09E93CB4","ELIGIBLE"
"architecture-continuous-intelligence-framework\unified-continuous-intelligence-modeling\UNIFIED_CONTINUOUS_INTELLIGENCE_MODELING.md","DOCUMENTATION",".md","2133","1A0F54D6F1E66B434E17ED4BBD92D67F5224BB45EF4915A70FC443A13FA2F0C4","ELIGIBLE"
"architecture-convergence-synthesis\complete-orynth-reference-architecture-synthesis\COMPLETE_ORYNTH_REFERENCE_ARCHITECTURE_SYNTHESIS.md","DOCUMENTATION",".md","1859","CD1A263AAD8FE431E7C56A9331775876C1D4E5B71DD800BA20381C3C64B055F8","ELIGIBLE"
"architecture-convergence-synthesis\complete-orynth-reference-architecture-synthesis\SYNTHESIS_EVOLUTION_RECORD.md","DOCUMENTATION",".md","982","933E0D46264F88AE08A8A8288787BB87AECCFC00A9C0673EE2D05F9425BF89EE","ELIGIBLE"
"architecture-convergence-synthesis\complete-orynth-reference-architecture-synthesis\SYNTHESIS_STATE_REGISTER.md","DOCUMENTATION",".md","990","607461330A3F0BBD1C0FFCA7E720FD2415F8B1991C5B8D2BD79424ED12D56CA3","ELIGIBLE"
"architecture-convergence-synthesis\cross-architecture-dependency-synthesis\CROSS_ARCHITECTURE_DEPENDENCY_SYNTHESIS.md","DOCUMENTATION",".md","1538","1C23A226220233EB55ECC003D6C6E61F76CF3A2E00695EF2C9B882309ABB233C","ELIGIBLE"
"architecture-convergence-synthesis\cross-architecture-dependency-synthesis\DEPENDENCY_EVOLUTION_RECORD.md","DOCUMENTATION",".md","940","CC6D8E3DB8CC2E94EC0D24E1F55B32124004A7F9FC76ABE1461D6D8DC4264B19","ELIGIBLE"
"architecture-convergence-synthesis\cross-architecture-dependency-synthesis\DEPENDENCY_STATE_REGISTER.md","DOCUMENTATION",".md","933","B82CC42B8EC74E947B95630B6BC71E4DEED53A407D21672EF7DB005D5E6D827C","ELIGIBLE"
"architecture-convergence-synthesis\final-consolidation\ARCHITECTURE_CONVERGENCE_COMPLETION_RECORD.md","DOCUMENTATION",".md","1103","811E8A189B64787CBEAA9365C48B3867F29C7467C9D285B444AD4C8FE29F01C5","ELIGIBLE"
"architecture-convergence-synthesis\final-consolidation\ARCHITECTURE_CONVERGENCE_VALIDATION_REPORT.md","DOCUMENTATION",".md","960","638A954A9E9A47B33DC802F2C1E1DAAEF469A57FA11EAEF81D5FB50893937EDB","ELIGIBLE"
"architecture-convergence-synthesis\final-consolidation\COMPLETE_ORYNTH_CONVERGED_ARCHITECTURE_STATE.md","DOCUMENTATION",".md","1365","74B766EBB093088D3DAE327704F89EB127F52B80B38C94688FC4B177D24C2DC8","ELIGIBLE"
"architecture-convergence-synthesis\systemic-relationship-validation\RELATIONSHIP_EVOLUTION_RECORD.md","DOCUMENTATION",".md","920","261366E3E4C031CED602D6B51BB5B06C047A8B87FE9E673518BAB9DD4902894B","ELIGIBLE"
"architecture-convergence-synthesis\systemic-relationship-validation\RELATIONSHIP_STATE_REGISTER.md","DOCUMENTATION",".md","959","873F5A9260068D29BADDB638D62805C37B75E7CCE3C0DB9FF27AAA8AD6020947","ELIGIBLE"
"architecture-convergence-synthesis\systemic-relationship-validation\SYSTEMIC_RELATIONSHIP_VALIDATION.md","DOCUMENTATION",".md","1442","4B68EEBBDB69B5EC3DA8719F4D9E2CA0C11D6FF64A30D2DB588F766EC9760E10","ELIGIBLE"
"architecture-convergence-synthesis\unified-architecture-graph-construction\GRAPH_EVOLUTION_RECORD.md","DOCUMENTATION",".md","900","1889AF3A807CEBA9A48B5053444041BCA927FA19822665E1E87145C158000254","ELIGIBLE"
"architecture-convergence-synthesis\unified-architecture-graph-construction\GRAPH_STATE_REGISTER.md","DOCUMENTATION",".md","885","0E592338B5963169F9541F7B9F3814E6D4D7332CA855C7D23C3198F50DA8400F","ELIGIBLE"
"architecture-convergence-synthesis\unified-architecture-graph-construction\UNIFIED_ARCHITECTURE_GRAPH_CONSTRUCTION.md","DOCUMENTATION",".md","1326","0E4287C8D628B0E4C49E7672B87EF452A3203000FFEC38300D6BA0F7F3216A64","ELIGIBLE"
"architecture-convergent-intelligence-framework\architecture-convergent-intelligence-integration-mapping\ARCHITECTURE_CONVERGENT_INTELLIGENCE_INTEGRATION_MAPPING.md","DOCUMENTATION",".md","1930","AA02D882D9F6516EBF94BAD0DBA6EDC83655632592D34F6493AE50A7C058BA18","ELIGIBLE"
"architecture-convergent-intelligence-framework\architecture-convergent-intelligence-integration-mapping\CONVERGENT_INTELLIGENCE_INTEGRATION_RECORD.md","DOCUMENTATION",".md","1022","2BFC32633B2536AF8E1A7FAF314190C5479469EA71FF0014830F3B10984558AF","ELIGIBLE"
"architecture-convergent-intelligence-framework\architecture-convergent-intelligence-integration-mapping\CONVERGENT_INTELLIGENCE_INTEGRATION_STATE_REGISTER.md","DOCUMENTATION",".md","1034","CCB12D22009DC502ABDD693C4F3E1E02ADCBAA183D98966C1DCD27BAF78EF9D5","ELIGIBLE"
"architecture-convergent-intelligence-framework\architecture-intelligence-convergence-mapping\ARCHITECTURE_INTELLIGENCE_CONVERGENCE_MAPPING.md","DOCUMENTATION",".md","1882","AD75B182A539E0C1EAABFA71342D3E288EA71A07E60D86A3347CAAABAC494530","ELIGIBLE"
"architecture-convergent-intelligence-framework\architecture-intelligence-convergence-mapping\CONVERGENCE_EVOLUTION_RECORD.md","DOCUMENTATION",".md","1107","ECB0C2C1178B29EBB70D3F5585D53DA7102F5082D95A1D7DF58817F98312D86A","ELIGIBLE"
"architecture-convergent-intelligence-framework\architecture-intelligence-convergence-mapping\CONVERGENCE_STATE_REGISTER.md","DOCUMENTATION",".md","1076","91ECC8A58E333D5D2ABEC56EE19EE43BF4B306123AC97C9FFC48F9ED232A9E39","ELIGIBLE"
"architecture-convergent-intelligence-framework\convergent-architecture-continuum\CONTINUUM_EVOLUTION_RECORD.md","DOCUMENTATION",".md","1030","A0746843D9743333AE23C7B7C584A93E0A967D82941A10738900A360CBFE84A5","ELIGIBLE"
"architecture-convergent-intelligence-framework\convergent-architecture-continuum\CONTINUUM_STATE_REGISTER.md","DOCUMENTATION",".md","1049","6558465EAD9D44378FA6FA2E5E7C4FFF3AA67F6B447D6B7E6CFE9C6C31691C0D","ELIGIBLE"
"architecture-convergent-intelligence-framework\convergent-architecture-continuum\CONVERGENT_ARCHITECTURE_CONTINUUM.md","DOCUMENTATION",".md","2033","F56672949BE20CC32BABCFB36BA0B69928EAB7F38CF6DDB94E0A4D7AD0EB10FD","ELIGIBLE"
"architecture-convergent-intelligence-framework\final-consolidation\ARCHITECTURE_CONVERGENT_INTELLIGENCE_COMPLETION_RECORD.md","DOCUMENTATION",".md","1217","2BA25E54DA6E3CFB1659D7230762865B6740CDD576A872440DA8CFD36BE1C5D6","ELIGIBLE"
"architecture-convergent-intelligence-framework\final-consolidation\ARCHITECTURE_CONVERGENT_INTELLIGENCE_VALIDATION_REPORT.md","DOCUMENTATION",".md","1044","B8B8C380BBCA4AC79BAAD57066162A0670901E1F2DB7A0041F00BBF1B2771862","ELIGIBLE"
"architecture-convergent-intelligence-framework\final-consolidation\COMPLETE_CONVERGENT_INTELLIGENCE_STATE.md","DOCUMENTATION",".md","1337","58303255098E132B72B5EBCC12818BE0770C9D66FADE753D0BBF1922F66AD299","ELIGIBLE"
"architecture-convergent-intelligence-framework\recursive-convergence-governance\CONVERGENCE_GOVERNANCE_EVOLUTION_RECORD.md","DOCUMENTATION",".md","1055","A57928BD39982483DB4265F162FB6E19E337160765A570E1FA179EEE52233FDE","ELIGIBLE"
"architecture-convergent-intelligence-framework\recursive-convergence-governance\CONVERGENCE_GOVERNANCE_STATE_REGISTER.md","DOCUMENTATION",".md","1069","FAFC2634690433353D3E0809E661F0D3AF6CBFB8035EC46C47FCC3D7C84C0220","ELIGIBLE"
"architecture-convergent-intelligence-framework\recursive-convergence-governance\RECURSIVE_CONVERGENCE_GOVERNANCE.md","DOCUMENTATION",".md","1887","4489B38CF131862A5424985F448824524A227EE293A8684573675619E77210E9","ELIGIBLE"
"architecture-convergent-intelligence-framework\recursive-convergent-intelligence-governance\CONVERGENT_INTELLIGENCE_GOVERNANCE_RECORD.md","DOCUMENTATION",".md","1036","A767999884CAA2405214797A12524E1F8A4880F9F22895811D2868B282911E6D","ELIGIBLE"
"architecture-convergent-intelligence-framework\recursive-convergent-intelligence-governance\CONVERGENT_INTELLIGENCE_GOVERNANCE_STATE_REGISTER.md","DOCUMENTATION",".md","1082","AC940A1AC3AB4F9CB5F888141A3A6F20B17F626AD8C32ABE4058465B9BD03073","ELIGIBLE"
"architecture-convergent-intelligence-framework\recursive-convergent-intelligence-governance\RECURSIVE_CONVERGENT_INTELLIGENCE_GOVERNANCE.md","DOCUMENTATION",".md","1875","4B5AD713A344C7F81185518327ACF11E4C0158459BF77EF0A3670DABF9C472DF","ELIGIBLE"
"architecture-convergent-intelligence-framework\unified-convergent-intelligence-modeling\CONVERGENT_INTELLIGENCE_EVOLUTION_RECORD.md","DOCUMENTATION",".md","1035","51A9801B646A548F6ADB0F05BB8DA47970AD54CB06FF60E68DCBE750461F6A9F","ELIGIBLE"
"architecture-convergent-intelligence-framework\unified-convergent-intelligence-modeling\CONVERGENT_INTELLIGENCE_STATE_REGISTER.md","DOCUMENTATION",".md","1013","9182EF29459C701C3A16B9C2FE0EF52D3BC3FC5C73E23DE85F37C5F2B8FF0C68","ELIGIBLE"
"architecture-convergent-intelligence-framework\unified-convergent-intelligence-modeling\UNIFIED_CONVERGENT_INTELLIGENCE_MODELING.md","DOCUMENTATION",".md","1814","E873F7D90E060FEAD9223ECE5725B193782FFD6354F90FD52CFF293B54AD7FB3","ELIGIBLE"
"architecture-convergent-intelligence-framework\unified-intelligence-convergence-modeling\CONVERGENCE_EVOLUTION_RECORD.md","DOCUMENTATION",".md","1036","F298F04738B0FC6CA73AC4EC64BCF9AC4F2A10862568F7E1B58F9C0FA6F1D24B","ELIGIBLE"
"architecture-convergent-intelligence-framework\unified-intelligence-convergence-modeling\CONVERGENCE_STATE_REGISTER.md","DOCUMENTATION",".md","997","3BA37659502496900F5496148F45CED02E5CA1A715FB04609AE74E531A2BD40D","ELIGIBLE"
"architecture-convergent-intelligence-framework\unified-intelligence-convergence-modeling\UNIFIED_INTELLIGENCE_CONVERGENCE_MODELING.md","DOCUMENTATION",".md","1848","291905DA74A06D32E0CBF08B1D9C16E6A4EAF4D81C76BF4465B85C9F634DC248","ELIGIBLE"
"architecture-discovery-framework\discovery-continuity-preservation\DISCOVERY_CONTINUITY_MODEL.md","DOCUMENTATION",".md","1084","646DFE0BB3FEC1227D029A6BF63FDCE31A812ADB761617142E090FA34215055E","ELIGIBLE"
"architecture-discovery-framework\discovery-continuity-preservation\DISCOVERY_CONTINUITY_PRESERVATION.md","DOCUMENTATION",".md","1238","BE3D63A55929886C7A70675FD13B1460E6DC28BF594774E3E1F15E84C6D3E24A","ELIGIBLE"
"architecture-discovery-framework\discovery-continuity-preservation\DISCOVERY_CONTINUITY_STATUS_RECORD.md","DOCUMENTATION",".md","831","4C45F89E5E75172D98C6A97FF16F5585370F3264FA28E45794BC84C32FE39F0B","ELIGIBLE"
"architecture-discovery-framework\discovery-governance-system\DISCOVERY_CONTROL_MODEL.md","DOCUMENTATION",".md","999","1273EEEAA276A7E2C20E95FE8D837BDC5C99C756013266D147940BED4DF29D39","ELIGIBLE"
"architecture-discovery-framework\discovery-governance-system\DISCOVERY_GOVERNANCE_STATUS_RECORD.md","DOCUMENTATION",".md","800","29A53A65421DEF7368981F8CAE59AD7037D53243067AC62D04F8F6F1DB5CCBD2","ELIGIBLE"
"architecture-discovery-framework\discovery-governance-system\DISCOVERY_GOVERNANCE_SYSTEM.md","DOCUMENTATION",".md","1212","5D0524A800FA5788F30BB2FF51F7EED246E61D3F5707F3AAF021223E942D630D","ELIGIBLE"
"architecture-discovery-framework\discovery-state-modeling\DISCOVERY_MODEL.md","DOCUMENTATION",".md","1014","81A478CB0C8A3BDA976A3E948368B906A70CCB45BC457B1D2A5BB12047AED51A","ELIGIBLE"
"architecture-discovery-framework\discovery-state-modeling\DISCOVERY_STATE_MODELING.md","DOCUMENTATION",".md","1146","F2A7DB1B24E455B5B0670F2D93B4B25DA76CB1FD8B1132CA32F0BB5947AAAD90","ELIGIBLE"
"architecture-discovery-framework\discovery-state-modeling\DISCOVERY_STATUS_RECORD.md","DOCUMENTATION",".md","789","985A1CB684C49659D668F7915C9E65227E53EA9B52E284C54FA89C0526F797EA","ELIGIBLE"
"architecture-discovery-framework\emergent-pattern-identification\EMERGENT_PATTERN_IDENTIFICATION.md","DOCUMENTATION",".md","1163","FB8F54876D3E14119D2F0042391BC2F438AB5DAB7732BE75F3C2D1CA2A68F708","ELIGIBLE"
"architecture-discovery-framework\emergent-pattern-identification\PATTERN_MODEL.md","DOCUMENTATION",".md","1040","FB80305BE5D06603A4F7F73C4E8A0AE07788E08AD287C27C557F2497B8B230A7","ELIGIBLE"
"architecture-discovery-framework\emergent-pattern-identification\PATTERN_STATUS_RECORD.md","DOCUMENTATION",".md","787","A05670A0AF58B1574A56800413D43BD22605E147417C02F15C0DF7C16FF4971F","ELIGIBLE"
"architecture-discovery-framework\final-consolidation\ARCHITECTURE_DISCOVERY_COMPLETION_RECORD.md","DOCUMENTATION",".md","1087","C89F773E6DB7D23D873BF99E2F6E59FDC7DA48484B9274AA089D2A1BD1760B8B","ELIGIBLE"
"architecture-discovery-framework\final-consolidation\ARCHITECTURE_DISCOVERY_VALIDATION_REPORT.md","DOCUMENTATION",".md","987","661B29E200DB4C2F2FB7B19575255ED819E10175558EC75A8DC7FE98418361C4","ELIGIBLE"
"architecture-discovery-framework\final-consolidation\MORNING_STAR_GLOBAL_DISCOVERY_REFERENCE_STATE.md","DOCUMENTATION",".md","1456","2F00E38CEBB73D543556E398BA588ED22C1CDE10543197D0C8CC565ADDDD1E59","ELIGIBLE"
"architecture-ecosystem-framework\ecosystem-relationship-modeling\ECOSYSTEM_RELATIONSHIP_MODELING.md","DOCUMENTATION",".md","1104","7D10845D140D2CBBA8E1836D9E59AA64262EAB5A95000D106296C76D28E639AB","ELIGIBLE"
"architecture-ecosystem-framework\ecosystem-relationship-modeling\RELATIONSHIP_GRAPH_MODEL.md","DOCUMENTATION",".md","1222","7C5449A80C2B85D64A7C1AF0C9000F3059718045DD98E07BACDC0425AC83A5CD","ELIGIBLE"
"architecture-ecosystem-framework\ecosystem-relationship-modeling\RELATIONSHIP_STATUS_RECORD.md","DOCUMENTATION",".md","735","B4A893D0138AFF1DC1BBE482D694E53783531C91E47297FCDE609A408846EA27","ELIGIBLE"
"architecture-ecosystem-framework\external-architecture-alignment\ALIGNMENT_EVALUATION_MODEL.md","DOCUMENTATION",".md","1115","A9EDDA47F88602835EAB1C08F67E5DB9E7D4863C61F5085F07B8F0469A9D97D2","ELIGIBLE"
"architecture-ecosystem-framework\external-architecture-alignment\ALIGNMENT_STATUS_RECORD.md","DOCUMENTATION",".md","770","7368A497E36B5557A4D3D172D6D289A0E90952415BABEB7CBB11C703837E2415","ELIGIBLE"
"architecture-ecosystem-framework\external-architecture-alignment\EXTERNAL_ARCHITECTURE_ALIGNMENT.md","DOCUMENTATION",".md","1193","D8DB622DAD913672127B05D5B47F8BAA67EF0007D91B84DB22D0FB138AF5F839","ELIGIBLE"
"architecture-ecosystem-framework\final-consolidation\ARCHITECTURE_ECOSYSTEM_COMPLETION_RECORD.md","DOCUMENTATION",".md","1057","559824823C556D433E39FE3CB67BFC41505CBB21EEE956D5BD797BB2CDE84758","ELIGIBLE"
"architecture-ecosystem-framework\final-consolidation\ARCHITECTURE_ECOSYSTEM_VALIDATION_REPORT.md","DOCUMENTATION",".md","949","D42124919ECABD8AAAA2222D23ABA99919939B844E94B8B67AEB9D02D509DE6D","ELIGIBLE"
"architecture-ecosystem-framework\final-consolidation\MORNING_STAR_GLOBAL_ECOSYSTEM_REFERENCE_STATE.md","DOCUMENTATION",".md","1230","CF0E70792C530C3E8D9A2B50B1B04A7866027497A7D8942724E3755EE384378E","ELIGIBLE"
"architecture-ecosystem-framework\global-reference-architecture-network\GLOBAL_REFERENCE_ARCHITECTURE_NETWORK.md","DOCUMENTATION",".md","1292","AF3E1648E321DCBCC08FD66F4EEFF7B5DC1D2FFEB32EB77BE23DFFEFFAA28BAE","ELIGIBLE"
"architecture-ecosystem-framework\global-reference-architecture-network\NETWORK_PARTICIPATION_MODEL.md","DOCUMENTATION",".md","1046","DF1725C24469FB15A46EA28AB681109CE9F140CA522C86D176197ECABA587982","ELIGIBLE"
"architecture-ecosystem-framework\global-reference-architecture-network\NETWORK_STATUS_RECORD.md","DOCUMENTATION",".md","794","85D0650F5787842F7064F6CB2C83A2FE21A9A70D7B53D618504A3ADAB4ABC94D","ELIGIBLE"
"architecture-ecosystem-framework\multi-system-interoperability-governance\INTEROPERABILITY_MODEL.md","DOCUMENTATION",".md","1022","5EF7A68D331944E6A28F6ED316B1D4671D09B4A377B80DF7BB095E23445E45FF","ELIGIBLE"
"architecture-ecosystem-framework\multi-system-interoperability-governance\INTEROPERABILITY_STATUS_RECORD.md","DOCUMENTATION",".md","803","17CEFB8DBCD9542AEB1BD917F452F3E61E23BEC7DD8BEC05D27C47A2C2B9EE2D","ELIGIBLE"
"architecture-ecosystem-framework\multi-system-interoperability-governance\MULTI_SYSTEM_INTEROPERABILITY_GOVERNANCE.md","DOCUMENTATION",".md","1256","0633A8AB035FFE9AF05CBDCADE0E1B159AAD99C0A62FDA640ACD16844A027C6C","ELIGIBLE"
"architecture-embodiment-framework\embodiment-continuity-preservation\EMBODIMENT_CONTINUITY_MODEL.md","DOCUMENTATION",".md","1121","5794C2CE89298830AE88F85F09CE5879F186FAD0CFB83AF096E8E1B09B02BDC6","ELIGIBLE"
"architecture-embodiment-framework\embodiment-continuity-preservation\EMBODIMENT_CONTINUITY_PRESERVATION.md","DOCUMENTATION",".md","1398","C50F20A986BC90AD49857DF712AFFD2D8C43809206D35C8D3D140B5983BB57A7","ELIGIBLE"
"architecture-embodiment-framework\embodiment-continuity-preservation\EMBODIMENT_CONTINUITY_STATUS_RECORD.md","DOCUMENTATION",".md","841","97410CBFBD1D73FB230B2FD5D27F9C9625C54E11335CD4CD833BD702D7877610","ELIGIBLE"
"architecture-embodiment-framework\embodiment-governance-system\EMBODIMENT_CONTROL_MODEL.md","DOCUMENTATION",".md","1093","8D6250222B217839FDF40BFB9E2D48EF762B3DE1784538FD1836EE9D8C318902","ELIGIBLE"
"architecture-embodiment-framework\embodiment-governance-system\EMBODIMENT_GOVERNANCE_STATUS_RECORD.md","DOCUMENTATION",".md","858","86D5C45AFCC9AE8D8B1986C34772185EF0F106BF8E0CCFBBBFB9F7D371D8315B","ELIGIBLE"
"architecture-embodiment-framework\embodiment-governance-system\EMBODIMENT_GOVERNANCE_SYSTEM.md","DOCUMENTATION",".md","1344","2AD038EC1DB8697218AD84017D2F2A2B69C425CC0D9A3FB2DD260F2DE192E1E3","ELIGIBLE"
"architecture-embodiment-framework\embodiment-state-modeling\EMBODIMENT_MODEL.md","DOCUMENTATION",".md","1184","71EB4328C7091BD68320A5381B0DC1B80D2AC516F0A37A5D5CEA3F958D5C7298","ELIGIBLE"
"architecture-embodiment-framework\embodiment-state-modeling\EMBODIMENT_STATE_MODELING.md","DOCUMENTATION",".md","1252","4E365277703AD2D3878FEDB290E9FD2A0A418C40CCB60E9CDB9E0EA10B409938","ELIGIBLE"
"architecture-embodiment-framework\embodiment-state-modeling\EMBODIMENT_STATUS_RECORD.md","DOCUMENTATION",".md","805","B2A4C60093F5EA80A0FDA1C8591711D0BF67AECB0D16DBF40978C346B37A565A","ELIGIBLE"
"architecture-embodiment-framework\final-consolidation\ARCHITECTURE_EMBODIMENT_COMPLETION_RECORD.md","DOCUMENTATION",".md","1136","8ABBACC457ECDFD54E985FE0CD36B3292E84A7EBE4120669B6490BB158ABCB40","ELIGIBLE"
"architecture-embodiment-framework\final-consolidation\ARCHITECTURE_EMBODIMENT_VALIDATION_REPORT.md","DOCUMENTATION",".md","1047","5C0817E4B2AD92B0299D0C2D702E9A68DD632AD309DB9BE5391D4920EDB9573B","ELIGIBLE"
"architecture-embodiment-framework\final-consolidation\MORNING_STAR_GLOBAL_EMBODIMENT_REFERENCE_STATE.md","DOCUMENTATION",".md","1409","E01E78993CD66BBD2F0C81FF95C7585FADF50EE3F81574DABB2D6F85FF867206","ELIGIBLE"
"architecture-embodiment-framework\operational-presence-coordination\OPERATIONAL_PRESENCE_COORDINATION.md","DOCUMENTATION",".md","1288","F402F67D732F5574C1693AC4975565DDA28B974B8A23B6A64028926C7659B5EB","ELIGIBLE"
"architecture-embodiment-framework\operational-presence-coordination\PRESENCE_COORDINATION_MODEL.md","DOCUMENTATION",".md","1134","2CFD87C12B305ED8242F8162A4C74E80503E2DDF4A72491CF051E2D2B4904123","ELIGIBLE"
"architecture-embodiment-framework\operational-presence-coordination\PRESENCE_STATUS_RECORD.md","DOCUMENTATION",".md","794","D666B0FC2E8B5EC73F7AFBF29FF53209672E43BF0F1F813B38B43C1D706446B8","ELIGIBLE"
"architecture-evolution-framework\adaptive-transformation-coordination\ADAPTIVE_TRANSFORMATION_COORDINATION.md","DOCUMENTATION",".md","1344","E825AF5819CF7E45336396AC7010224C558A856EAA3E998B81AAAE63492A23AD","ELIGIBLE"
"architecture-evolution-framework\adaptive-transformation-coordination\TRANSFORMATION_MODEL.md","DOCUMENTATION",".md","1121","C5389BD9C352DC8BBFFD3D43105C53768722F309F5524364D6808BEE0EDEEE76","ELIGIBLE"
"architecture-evolution-framework\adaptive-transformation-coordination\TRANSFORMATION_STATUS_RECORD.md","DOCUMENTATION",".md","879","6783E5D9C989913012A710B307BCE06F3C64AEF23C402AC3F911C7543CA3113A","ELIGIBLE"
"architecture-evolution-framework\advanced-framework-integration\ADVANCED_FRAMEWORK_INTEGRATION.md","DOCUMENTATION",".md","1171","7B5E4B786C23FED3B761122F6DA9AFB488421B357A7AF9DDB9A78FA11AF4F3E6","ELIGIBLE"
"architecture-evolution-framework\advanced-framework-integration\INTEGRATION_STATUS_RECORD.md","DOCUMENTATION",".md","815","0429CD484DAEB8A0A1FA0F0386C090DAF7EEE4A461034847E03D308D5BF4E2F0","ELIGIBLE"
"architecture-evolution-framework\advanced-framework-integration\INTEGRATION_STRATEGY_MODEL.md","DOCUMENTATION",".md","1100","362503CEB0C54D14001534B72DAE5B8D9061127A515ABD7BD71BA413A4C62484","ELIGIBLE"
"architecture-evolution-framework\controlled-capability-expansion\CAPABILITY_GROWTH_MODEL.md","DOCUMENTATION",".md","1022","8519F6F243E6AB573011D45BF981DF55518B2F1A7D96CB0FF75F46C3650DA20E","ELIGIBLE"
"architecture-evolution-framework\controlled-capability-expansion\CONTROLLED_CAPABILITY_EXPANSION.md","DOCUMENTATION",".md","1117","A0355B78BC7D40FFFCC3D1EC094717C9212CA18BCCF88E1E57B0377D8337EC3E","ELIGIBLE"
"architecture-evolution-framework\controlled-capability-expansion\EXPANSION_STATUS_RECORD.md","DOCUMENTATION",".md","797","17FA060F66DA64A3BC935B6A704222CDA9A97B5525CE5E0BD5CAA3035B2A1391","ELIGIBLE"
"architecture-evolution-framework\evolution-continuity-preservation\EVOLUTION_CONTINUITY_MODEL.md","DOCUMENTATION",".md","1127","48CACDD2D7F9EBF337D3AD083F22FEC81239E1DDCA7E1F9D2903486B98ECB78D","ELIGIBLE"
"architecture-evolution-framework\evolution-continuity-preservation\EVOLUTION_CONTINUITY_PRESERVATION.md","DOCUMENTATION",".md","1373","A72B7789E6538CDBA01AAF681FFCD737587FE7A0747196CBA6DBC04AAD2398D2","ELIGIBLE"
"architecture-evolution-framework\evolution-continuity-preservation\EVOLUTION_CONTINUITY_STATUS_RECORD.md","DOCUMENTATION",".md","835","AF1B682DF392DD19A5CBDFC2E12D08B1438E76DD96245366D5F2103CB7E18F99","ELIGIBLE"
"architecture-evolution-framework\evolution-governance-system\EVOLUTION_CONTROL_MODEL.md","DOCUMENTATION",".md","1036","A33EC88CA40DEEB9E6C7FB80A04C594E4D214712BB05B90B175742B0DB37BC76","ELIGIBLE"
"architecture-evolution-framework\evolution-governance-system\EVOLUTION_GOVERNANCE_STATUS_RECORD.md","DOCUMENTATION",".md","898","A03F6DB43664D27F3D9AB93977FA5BF3A3E406224F3D62F8E75E9AB04D672609","ELIGIBLE"
"architecture-evolution-framework\evolution-governance-system\EVOLUTION_GOVERNANCE_SYSTEM.md","DOCUMENTATION",".md","1301","A921FA5FAEE152A41D7B3CE11B8765632EAEB25631D50C4FA25C1480E6850B9C","ELIGIBLE"
"architecture-evolution-framework\evolution-state-modeling\EVOLUTION_MODEL.md","DOCUMENTATION",".md","1113","5E72D5F6DEDC34B315E2810FD6D46E218BE59A233939EEC1EAAD3F4727EAC647","ELIGIBLE"
"architecture-evolution-framework\evolution-state-modeling\EVOLUTION_STATE_MODELING.md","DOCUMENTATION",".md","1280","51C3334979C935DCE7283C16D44450C1A15E854B1FCD8F8D124D3CB84064AF7E","ELIGIBLE"
"architecture-evolution-framework\evolution-state-modeling\EVOLUTION_STATUS_RECORD.md","DOCUMENTATION",".md","825","6365FA448C5BDBF5B529DD735C56EDA4F59C4F24F09E783DC190B066DA3DAACD","ELIGIBLE"
"architecture-evolution-framework\final-consolidation\ARCHITECTURE_EVOLUTION_COMPLETION_RECORD.md","DOCUMENTATION",".md","1119","5189D45C3B4866CFCF8A242DEC8067F405847338BCCC25AD28B0BF54D3201E66","ELIGIBLE"
"architecture-evolution-framework\final-consolidation\ARCHITECTURE_EVOLUTION_VALIDATION_REPORT.md","DOCUMENTATION",".md","1011","23B04D5D7D3A0E69839846A089DFB6C9D3BA049755202AD999B965B06A1EE4F3","ELIGIBLE"
"architecture-evolution-framework\final-consolidation\MORNING_STAR_GLOBAL_EVOLUTION_REFERENCE_STATE.md","DOCUMENTATION",".md","1356","C3787057F19128EEF7085D89649609055B62A4FA1B1F279D8181027665A123E1","ELIGIBLE"
"architecture-evolution-framework\final-consolidation\MORNING_STAR_NEXT_GENERATION_REFERENCE_STATE.md","DOCUMENTATION",".md","1116","C57812AB02EA84A3A042B4294D37608BB7CB802542CE3D023CDFB02C029132A4","ELIGIBLE"
"architecture-evolution-framework\future-architecture-discovery\DISCOVERY_EVALUATION_MODEL.md","DOCUMENTATION",".md","1019","8F6E444E297130550D3F3E3AB80129E7029D2715F1E7B7D5DB61A8C7CCFC3676","ELIGIBLE"
"architecture-evolution-framework\future-architecture-discovery\DISCOVERY_STATUS_RECORD.md","DOCUMENTATION",".md","726","6E6C6D00C36EB5DB1EE93413F40B986B54744FADD6CFDBB8E2EC38E29F3CDC47","ELIGIBLE"
"architecture-evolution-framework\future-architecture-discovery\FUTURE_ARCHITECTURE_DISCOVERY.md","DOCUMENTATION",".md","1181","CBF3D190AEF9DF238AEFE6A2586501DD5A96A6846418F8C80DDDF4B383799220","ELIGIBLE"
"architecture-evolution-framework\next-generation-reference-state\EVOLUTION_CONTINUITY_MODEL.md","DOCUMENTATION",".md","913","AF154B7195EEF117A11DBB391043CCA8DD3EF469ED3A89AC03318DB5E8ED2893","ELIGIBLE"
"architecture-evolution-framework\next-generation-reference-state\NEXT_GENERATION_REFERENCE_STATE.md","DOCUMENTATION",".md","1202","DDBDE2CC637A69E886B2367CB261982CAB6071F2B459604A3A9616F299948B6B","ELIGIBLE"
"architecture-evolution-framework\next-generation-reference-state\NEXT_STATE_RECORD.md","DOCUMENTATION",".md","755","86309821B42091BC1C053FD2895CFCD95FC4540271FC1E2E0317138B8EFB0671","ELIGIBLE"
"architecture-evolutionary-intelligence-framework\architecture-evolutionary-intelligence-integration-mapping\ARCHITECTURE_EVOLUTIONARY_INTELLIGENCE_INTEGRATION_MAPPING.md","DOCUMENTATION",".md","2332","25C8AF24CFFEBA9C5792135CAB1EBCA4A6902E777A9E7F33D68EDB334957B550","ELIGIBLE"
"architecture-evolutionary-intelligence-framework\architecture-evolutionary-intelligence-integration-mapping\EVOLUTIONARY_INTELLIGENCE_INTEGRATION_RECORD.md","DOCUMENTATION",".md","1050","6EED3882109FD6DCF064C68A86B7F2F0B7A0687990CD4C58758CAC7749F56716","ELIGIBLE"
"architecture-evolutionary-intelligence-framework\architecture-evolutionary-intelligence-integration-mapping\EVOLUTIONARY_INTELLIGENCE_INTEGRATION_STATE_REGISTER.md","DOCUMENTATION",".md","1082","F207E0CB641523990AE5BC55E700EF918F0B1137DF06A5D397BA2F22D50253EB","ELIGIBLE"
"architecture-evolutionary-intelligence-framework\evolutionary-architecture-continuum\CONTINUUM_EVOLUTION_RECORD.md","DOCUMENTATION",".md","1035","CEBEC4FB610820C39E431B94C3D72B752B7426B9B69888DD3E110FC27645A38E","ELIGIBLE"
"architecture-evolutionary-intelligence-framework\evolutionary-architecture-continuum\CONTINUUM_STATE_REGISTER.md","DOCUMENTATION",".md","1090","AF6B854C5C6C42B8DA4498206AA7DA2E028A9A565427F7B638C23C3AB9AAC0CE","ELIGIBLE"
"architecture-evolutionary-intelligence-framework\evolutionary-architecture-continuum\EVOLUTIONARY_ARCHITECTURE_CONTINUUM.md","DOCUMENTATION",".md","2378","1B1D9175415401E64095DCA90AD658DF00ED2AF023EBF6B4D7C3E90BEDE3C3A0","ELIGIBLE"
"architecture-evolutionary-intelligence-framework\final-consolidation\ARCHITECTURE_EVOLUTIONARY_INTELLIGENCE_COMPLETION_RECORD.md","DOCUMENTATION",".md","1348","35A9DC9B8AC6F32CE2363A6BADB992F42F3E1283BC5904B5697368B8A32AC8F6","ELIGIBLE"
"architecture-evolutionary-intelligence-framework\final-consolidation\ARCHITECTURE_EVOLUTIONARY_INTELLIGENCE_VALIDATION_REPORT.md","DOCUMENTATION",".md","1032","416E40C6A6FB8E1EF38BDEFA39EB2477380BAFA0671FA3705CEA5FF011C1A9F6","ELIGIBLE"
"architecture-evolutionary-intelligence-framework\final-consolidation\COMPLETE_EVOLUTIONARY_INTELLIGENCE_STATE.md","DOCUMENTATION",".md","1712","3E16A5D3DE198EC3ED864EAE1001ACBCB8D5A24BB12BFCC042199EA5AF59D2A9","ELIGIBLE"
"architecture-evolutionary-intelligence-framework\recursive-evolutionary-intelligence-governance\EVOLUTIONARY_INTELLIGENCE_GOVERNANCE_RECORD.md","DOCUMENTATION",".md","1036","F6A5395AE72EA20C118ECED1217935FCFE8C0C5A643E38E0816FE0C7EF380DA7","ELIGIBLE"
"architecture-evolutionary-intelligence-framework\recursive-evolutionary-intelligence-governance\EVOLUTIONARY_INTELLIGENCE_GOVERNANCE_STATE_REGISTER.md","DOCUMENTATION",".md","1069","96A9C8BC40D7C6E4CF4C90E820A6FDC833BAAF47CE8E9A0AB44BEDF7BE0DABAE","ELIGIBLE"
"architecture-evolutionary-intelligence-framework\recursive-evolutionary-intelligence-governance\RECURSIVE_EVOLUTIONARY_INTELLIGENCE_GOVERNANCE.md","DOCUMENTATION",".md","1915","E53834328228C185A797F01C9C708742573AC5BF698252C296F16A4EB94F2F9D","ELIGIBLE"
"architecture-evolutionary-intelligence-framework\unified-evolutionary-intelligence-modeling\EVOLUTIONARY_INTELLIGENCE_EVOLUTION_RECORD.md","DOCUMENTATION",".md","1023","6810A256B1095B1F296620807DDC11DAF1695170CA44697A201A2ADAE377BA68","ELIGIBLE"
"architecture-evolutionary-intelligence-framework\unified-evolutionary-intelligence-modeling\EVOLUTIONARY_INTELLIGENCE_STATE_REGISTER.md","DOCUMENTATION",".md","1035","0922AA0F6E02FB5F1844C6219DBEDF98CD1A027E6B035AD54694C460A9C2A492","ELIGIBLE"
"architecture-evolutionary-intelligence-framework\unified-evolutionary-intelligence-modeling\UNIFIED_EVOLUTIONARY_INTELLIGENCE_MODELING.md","DOCUMENTATION",".md","2285","7AB6584495AD52BC2A39A133DD3D74097772B2063A2EF7E1D3051495A5B6F043","ELIGIBLE"
"architecture-governance-framework\ARCHITECTURAL_CHANGE_REGISTER.md","DOCUMENTATION",".md","0","E3B0C44298FC1C149AFBF4C8996FB92427AE41E4649B934CA495991B7852B855","ELIGIBLE"
"architecture-governance-framework\ARCHITECTURE_CONTINUITY_RECORD.md","DOCUMENTATION",".md","0","E3B0C44298FC1C149AFBF4C8996FB92427AE41E4649B934CA495991B7852B855","ELIGIBLE"
"architecture-governance-framework\change_REQUEST_PROCESS.md","DOCUMENTATION",".md","0","E3B0C44298FC1C149AFBF4C8996FB92427AE41E4649B934CA495991B7852B855","ELIGIBLE"
"architecture-governance-framework\REVISION_CERTIFICATION_RECORD.md","DOCUMENTATION",".md","0","E3B0C44298FC1C149AFBF4C8996FB92427AE41E4649B934CA495991B7852B855","ELIGIBLE"
"architecture-governance-framework\REVISION_IMPACT_ASSESSMENT.md","DOCUMENTATION",".md","0","E3B0C44298FC1C149AFBF4C8996FB92427AE41E4649B934CA495991B7852B855","ELIGIBLE"
"architecture-governance-framework\STEWARDING_PRINCIPLES.md","DOCUMENTATION",".md","0","E3B0C44298FC1C149AFBF4C8996FB92427AE41E4649B934CA495991B7852B855","ELIGIBLE"
"architecture-governance-framework\change-control-governance\ARCHITECTURAL_CHANGE_REGISTER.md","DOCUMENTATION",".md","731","DADF25AF750BA128B53C397ADFEA52545B469A7780A1A965D56172FBAC17AC0D","ELIGIBLE"
"architecture-governance-framework\change-control-governance\CHANGE_CONTROL_GOVERNANCE.md","DOCUMENTATION",".md","1230","14D42C7D648643D702138F0388F9297807A42A06B43A4F23A496E1F2EE54346A","ELIGIBLE"
"architecture-governance-framework\change-control-governance\CHANGE_REQUEST_PROCESS.md","DOCUMENTATION",".md","1007","C0C1F636AF946EC84C4B9D7598122541A9AB64F0F63786AB5AA8559F948C9B44","ELIGIBLE"
"architecture-governance-framework\final-consolidation\ARCHITECTURE_GOVERNANCE_COMPLETION_RECORD.md","DOCUMENTATION",".md","979","C36DFEFD51824F9AAAB097EADD66AC228A4F65A89E357AF0DAB1E57F546DF4FB","ELIGIBLE"
"architecture-governance-framework\final-consolidation\ARCHITECTURE_GOVERNANCE_VALIDATION_REPORT.md","DOCUMENTATION",".md","1001","F709AA7C78ED29971E46B77F5D4C82845A8EA40CE5F8F3B4625377EAD1DD1226","ELIGIBLE"
"architecture-governance-framework\final-consolidation\MORNING_STAR_GOVERNED_REFERENCE_STATE.md","DOCUMENTATION",".md","948","F38EF0891330F573735C88816E67775DEBFE5234C97C4675F330BAE01AE4662F","ELIGIBLE"
"architecture-governance-framework\future-revision-validation\FUTURE_REVISION_VALIDATION.md","DOCUMENTATION",".md","1197","D404F5AB1397A8325E9940E14A31C72C9882D4A160B4ADDEB1D6A313F6789FDD","ELIGIBLE"
"architecture-governance-framework\future-revision-validation\REVISION_CERTIFICATION_RECORD.md","DOCUMENTATION",".md","884","942505647D86F577DF7D31BFAB51465C5B0323139249442A6106EC54FB3B0E68","ELIGIBLE"
"architecture-governance-framework\future-revision-validation\REVISION_IMPACT_ASSESSMENT.md","DOCUMENTATION",".md","954","5294824F6B7F2167AD982C777923B33BAA895532C35BF1210BC9AFCB0B871BFC","ELIGIBLE"
"architecture-governance-framework\long-term-architecture-stewardship\LONG_TERM_ARCHITECTURE_STEWARDSHIP.md","DOCUMENTATION",".md","0","E3B0C44298FC1C149AFBF4C8996FB92427AE41E4649B934CA495991B7852B855","ELIGIBLE"
"architecture-governance-framework\reference-state-maintenance\BASELINE_PRESERVATION_RECORD.md","DOCUMENTATION",".md","910","F92C7328F3E2CEE43250E8C97275D502361BA60FA00D67E020A216396793625F","ELIGIBLE"
"architecture-governance-framework\reference-state-maintenance\REFERENCE_STATE_HISTORY.md","DOCUMENTATION",".md","710","A81C0B604DF0B16228201F80CF13E1E3E24C6BFF2B8D987CC85D7FB887CD8ED6","ELIGIBLE"
"architecture-governance-framework\reference-state-maintenance\REFERENCE_STATE_MAINTENANCE.md","DOCUMENTATION",".md","1192","6F7CFCDB4CA31FFE001B20F5FABF7F9A5B2B18FFB5F580B8503F8DAC0A915307","ELIGIBLE"
"architecture-harmonic-integration-framework\final-consolidation\ARCHITECTURE_HARMONIC_INTEGRATION_COMPLETION_RECORD.md","DOCUMENTATION",".md","1111","1E493FC711ED615856A8E29012C3547E708AC50C853349D4A4E99FBB1DAA8BA4","ELIGIBLE"
"architecture-harmonic-integration-framework\final-consolidation\ARCHITECTURE_HARMONIC_INTEGRATION_VALIDATION_REPORT.md","DOCUMENTATION",".md","1050","8D5496E832EAFD112FD9B4C06621CC558CE21C6EB1FA57F621192CA59B4DA09B","ELIGIBLE"
"architecture-harmonic-integration-framework\final-consolidation\COMPLETE_HARMONIC_INTEGRATION_STATE.md","DOCUMENTATION",".md","1046","AE5AD1EAA7BD1434901D7891672C240D586391C9E179CB045B1FAA8CD76E94B3","ELIGIBLE"
"architecture-harmonic-integration-framework\harmonic-architecture-continuum\CONTINUUM_EVOLUTION_RECORD.md","DOCUMENTATION",".md","998","6592947B5C0E97F7AB6132273BA7B546389FE47F3D6101AFFD46B78D20ED85F7","ELIGIBLE"
"architecture-harmonic-integration-framework\harmonic-architecture-continuum\CONTINUUM_STATE_REGISTER.md","DOCUMENTATION",".md","1033","D0A40DA2DBDB2B3A6E76A90D1E8C6BF149CE23C841B7F3B5DAC71933BEEE036E","ELIGIBLE"
"architecture-harmonic-integration-framework\harmonic-architecture-continuum\HARMONIC_ARCHITECTURE_CONTINUUM.md","DOCUMENTATION",".md","1880","EDB040A726596DD4F023265A9D2939ABDE88297DC51E2123D41DD1BEB5E6C13A","ELIGIBLE"
"architecture-harmonic-integration-framework\intelligence-system-harmonic-alignment\ALIGNMENT_EVOLUTION_RECORD.md","DOCUMENTATION",".md","1028","2A3571441DDA61EB2EEE166EB84FBB9186D5B5DA4DB1060357A0CBCF1CA7EB66","ELIGIBLE"
"architecture-harmonic-integration-framework\intelligence-system-harmonic-alignment\ALIGNMENT_STATE_REGISTER.md","DOCUMENTATION",".md","1021","C2BBD2DD41A756660FFAC93073310583FD212409A7D54F9E2AE1DE717327070F","ELIGIBLE"
"architecture-harmonic-integration-framework\intelligence-system-harmonic-alignment\INTELLIGENCE_SYSTEM_HARMONIC_ALIGNMENT.md","DOCUMENTATION",".md","1801","0E333C1AD39002E57546A165BFC4441A4EF25EF2AC4F4D99BF40751BF824D020","ELIGIBLE"
"architecture-harmonic-integration-framework\recursive-harmonic-governance\HARMONIC_GOVERNANCE_EVOLUTION_RECORD.md","DOCUMENTATION",".md","1012","B664D37E4BBBB7131B5B90F6C2FFFD14DDDDF8E12579B5D0F00C213465E076F3","ELIGIBLE"
"architecture-harmonic-integration-framework\recursive-harmonic-governance\HARMONIC_GOVERNANCE_STATE_REGISTER.md","DOCUMENTATION",".md","1022","71C25FDB0DD65B885512AEA261507D30FD06FE12A609CD8DD142AEC8C66F98A8","ELIGIBLE"
"architecture-harmonic-integration-framework\recursive-harmonic-governance\RECURSIVE_HARMONIC_GOVERNANCE.md","DOCUMENTATION",".md","1858","E502751B85D541644A645AA9727343336832755EF957E076297F742975562E3A","ELIGIBLE"
"architecture-harmonic-integration-framework\unified-architecture-harmonic-modeling\HARMONIC_EVOLUTION_RECORD.md","DOCUMENTATION",".md","967","39A599D238061BE7A478FA5EC0ED6030EC7C464E2F9400F4CCA51FBDD27926D9","ELIGIBLE"
"architecture-harmonic-integration-framework\unified-architecture-harmonic-modeling\HARMONIC_STATE_REGISTER.md","DOCUMENTATION",".md","967","FF45409A0E95E41E3A28EDD0C28080EB5520B5CE680A653043A971BEE79344A0","ELIGIBLE"
"architecture-harmonic-integration-framework\unified-architecture-harmonic-modeling\UNIFIED_ARCHITECTURE_HARMONIC_MODELING.md","DOCUMENTATION",".md","1741","FDF781C9F8507349222A5D8BCD801484284F63747CB42D2A0EAA6C9575804388","ELIGIBLE"
"architecture-immutability-reference\constitutional-architecture-lock\CONSTITUTIONAL_ARCHITECTURE_LOCK.md","DOCUMENTATION",".md","1172","0CD59EEDD011E95E6BA5EB7B65E9519C8ACCB8E2798FA944BE27ABEFA687C718","ELIGIBLE"
"architecture-immutability-reference\constitutional-architecture-lock\CONSTITUTIONAL_LOCK_EVOLUTION_RECORD.md","DOCUMENTATION",".md","987","A87C4B2B00AD6883AD555A9626807C95655E6F073ED4A88E2598E4C0FF42BEF3","ELIGIBLE"
"architecture-immutability-reference\constitutional-architecture-lock\CONSTITUTIONAL_LOCK_STATE_REGISTER.md","DOCUMENTATION",".md","997","4D020ACF7A33DF12188434BF49368BD5A15800201391B10F61C27BA9777883EB","ELIGIBLE"
"architecture-immutability-reference\final-consolidation\ARCHITECTURE_IMMUTABILITY_COMPLETION_RECORD.md","DOCUMENTATION",".md","1043","58DD7622E1DD504A5A4C2444BFEF6E01ACD70596C086015802D6A587FE94091E","ELIGIBLE"
"architecture-immutability-reference\final-consolidation\ARCHITECTURE_IMMUTABILITY_VALIDATION_REPORT.md","DOCUMENTATION",".md","939","B212B325B203A5CF010A897CD6BB7B757BADEF81638375B71316B2D2F379866F","ELIGIBLE"
"architecture-immutability-reference\final-consolidation\COMPLETE_ARCHITECTURE_IMMUTABILITY_STATE.md","DOCUMENTATION",".md","1072","43BB3EEF04E3C93839C73FAC465DE9E8E4918E98E792245DBFE120756ED84C9B","ELIGIBLE"
"architecture-immutability-reference\immutable-reference-state-creation\IMMUTABLE_REFERENCE_STATE_CREATION.md","DOCUMENTATION",".md","1147","55371E2B09578B00E7A109DF5E2B6BF24308E363CFD01FCFA16AC60ABD7CFD53","ELIGIBLE"
"architecture-immutability-reference\immutable-reference-state-creation\IMMUTABLE_STATE_EVOLUTION_RECORD.md","DOCUMENTATION",".md","935","8D11FAEF3AB97CD25D7DE412BAF329E9B228CB8BB4BF1212A26622E49B1C8B7F","ELIGIBLE"
"architecture-immutability-reference\immutable-reference-state-creation\IMMUTABLE_STATE_REGISTER.md","DOCUMENTATION",".md","947","BED6270A5EBDCD70074FD72244ACCDC4D7523E22A27BD4927FD92FFD7361BE30","ELIGIBLE"
"architecture-immutability-reference\permanent-architecture-reference-registry\PERMANENT_ARCHITECTURE_REFERENCE_REGISTRY.md","DOCUMENTATION",".md","598","E776D2B4D5925A1CB609CD925C24C4EE8DBECBA729433EC29BDF96279C816478","ELIGIBLE"
"architecture-immutability-reference\verification-provenance-chain\PROVENANCE_EVOLUTION_RECORD.md","DOCUMENTATION",".md","958","650FBD3861D2029C7703E896D8740163449400445E65EE3FF2833EBC869FC269","ELIGIBLE"
"architecture-immutability-reference\verification-provenance-chain\PROVENANCE_STATE_REGISTER.md","DOCUMENTATION",".md","938","DE4AD44791E07CDE07F17A2BB70C3091B49A8778E304BE561EAFD81E9CB4F749","ELIGIBLE"
"architecture-immutability-reference\verification-provenance-chain\VERIFICATION_PROVENANCE_CHAIN.md","DOCUMENTATION",".md","1170","34DA48667CC2E5A10931F3C058247FFE13153B231685B8EE941B88017D05A3CE","ELIGIBLE"
"architecture-impact-framework\final-consolidation\ARCHITECTURE_IMPACT_COMPLETION_RECORD.md","DOCUMENTATION",".md","1039","37FE5380D0DBA40AC3ED4805AE730C8B67CD2EF13235672DB604FE7A803658F5","ELIGIBLE"
"architecture-impact-framework\final-consolidation\ARCHITECTURE_IMPACT_VALIDATION_REPORT.md","DOCUMENTATION",".md","919","4BCA01BC8E521A0F6E92A82B1D9F5326F66F2AB0E35B14C9873960B739DA47B5","ELIGIBLE"
"architecture-impact-framework\final-consolidation\MORNING_STAR_GLOBAL_IMPACT_REFERENCE_STATE.md","DOCUMENTATION",".md","1292","B403BFCC0CAA6AED51FB54CDF5A8A2B80FEA65D3A2A678D3A57EC4C26BE90519","ELIGIBLE"
"architecture-impact-framework\impact-measurement-model\IMPACT_MEASUREMENT_MODEL.md","DOCUMENTATION",".md","1125","6D26EA2C003FD4F6B368F9998886C77DDC11130CBBDE5E3B31B1AE156AFBAACE","ELIGIBLE"
"architecture-impact-framework\impact-measurement-model\IMPACT_METRIC_MODEL.md","DOCUMENTATION",".md","1010","925242BA320D1E778E56C4B5FB75007DEF3651697C44822364F70D5599A9A99F","ELIGIBLE"
"architecture-impact-framework\impact-measurement-model\IMPACT_STATUS_RECORD.md","DOCUMENTATION",".md","743","30B8166CD7388A554F870CCE1C46BD769F648F5C49BB525FF0D87E2D07848C3E","ELIGIBLE"
"architecture-impact-framework\long-term-impact-continuity\IMPACT_CONTINUITY_MODEL.md","DOCUMENTATION",".md","1099","C160B7C23C83DD6D5C1D4201727434E9022AAE7D00C555CD9708C8F3A8E377D1","ELIGIBLE"
"architecture-impact-framework\long-term-impact-continuity\IMPACT_STATUS_RECORD.md","DOCUMENTATION",".md","781","FF59CF7850DAF3C6105A0A3D61AA9A4926D7DB3ABD495BAE586F439DD76F2834","ELIGIBLE"
"architecture-impact-framework\long-term-impact-continuity\LONG_TERM_IMPACT_CONTINUITY.md","DOCUMENTATION",".md","1191","3D65A0D68255858A643F203E12EAEF5B9E8D3C98B9021333BB22C9505C3205BE","ELIGIBLE"
"architecture-impact-framework\outcome-validation-system\OUTCOME_STATUS_RECORD.md","DOCUMENTATION",".md","731","264DF3233D67C340C4A2B51B07584E7A059929016AC59A92F9BEC85E4875BCD9","ELIGIBLE"
"architecture-impact-framework\outcome-validation-system\OUTCOME_VALIDATION_MODEL.md","DOCUMENTATION",".md","1002","E2E0C4814C59BA0D1584DF6760D91D1362B2B6FDDC6F479C0DBCFE414592B212","ELIGIBLE"
"architecture-impact-framework\outcome-validation-system\OUTCOME_VALIDATION_SYSTEM.md","DOCUMENTATION",".md","1071","548961B0CF7996C10C5D2A54E8CBC72D6514E2813586D2341852BCFF952C6C52","ELIGIBLE"
"architecture-impact-framework\societal-systemic-impact-analysis\SOCIETAL_SYSTEMIC_IMPACT_ANALYSIS.md","DOCUMENTATION",".md","1171","3618CFFBFF74892888E49F149BC6F44A5AEC6255D009783BD5522A50977C07F5","ELIGIBLE"
"architecture-impact-framework\societal-systemic-impact-analysis\SYSTEMIC_IMPACT_MODEL.md","DOCUMENTATION",".md","1148","6E5045D2027849C820085F5BC6CD9C8022B93BD279AEDA693D58FB2950F5F023","ELIGIBLE"
"architecture-impact-framework\societal-systemic-impact-analysis\SYSTEMIC_STATUS_RECORD.md","DOCUMENTATION",".md","769","24C1FB215BCE82853D132AD4BCB67D431604AF4F990A4FEF78E6CBF70B45EB6A","ELIGIBLE"
"architecture-integrated-existence-framework\complete-architecture-state-modeling\COMPLETE_ARCHITECTURE_STATE_MODELING.md","DOCUMENTATION",".md","1729","108CBCD2F02707E4E1C8450658DBEBE56708C694CFE6CEBBEC841D506423BDA5","ELIGIBLE"
"architecture-integrated-existence-framework\complete-architecture-state-modeling\STATE_MODEL_EVOLUTION_RECORD.md","DOCUMENTATION",".md","993","C1A7D7E6187E23661DAC4220E65316C0C40AD0512D1BE492C842F4F40931FA95","ELIGIBLE"
"architecture-integrated-existence-framework\complete-architecture-state-modeling\STATE_MODEL_REGISTER.md","DOCUMENTATION",".md","988","0873CBC4295CB7ECBA709C21B91BF6F64A5EEE50C44B41B7407AB9E3E93942D3","ELIGIBLE"
"architecture-integrated-existence-framework\final-consolidation\ARCHITECTURE_INTEGRATED_EXISTENCE_COMPLETION_RECORD.md","DOCUMENTATION",".md","1192","F98DB9B85514DF352D339CEF1BD28F782D0818B0D88E20BB76805BC6807B04F1","ELIGIBLE"
"architecture-integrated-existence-framework\final-consolidation\ARCHITECTURE_INTEGRATED_EXISTENCE_VALIDATION_REPORT.md","DOCUMENTATION",".md","1021","D1B506F40D814D9033DE60F04145A1669914B843DD4A0F741AB9A2A43987963F","ELIGIBLE"
"architecture-integrated-existence-framework\final-consolidation\COMPLETE_INTEGRATED_EXISTENCE_STATE.md","DOCUMENTATION",".md","1078","EF60A65A256DAB3D848675811D95177BBFFD1210D7FDFBD17BC777B21258DA2A","ELIGIBLE"
"architecture-integrated-existence-framework\integrated-architecture-continuum\CONTINUUM_EVOLUTION_RECORD.md","DOCUMENTATION",".md","982","B69226AEA32CC1203D161260BA0BA255F74D9229963357EA0B13CA1BAA5EFF67","ELIGIBLE"
"architecture-integrated-existence-framework\integrated-architecture-continuum\CONTINUUM_STATE_REGISTER.md","DOCUMENTATION",".md","1036","A0FFE016295A400ED84D93C0FD5F1A885C87467DD6EA12B5FA7543FD7A07444F","ELIGIBLE"
"architecture-integrated-existence-framework\integrated-architecture-continuum\INTEGRATED_ARCHITECTURE_CONTINUUM.md","DOCUMENTATION",".md","1986","34196E7E79D8A80E381EFB38A5C38E6177B09B431D4411C630D773689D82F936","ELIGIBLE"
"architecture-integrated-existence-framework\intelligence-architecture-coherence-mapping\COHERENCE_EVOLUTION_RECORD.md","DOCUMENTATION",".md","1021","42D04EC301ACEB8F38DA84F066E18A47C90CEEF1725D0E9822553402CB73E3D2","ELIGIBLE"
"architecture-integrated-existence-framework\intelligence-architecture-coherence-mapping\COHERENCE_STATE_REGISTER.md","DOCUMENTATION",".md","999","40A9346B8BFC993D99BBF443D6CF54A1D73A055A8D563F88757C98C7D40DB6E1","ELIGIBLE"
"architecture-integrated-existence-framework\intelligence-architecture-coherence-mapping\INTELLIGENCE_ARCHITECTURE_COHERENCE_MAPPING.md","DOCUMENTATION",".md","1804","A40433B7E693EE199C2E8909FCF428E42396A6585D2417DAAA668EB2AD94E9E7","ELIGIBLE"
"architecture-integrated-existence-framework\recursive-existence-governance\EXISTENCE_GOVERNANCE_EVOLUTION_RECORD.md","DOCUMENTATION",".md","1047","B722BA03FE3433BED18D451B871862D5C0546F14DD80EC75A6B997AC6BC972E8","ELIGIBLE"
"architecture-integrated-existence-framework\recursive-existence-governance\EXISTENCE_GOVERNANCE_STATE_REGISTER.md","DOCUMENTATION",".md","1082","0EAD0EB6DC8B3178FA18A843A14603C13728CEABE14B118349FC4ACE336D6993","ELIGIBLE"
"architecture-integrated-existence-framework\recursive-existence-governance\RECURSIVE_EXISTENCE_GOVERNANCE.md","DOCUMENTATION",".md","1803","4D50FC730EE07620AAACC43D7C1406EDC8638290BB8E7881580B8CA11A0331D4","ELIGIBLE"
"architecture-integrated-intelligence-framework\architecture-integrated-intelligence-integration-mapping\ARCHITECTURE_INTEGRATED_INTELLIGENCE_INTEGRATION_MAPPING.md","DOCUMENTATION",".md","2012","A72D9195DC688A4BF18A8A6ECB6DD5B202F8ADFD7690F78CDF77E41594097A1F","ELIGIBLE"
"architecture-integrated-intelligence-framework\architecture-integrated-intelligence-integration-mapping\INTEGRATED_INTELLIGENCE_INTEGRATION_RECORD.md","DOCUMENTATION",".md","1042","51687A024644E6E610E35F288075CCBE0CB29EC8E94DDAFFA7EE4518E7836B82","ELIGIBLE"
"architecture-integrated-intelligence-framework\architecture-integrated-intelligence-integration-mapping\INTEGRATED_INTELLIGENCE_INTEGRATION_STATE_REGISTER.md","DOCUMENTATION",".md","1074","5F6A198D92A02A5F3C301AE741EE1EB039CBC0A6F5F3EC8EF535169EBF5EFD56","ELIGIBLE"
"architecture-integrated-intelligence-framework\architecture-intelligence-integration-mapping\ARCHITECTURE_INTELLIGENCE_INTEGRATION_MAPPING.md","DOCUMENTATION",".md","1883","DC34C63CB0F64A849354685609270DDD4CD66D8BB305905AF892F664AAFADC58","ELIGIBLE"
"architecture-integrated-intelligence-framework\architecture-intelligence-integration-mapping\INTEGRATION_EVOLUTION_RECORD.md","DOCUMENTATION",".md","1138","8CF62272827FB7AF4172DDAF9F85BBF48E22607CCCE613BE5C1C334A0D9F216A","ELIGIBLE"
"architecture-integrated-intelligence-framework\architecture-intelligence-integration-mapping\INTEGRATION_STATE_REGISTER.md","DOCUMENTATION",".md","1082","EDAB05119FECE27E23936EA35CCCFAF6E767946A827EC8A2F3A0A0F45AB6320E","ELIGIBLE"
"architecture-integrated-intelligence-framework\final-consolidation\ARCHITECTURE_INTEGRATED_INTELLIGENCE_COMPLETION_RECORD.md","DOCUMENTATION",".md","1232","DB360E815AE0FEFA7AA329F9214449559E8EE992977136A71F1C9B3FC5F8ECF9","ELIGIBLE"
"architecture-integrated-intelligence-framework\final-consolidation\ARCHITECTURE_INTEGRATED_INTELLIGENCE_VALIDATION_REPORT.md","DOCUMENTATION",".md","1092","1BE67A835E2A8D314EB8C4FF14D116824DFAF09B906556FD3A27844F340B7FF7","ELIGIBLE"
"architecture-integrated-intelligence-framework\final-consolidation\COMPLETE_INTEGRATED_INTELLIGENCE_STATE.md","DOCUMENTATION",".md","1452","AB673E57214EC3824779741344F0171291BE16AB9370979336CFE50EFE200173","ELIGIBLE"
"architecture-integrated-intelligence-framework\integrated-architecture-continuum\CONTINUUM_EVOLUTION_RECORD.md","DOCUMENTATION",".md","1045","9324E31031A77AE2303042095EBA8EE7DCA89FAECC697EB6519C7155D1FD8A06","ELIGIBLE"
"architecture-integrated-intelligence-framework\integrated-architecture-continuum\CONTINUUM_STATE_REGISTER.md","DOCUMENTATION",".md","1079","60E21D2F992D58506A9B299C12BCD2C8443916FA78C33585443B904CF675844B","ELIGIBLE"
"architecture-integrated-intelligence-framework\integrated-architecture-continuum\INTEGRATED_ARCHITECTURE_CONTINUUM.md","DOCUMENTATION",".md","2126","9EB6D98FE6BBD795BDAEF9ACE25D3297ACB0409A1B76198DEE0FAF3E4D53F77D","ELIGIBLE"
"architecture-integrated-intelligence-framework\recursive-integrated-intelligence-governance\INTEGRATED_INTELLIGENCE_GOVERNANCE_RECORD.md","DOCUMENTATION",".md","1001","EF950F9803AAF025C1C2F2353955924AD2C8197EFEEB19F5CBE5663086D2FC13","ELIGIBLE"
"architecture-integrated-intelligence-framework\recursive-integrated-intelligence-governance\INTEGRATED_INTELLIGENCE_GOVERNANCE_STATE_REGISTER.md","DOCUMENTATION",".md","1070","76439FF890C9250863808C90B437FF2DD779BE674AD9ECB7705EEA64E8835950","ELIGIBLE"
"architecture-integrated-intelligence-framework\recursive-integrated-intelligence-governance\RECURSIVE_INTEGRATED_INTELLIGENCE_GOVERNANCE.md","DOCUMENTATION",".md","1888","CD9DC85C1F569040B975C4CF4F23336B806D49FF3B5D26B5FDF28F98A0F739D7","ELIGIBLE"
"architecture-integrated-intelligence-framework\recursive-integration-governance\INTEGRATION_GOVERNANCE_EVOLUTION_RECORD.md","DOCUMENTATION",".md","1068","49C0FCACE70FA2E22043DB534AE4704BDD2449D33251BC991DBD5C7BDD0DB8A3","ELIGIBLE"
"architecture-integrated-intelligence-framework\recursive-integration-governance\INTEGRATION_GOVERNANCE_STATE_REGISTER.md","DOCUMENTATION",".md","1069","7BA0A16884DF0FAFE4AF9D87E3D330E2944DC5DB2E7C2B445CD274BB98214D1E","ELIGIBLE"
"architecture-integrated-intelligence-framework\recursive-integration-governance\RECURSIVE_INTEGRATION_GOVERNANCE.md","DOCUMENTATION",".md","1887","00AD0CB992D097FB539BC592286F16A2B9431BB617BCA074DC2F6C4DEC1060D2","ELIGIBLE"
"architecture-integrated-intelligence-framework\unified-integrated-intelligence-modeling\INTEGRATED_INTELLIGENCE_EVOLUTION_RECORD.md","DOCUMENTATION",".md","1040","695A6CAA207BEDC1C8178B38F9C19401CE2841A73619880C2C3A91A55BEDBC66","ELIGIBLE"
"architecture-integrated-intelligence-framework\unified-integrated-intelligence-modeling\INTEGRATED_INTELLIGENCE_STATE_REGISTER.md","DOCUMENTATION",".md","1044","CA9B5BF63A43CA60F59A5DE88B88FB85CDBF4CF499BC7AA579BA920A23155F2C","ELIGIBLE"
"architecture-integrated-intelligence-framework\unified-integrated-intelligence-modeling\UNIFIED_INTEGRATED_INTELLIGENCE_MODELING.md","DOCUMENTATION",".md","1904","B4760E4731BD9F262259B93A4A34431F948964FD51F511E42654DE8C22EA27F0","ELIGIBLE"
"architecture-integrated-intelligence-framework\unified-intelligence-integration-modeling\INTEGRATION_EVOLUTION_RECORD.md","DOCUMENTATION",".md","1040","B03E36F7B517500E990F071880F77D31AA0BFE2FE7878BE910AAD0942F796AEF","ELIGIBLE"
"architecture-integrated-intelligence-framework\unified-intelligence-integration-modeling\INTEGRATION_STATE_REGISTER.md","DOCUMENTATION",".md","1051","173F31BAB50A7A4AE5681C31BA2A8390469883E838AC64B5C951F3129C593AB3","ELIGIBLE"
"architecture-integrated-intelligence-framework\unified-intelligence-integration-modeling\UNIFIED_INTELLIGENCE_INTEGRATION_MODELING.md","DOCUMENTATION",".md","1830","2C80B4C928CCDE65038ECF17EEEE41B6D942FD32C8AE38E80CEEF04AF6731150","ELIGIBLE"
"architecture-intelligence-amplification\architecture-knowledge-integration\ARCHITECTURE_KNOWLEDGE_INTEGRATION.md","DOCUMENTATION",".md","1384","C2B8136228CA3259C43709C7EEF2F4575BA0A7858D52AB3CA468A9159BE909E3","ELIGIBLE"
"architecture-intelligence-amplification\architecture-knowledge-integration\KNOWLEDGE_EVOLUTION_RECORD.md","DOCUMENTATION",".md","987","528E11933B06DDFAE764470D8BF5C53139634D7BB4772226711FE91AF84E317F","ELIGIBLE"
"architecture-intelligence-amplification\architecture-knowledge-integration\KNOWLEDGE_STATE_REGISTER.md","DOCUMENTATION",".md","969","B34819F0D9A971F9C86C92FA7F01CD0EABBA86B00CE2C1786C2C7DF47FC22FF6","ELIGIBLE"
"architecture-intelligence-amplification\distributed-architecture-intelligence-network\DISTRIBUTED_ARCHITECTURE_INTELLIGENCE_NETWORK.md","DOCUMENTATION",".md","1496","837C686D595863DFF6C45374088017E575786A9D26452FBC67429C838D938FEF","ELIGIBLE"
"architecture-intelligence-amplification\distributed-architecture-intelligence-network\INTELLIGENCE_NETWORK_EVOLUTION_RECORD.md","DOCUMENTATION",".md","1035","609C75F67F418C9085B51329C02EB12D7D5E11E2D7D8A5B2BFC8D08F4BF75335","ELIGIBLE"
"architecture-intelligence-amplification\distributed-architecture-intelligence-network\INTELLIGENCE_NETWORK_REGISTER.md","DOCUMENTATION",".md","979","7C80A76312F5EECB401A9D09F546FAF87D5991EEDF35420831BB67E663FE35DB","ELIGIBLE"
"architecture-intelligence-amplification\final-consolidation\ARCHITECTURE_INTELLIGENCE_AMPLIFICATION_COMPLETION_RECORD.md","DOCUMENTATION",".md","1151","C3404B8B01A689E393B623247DE6F4770D347C805CC4A38225F10BD4A92F0B8D","ELIGIBLE"
"architecture-intelligence-amplification\final-consolidation\ARCHITECTURE_INTELLIGENCE_AMPLIFICATION_VALIDATION_REPORT.md","DOCUMENTATION",".md","1000","C3087D12F1744AB8AE14AC79F59ABFB82C77582045F62E6BDEC0D4C612736725","ELIGIBLE"
"architecture-intelligence-amplification\final-consolidation\COMPLETE_ARCHITECTURE_INTELLIGENCE_AMPLIFICATION_STATE.md","DOCUMENTATION",".md","1050","95A9997DA1A9A0B7F91A27FBC4AF8C745BD94BCA1984B64FC84F52F386FD3AAC","ELIGIBLE"
"architecture-intelligence-amplification\predictive-governance-modeling\GOVERNANCE_MODEL_EVOLUTION_RECORD.md","DOCUMENTATION",".md","983","33487F439AA91D8908B7435B8D1A10D22C1258B6C0AD859EF8F2501D812FF6E6","ELIGIBLE"
"architecture-intelligence-amplification\predictive-governance-modeling\GOVERNANCE_MODEL_REGISTER.md","DOCUMENTATION",".md","985","E81393BA0D64DA13F43CA1BEB0E7DE1A22A29B5D0AD3DF56891ABD2813D3B6E0","ELIGIBLE"
"architecture-intelligence-amplification\predictive-governance-modeling\PREDICTIVE_GOVERNANCE_MODELING.md","DOCUMENTATION",".md","1435","48212C80F99986D8F6B274E0A2AC8C5104BA0B0B3F76BFE1AB4989EBBB0D1217","ELIGIBLE"
"architecture-intelligence-amplification\recursive-intelligence-optimization\INTELLIGENCE_OPTIMIZATION_EVOLUTION_RECORD.md","DOCUMENTATION",".md","1014","68BF3BF49DAAD5D5D5235FFD60D220D656502AD35795BF94D03FC468D87EE2CC","ELIGIBLE"
"architecture-intelligence-amplification\recursive-intelligence-optimization\INTELLIGENCE_OPTIMIZATION_REGISTER.md","DOCUMENTATION",".md","1038","7EBDB021C4B943FF2DA14B4695B227B503EA7934BA1582AF5E919F9DF298873F","ELIGIBLE"
"architecture-intelligence-amplification\recursive-intelligence-optimization\RECURSIVE_INTELLIGENCE_OPTIMIZATION.md","DOCUMENTATION",".md","1583","4F90A9699E66B9405BFA0475FDF6D60248E6C76014E909121BE686CEE9E2F317","ELIGIBLE"
"architecture-intelligence-framework\contextual-architecture-reasoning\CONTEXTUAL_ARCHITECTURE_REASONING.md","DOCUMENTATION",".md","1159","979C0EC9C656329473A3B40CA0F03E7B46D7BAC876347C8A10DAE6FABE9DD2CE","ELIGIBLE"
"architecture-intelligence-framework\contextual-architecture-reasoning\REASONING_CONTEXT_MODEL.md","DOCUMENTATION",".md","964","92C6F1CFCBEB0B7240989563C248D3975204ED93F4988A304EF4202794EC6012","ELIGIBLE"
"architecture-intelligence-framework\contextual-architecture-reasoning\REASONING_STATUS_RECORD.md","DOCUMENTATION",".md","788","8BD7C2C7DFD97B21F33B7B2A611183FFA5440AA86492F7DC526252851CCC98B2","ELIGIBLE"
"architecture-intelligence-framework\final-consolidation\ARCHITECTURE_INTELLIGENCE_COMPLETION_RECORD.md","DOCUMENTATION",".md","1174","EDC1EF84BEE5C8A017AE9FD25529E4030F9BBDE59D454F0B880C4F9913F7082A","ELIGIBLE"
"architecture-intelligence-framework\final-consolidation\ARCHITECTURE_INTELLIGENCE_VALIDATION_REPORT.md","DOCUMENTATION",".md","937","00F5D5DD621780E20E8071837E758CE7DCA5FABDA7F5D6410FBC64143349B1F8","ELIGIBLE"
"architecture-intelligence-framework\final-consolidation\MORNING_STAR_INTELLIGENT_REFERENCE_STATE.md","DOCUMENTATION",".md","1335","C70E8DC1E2A714F617D5AA1D56A76054EABC74D24A3B54438A140062DE967465","ELIGIBLE"
"architecture-intelligence-framework\intelligence-continuity-integration\INTELLIGENCE_CONTINUITY_INTEGRATION.md","DOCUMENTATION",".md","1221","870CCC2CACF01D3F82E50084CDC4790F5A837A6A08BD6267B84FB13C0360F5AF","ELIGIBLE"
"architecture-intelligence-framework\intelligence-continuity-integration\INTELLIGENCE_CONTINUITY_RECORD.md","DOCUMENTATION",".md","821","9C71DBBD6DCE9D2A58B510ADEC8297D0630EB38E7CA71B92C26309605CEEBA1B","ELIGIBLE"
"architecture-intelligence-framework\intelligence-continuity-integration\INTELLIGENCE_LINEAGE_MODEL.md","DOCUMENTATION",".md","926","9323EC7A0CF78BB4549E85F1B3DD2EFD0ABC7344B218C55CE074CFD3CA439340","ELIGIBLE"
"architecture-intelligence-framework\intelligence-governance-alignment\INTELLIGENCE_ALIGNMENT_RECORD.md","DOCUMENTATION",".md","816","72EB9EAE77F255D0E30F7C0856FD079941A588C9C6F80AA1FF9E4BD5F64A745D","ELIGIBLE"
"architecture-intelligence-framework\intelligence-governance-alignment\INTELLIGENCE_GOVERNANCE_ALIGNMENT.md","DOCUMENTATION",".md","1190","960391067C66385F1BB9BFFA4C240CDFF5E7D43F26E87E917393BCD6F9CB37F3","ELIGIBLE"
"architecture-intelligence-framework\intelligence-governance-alignment\INTELLIGENCE_POLICY_MODEL.md","DOCUMENTATION",".md","925","C697CA6DDB2949BF48262208BE10FA1C3D069AE45841FB4A9B892CA43BE74463","ELIGIBLE"
"architecture-intelligence-framework\intelligence-state-representation\INTELLIGENCE_STATE_MODEL.md","DOCUMENTATION",".md","1124","7813EFA655FDB335343898A774329D3D445F6335F9A124029FE9550E2ED7D227","ELIGIBLE"
"architecture-intelligence-framework\intelligence-state-representation\INTELLIGENCE_STATE_RECORD.md","DOCUMENTATION",".md","807","A6C3FEB8AE95361309C10AE3E7705BC40A1667A06625E43D95395B28DA54DFCC","ELIGIBLE"
"architecture-intelligence-framework\intelligence-state-representation\INTELLIGENCE_STATE_REPRESENTATION.md","DOCUMENTATION",".md","1178","FC87499799FA3F3CB46F0E01608689D6EA66A7FAF948416EE4256B5BD20753CE","ELIGIBLE"
"architecture-intelligence-synthesis-framework\constitutional-intelligence-integration-mapping\CONSTITUTIONAL_INTELLIGENCE_INTEGRATION_MAPPING.md","DOCUMENTATION",".md","1661","E68E767E1F1F1D72569955A01335DA123B0A60300BF61438AA3C943EB4C3B91B","ELIGIBLE"
"architecture-intelligence-synthesis-framework\constitutional-intelligence-integration-mapping\CONSTITUTIONAL_INTELLIGENCE_RECORD.md","DOCUMENTATION",".md","982","4D5B592284751D2652B3D6E8BF7243D6AFFAFC0A9147F28C9AA78237C4B76EA6","ELIGIBLE"
"architecture-intelligence-synthesis-framework\constitutional-intelligence-integration-mapping\CONSTITUTIONAL_INTELLIGENCE_STATE_REGISTER.md","DOCUMENTATION",".md","1083","AC3AED0C8F84ECF0CAC802E4E00F058A89D77FF55A5A55FD2B106BD975CE1DD4","ELIGIBLE"
"architecture-intelligence-synthesis-framework\final-consolidation\ARCHITECTURE_INTELLIGENCE_SYNTHESIS_COMPLETION_RECORD.md","DOCUMENTATION",".md","1119","F55F8799BFB7664DFE839665FE6C4F3D129BF5712A1C8FB3A965323FA0D0F45F","ELIGIBLE"
"architecture-intelligence-synthesis-framework\final-consolidation\ARCHITECTURE_INTELLIGENCE_SYNTHESIS_VALIDATION_REPORT.md","DOCUMENTATION",".md","1120","A0F575F421C08AA7B6ED5F2ACD9B8BB48BEC3157C4BA860F73BB0C0DA0133B13","ELIGIBLE"
"architecture-intelligence-synthesis-framework\final-consolidation\COMPLETE_INTELLIGENCE_SYNTHESIS_STATE.md","DOCUMENTATION",".md","1162","4DCA74894B333681C67480DCAE641A57EA5795ECA1457EFFB150F2DEAC4B6B94","ELIGIBLE"
"architecture-intelligence-synthesis-framework\recursive-intelligence-governance-synthesis\INTELLIGENCE_GOVERNANCE_RECORD.md","DOCUMENTATION",".md","1038","EA8F7792FD4E6973E4A6536C34A1DB93D5C047CF8624D665EFFA927C2A63C7D8","ELIGIBLE"
"architecture-intelligence-synthesis-framework\recursive-intelligence-governance-synthesis\INTELLIGENCE_GOVERNANCE_STATE_REGISTER.md","DOCUMENTATION",".md","998","B3E9768E6DCC00289BE86030C23E4ED65FA6C4DDE8B4C2D9121E7E030390746A","ELIGIBLE"
"architecture-intelligence-synthesis-framework\recursive-intelligence-governance-synthesis\RECURSIVE_INTELLIGENCE_GOVERNANCE_SYNTHESIS.md","DOCUMENTATION",".md","1834","35B350451966F1A422F14A50C029E78190CE69EEE8B68B7FBE4D429BE7D9C5AF","ELIGIBLE"
"architecture-intelligence-synthesis-framework\unified-architecture-continuum\CONTINUUM_EVOLUTION_RECORD.md","DOCUMENTATION",".md","999","38282E8A520B7D2A178D8A204295E32CE195C56D1AA69B07ED209123947B45D1","ELIGIBLE"
"architecture-intelligence-synthesis-framework\unified-architecture-continuum\CONTINUUM_STATE_REGISTER.md","DOCUMENTATION",".md","1066","C12F68BB10A267D8A181A80085BEEFFDB3FDB04AE5483CAAED4F3C040A5591B1","ELIGIBLE"
"architecture-intelligence-synthesis-framework\unified-architecture-continuum\UNIFIED_ARCHITECTURE_CONTINUUM.md","DOCUMENTATION",".md","1911","FEF2F188BBF472B819D81C0C677A3CE03F0E1FC65E858F46910B0C51BB80F652","ELIGIBLE"
"architecture-intelligence-synthesis-framework\unified-intelligence-layer-synthesis\INTELLIGENCE_SYNTHESIS_RECORD.md","DOCUMENTATION",".md","992","E8B48931B18CFA368C730CBA32B2E9A87355BA3A7209D8E0866D5C53F3063821","ELIGIBLE"
"architecture-intelligence-synthesis-framework\unified-intelligence-layer-synthesis\INTELLIGENCE_SYNTHESIS_STATE_REGISTER.md","DOCUMENTATION",".md","986","393CDF9D37B819EA590E3F77266FB419D81A7E19062A0B0AEC735B1B066833B7","ELIGIBLE"
"architecture-intelligence-synthesis-framework\unified-intelligence-layer-synthesis\UNIFIED_INTELLIGENCE_LAYER_SYNTHESIS.md","DOCUMENTATION",".md","1803","764B2403C1E398B451AA6A7D3387CA203017EF04907E1844A13F9091DEDF67FF","ELIGIBLE"
"architecture-intelligent-adaptation\adaptive-architecture-interpretation\ADAPTIVE_ARCHITECTURE_INTERPRETATION.md","DOCUMENTATION",".md","1746","D796B1BD7B04C37645284484CA02C6201B82E61B2C4BD3C301FD7AC39D26D6BC","ELIGIBLE"
"architecture-intelligent-adaptation\adaptive-architecture-interpretation\INTERPRETATION_EVOLUTION_RECORD.md","DOCUMENTATION",".md","999","6FFE758F9AE07EC33305B8351FBCC744869050DF350D9FC3D3DBD98E96D14B0E","ELIGIBLE"
"architecture-intelligent-adaptation\adaptive-architecture-interpretation\INTERPRETATION_STATE_REGISTER.md","DOCUMENTATION",".md","1019","40B91D4648D44E9D40214295267EE0C7AAFF0235A7F99138864C206E3F2F58B3","ELIGIBLE"
"architecture-intelligent-adaptation\contextual-evolution-management\CONTEXTUAL_EVOLUTION_MANAGEMENT.md","DOCUMENTATION",".md","1805","46007F27BFCC149AD74CADA4DE7540EFB0B1B90B31A06941F563B6641C478281","ELIGIBLE"
"architecture-intelligent-adaptation\contextual-evolution-management\EVOLUTION_EVOLUTION_RECORD.md","DOCUMENTATION",".md","986","3D1583DBCAF0F50A873214EFE2AFF1CE31BC861B0EE00B68E88FD09160222980","ELIGIBLE"
"architecture-intelligent-adaptation\contextual-evolution-management\EVOLUTION_STATE_REGISTER.md","DOCUMENTATION",".md","997","D6560C32FEEED31FA0308A9F065070EEF6708BCAFD7C77B5873D709CD9CB8175","ELIGIBLE"
"architecture-intelligent-adaptation\final-consolidation\ARCHITECTURE_INTELLIGENT_ADAPTATION_COMPLETION_RECORD.md","DOCUMENTATION",".md","1041","34659C6CBA9234F79DE125D5992909776579EBBF876BE9F130DEA5DFFFB1CE71","ELIGIBLE"
"architecture-intelligent-adaptation\final-consolidation\ARCHITECTURE_INTELLIGENT_ADAPTATION_VALIDATION_REPORT.md","DOCUMENTATION",".md","996","FAE76D864B25A114F3D404AF42D019EF4FACE4058618649EEF733C1C86B3984A","ELIGIBLE"
"architecture-intelligent-adaptation\final-consolidation\COMPLETE_INTELLIGENT_ADAPTATION_STATE.md","DOCUMENTATION",".md","1003","E131A8CB7F266FD4C30F4A480F125F41FF8CE75CF91A82C1324EDC488902BFA4","ELIGIBLE"
"architecture-intelligent-adaptation\intelligent-architecture-continuity-model\INTELLIGENCE_CONTINUITY_EVOLUTION_RECORD.md","DOCUMENTATION",".md","998","2847DA933512603DD107FEF4345AE9903BF0DAFBAA01D0B0D647B63A94736963","ELIGIBLE"
"architecture-intelligent-adaptation\intelligent-architecture-continuity-model\INTELLIGENCE_CONTINUITY_STATE_REGISTER.md","DOCUMENTATION",".md","1060","97605C750305BAC27B96D37FA9BF15ECBCCFFA431D40937286B326CEB20BC746","ELIGIBLE"
"architecture-intelligent-adaptation\intelligent-architecture-continuity-model\INTELLIGENT_ARCHITECTURE_CONTINUITY_MODEL.md","DOCUMENTATION",".md","1749","96840D1A24773EFECAA5F8E4B6D633884CCFBBF8E28506C05CA5E6D2EB25BD70","ELIGIBLE"
"architecture-intelligent-adaptation\intelligent-state-optimization\INTELLIGENT_STATE_OPTIMIZATION.md","DOCUMENTATION",".md","1765","B2653CF0B9C3C3CE8D0FF35A028DB80E41684847AF7072899F104A35F94286E6","ELIGIBLE"
"architecture-intelligent-adaptation\intelligent-state-optimization\OPTIMIZATION_EVOLUTION_RECORD.md","DOCUMENTATION",".md","961","9B3E45A0EC1CEFC3507FF5F609A6F7F9CE3CE69BAA7B1B3D0CEAFCC4E00D8562","ELIGIBLE"
"architecture-intelligent-adaptation\intelligent-state-optimization\OPTIMIZATION_STATE_REGISTER.md","DOCUMENTATION",".md","1034","D377D4029A8CF6F1E597714199893EF77C2B0A645F4FD3420C69BEE26ABF620A","ELIGIBLE"
"architecture-intelligent-governance-framework\adaptive-ecosystem-intelligence\ADAPTIVE_ECOSYSTEM_INTELLIGENCE.md","DOCUMENTATION",".md","0","E3B0C44298FC1C149AFBF4C8996FB92427AE41E4649B934CA495991B7852B855","ELIGIBLE"
"architecture-intelligent-governance-framework\adaptive-ecosystem-intelligence\ECOSYSTEM_INTELLIGENCE_MODEL.md","DOCUMENTATION",".md","0","E3B0C44298FC1C149AFBF4C8996FB92427AE41E4649B934CA495991B7852B855","ELIGIBLE"
"architecture-intelligent-governance-framework\adaptive-ecosystem-intelligence\ECOSYSTEM_STATUS_RECORD.md","DOCUMENTATION",".md","0","E3B0C44298FC1C149AFBF4C8996FB92427AE41E4649B934CA495991B7852B855","ELIGIBLE"
"architecture-intelligent-governance-framework\autonomous-governance-coordination\AUTONOMOUS_GOVERNANCE_COORDINATION.md","DOCUMENTATION",".md","0","E3B0C44298FC1C149AFBF4C8996FB92427AE41E4649B934CA495991B7852B855","ELIGIBLE"
"architecture-intelligent-governance-framework\autonomous-governance-coordination\GOVERNANCE_COORDINATION_MODEL.md","DOCUMENTATION",".md","0","E3B0C44298FC1C149AFBF4C8996FB92427AE41E4649B934CA495991B7852B855","ELIGIBLE"
"architecture-intelligent-governance-framework\autonomous-governance-coordination\GOVERNANCE_STATUS_RECORD.md","DOCUMENTATION",".md","0","E3B0C44298FC1C149AFBF4C8996FB92427AE41E4649B934CA495991B7852B855","ELIGIBLE"
"architecture-intelligent-governance-framework\decision-intelligence-integration\DECISION_INTELLIGENCE_INTEGRATION.md","DOCUMENTATION",".md","0","E3B0C44298FC1C149AFBF4C8996FB92427AE41E4649B934CA495991B7852B855","ELIGIBLE"
"architecture-intelligent-governance-framework\decision-intelligence-integration\DECISION_MODEL.md","DOCUMENTATION",".md","0","E3B0C44298FC1C149AFBF4C8996FB92427AE41E4649B934CA495991B7852B855","ELIGIBLE"
"architecture-intelligent-governance-framework\decision-intelligence-integration\DECISION_STATUS_RECORD.md","DOCUMENTATION",".md","0","E3B0C44298FC1C149AFBF4C8996FB92427AE41E4649B934CA495991B7852B855","ELIGIBLE"
"architecture-intelligent-governance-framework\knowledge-state-management\KNOWLEDGE_STATE_MANAGEMENT.md","DOCUMENTATION",".md","0","E3B0C44298FC1C149AFBF4C8996FB92427AE41E4649B934CA495991B7852B855","ELIGIBLE"
"architecture-intelligent-governance-framework\knowledge-state-management\KNOWLEDGE_STATE_MODEL.md","DOCUMENTATION",".md","0","E3B0C44298FC1C149AFBF4C8996FB92427AE41E4649B934CA495991B7852B855","ELIGIBLE"
"architecture-intelligent-governance-framework\knowledge-state-management\KNOWLEDGE_STATUS_RECORD.md","DOCUMENTATION",".md","0","E3B0C44298FC1C149AFBF4C8996FB92427AE41E4649B934CA495991B7852B855","ELIGIBLE"
"architecture-knowledge-framework\final-consolidation\ARCHITECTURE_KNOWLEDGE_COMPLETION_RECORD.md","DOCUMENTATION",".md","1089","D3C873982D2DD38D91A5D1E389B74446EA30D7AC578AE08BD9A56E53022C35A4","ELIGIBLE"
"architecture-knowledge-framework\final-consolidation\ARCHITECTURE_KNOWLEDGE_VALIDATION_REPORT.md","DOCUMENTATION",".md","922","B1EF26CDFD5834F42C55672437283E7F3C148FA625C59A4E73A2B2F4C82731EC","ELIGIBLE"
"architecture-knowledge-framework\final-consolidation\MORNING_STAR_GLOBAL_KNOWLEDGE_REFERENCE_STATE.md","DOCUMENTATION",".md","1396","3B44F5D2E1258A6CF54F535F188A0FF4B540DFFB0CBB5F0B63FFCE67D2E6A11F","ELIGIBLE"
"architecture-knowledge-framework\knowledge-continuity-preservation\KNOWLEDGE_CONTINUITY_MODEL.md","DOCUMENTATION",".md","849","733184C4900C76C3D8CFAE9A65266E076CEA724496D789E11AE878811C3ED191","ELIGIBLE"
"architecture-knowledge-framework\knowledge-continuity-preservation\KNOWLEDGE_CONTINUITY_PRESERVATION.md","DOCUMENTATION",".md","1200","3675CB983E7D2D1A71D7871C8E4DCA03A24AF7C59DEDEBD614DCD7E250446BFE","ELIGIBLE"
"architecture-knowledge-framework\knowledge-continuity-preservation\KNOWLEDGE_CONTINUITY_STATUS_RECORD.md","DOCUMENTATION",".md","799","DBD703EAB2FB619C38073CC9C73232B1C7D11A8B6146BB6D78E46555AE069127","ELIGIBLE"
"architecture-knowledge-framework\knowledge-governance-alignment\KNOWLEDGE_CONTROL_MODEL.md","DOCUMENTATION",".md","668","72FB794BAE6758290872951104E8226ECB5C31676FD9C803CD26811E4839E467","ELIGIBLE"
"architecture-knowledge-framework\knowledge-governance-alignment\KNOWLEDGE_GOVERNANCE_ALIGNMENT.md","DOCUMENTATION",".md","1009","8316A6E247C7F1815545E9F4197A76BC4D063FD3961AFB758A1A9FEC3687E366","ELIGIBLE"
"architecture-knowledge-framework\knowledge-governance-alignment\KNOWLEDGE_GOVERNANCE_STATUS_RECORD.md","DOCUMENTATION",".md","788","41D80442A620B0141924F43117EED55D23BAD91200FEE685304B35BCFFC1FA50","ELIGIBLE"
"architecture-knowledge-framework\knowledge-integration-system\KNOWLEDGE_INTEGRATION_MODEL.md","DOCUMENTATION",".md","1102","1A935FABC92856B8AB241EB98A762E0F750F8C1BDF027E586BF31364F3AE5B10","ELIGIBLE"
"architecture-knowledge-framework\knowledge-integration-system\KNOWLEDGE_INTEGRATION_STATUS_RECORD.md","DOCUMENTATION",".md","803","4407C58CD43DEAFCEA325C2CD3E6E1BEBDDA6A893B4D8201573E49A69C5149B5","ELIGIBLE"
"architecture-knowledge-framework\knowledge-integration-system\KNOWLEDGE_INTEGRATION_SYSTEM.md","DOCUMENTATION",".md","1243","020E4ACA651BBE1BE0200329DE78505E5BD47C40F444041528FD1DC18D9D9E2B","ELIGIBLE"
"architecture-knowledge-framework\knowledge-state-management\KNOWLEDGE_MODEL.md","DOCUMENTATION",".md","1009","99BED05D7F5A7E241A2AA433D8C5BD167CFC14832844C06DFB3311CF58BB31D5","ELIGIBLE"
"architecture-knowledge-framework\knowledge-state-management\KNOWLEDGE_STATE_MANAGEMENT.md","DOCUMENTATION",".md","1148","C5EB2DCE481044B6B5E2CAF6D499D7C7BF18413AD7E7974F3F181806627BBF24","ELIGIBLE"
"architecture-knowledge-framework\knowledge-state-management\KNOWLEDGE_STATUS_RECORD.md","DOCUMENTATION",".md","767","E85812C8E6AD89DC7C2BFAB275FC68FF0423FEAD9B1D096AA9FD3688C9C76A22","ELIGIBLE"
"architecture-legacy-continuity\canonical-architecture-preservation\CANONICAL_ARCHITECTURE_PRESERVATION.md","DOCUMENTATION",".md","1250","5758C3C789D0BB1DB0B219915D817560E63226268CD3D4DB9978285A948B607D","ELIGIBLE"
"architecture-legacy-continuity\canonical-architecture-preservation\CANONICAL_EVOLUTION_RECORD.md","DOCUMENTATION",".md","956","087093AC300670C9A880667F382940C9D007A75712BFB73407DEBC72780D4C79","ELIGIBLE"
"architecture-legacy-continuity\canonical-architecture-preservation\CANONICAL_STATE_REGISTER.md","DOCUMENTATION",".md","986","8555EF513BAC9A5DFD2189DC970C539A0B341867A8DCA23B09AC0063122149CE","ELIGIBLE"
"architecture-legacy-continuity\civilization-scale-architecture-legacy\CIVILIZATION_SCALE_ARCHITECTURE_LEGACY.md","DOCUMENTATION",".md","1348","676FF1B1B846AAA92C6E455CBED85DCDC94646B4ED5A8CDF1266A5C910FC8D8E","ELIGIBLE"
"architecture-legacy-continuity\civilization-scale-architecture-legacy\LEGACY_EVOLUTION_RECORD.md","DOCUMENTATION",".md","1001","1E7714D7DB7CE6FBE9A18FA7E7EFFB17542B99473A5BF6EE2CA2D37005ECCAF6","ELIGIBLE"
"architecture-legacy-continuity\civilization-scale-architecture-legacy\LEGACY_STATE_REGISTER.md","DOCUMENTATION",".md","1020","F3D337D62497F73EFD8004DB71C07FD2BC379A6709C23F7455021C0623FD8883","ELIGIBLE"
"architecture-legacy-continuity\eternal-reference-model-maintenance\ETERNAL_REFERENCE_MODEL_MAINTENANCE.md","DOCUMENTATION",".md","1275","5C7A2EE151D5A92ABFC6285461BE67FEF12A5B4CE85B84711D6D2EC5592969B3","ELIGIBLE"
"architecture-legacy-continuity\eternal-reference-model-maintenance\REFERENCE_MODEL_EVOLUTION_RECORD.md","DOCUMENTATION",".md","963","DDA5286701227E0BFA821E5F3913993FD04D792E4A14BFF4C1BD7552CC13D572","ELIGIBLE"
"architecture-legacy-continuity\eternal-reference-model-maintenance\REFERENCE_MODEL_STATE_REGISTER.md","DOCUMENTATION",".md","978","F61EA08D93827927459D03955B413FC0B7AB888DB67F581B49AA8EF7E2987189","ELIGIBLE"
"architecture-legacy-continuity\final-consolidation\ARCHITECTURE_LEGACY_CONTINUITY_COMPLETION_RECORD.md","DOCUMENTATION",".md","1087","5FB70CB2EDB4EEF41595EB51F539165FC3D5CE681060004B7CF6B616F84367F3","ELIGIBLE"
"architecture-legacy-continuity\final-consolidation\ARCHITECTURE_LEGACY_CONTINUITY_VALIDATION_REPORT.md","DOCUMENTATION",".md","979","5850DEEF33C67613C5ACD2F0406014226F24371C39A0690EE9A861EC8959B2F8","ELIGIBLE"
"architecture-legacy-continuity\final-consolidation\COMPLETE_ARCHITECTURE_LEGACY_CONTINUITY_STATE.md","DOCUMENTATION",".md","1149","7D04F18E441153D1C247ED7D7196D0D975E12737F66D094947A71DA343A7B62E","ELIGIBLE"
"architecture-legacy-continuity\generational-knowledge-transfer\GENERATIONAL_KNOWLEDGE_TRANSFER.md","DOCUMENTATION",".md","1241","C18E707A5761DD409758A3D99B1C10A37560C731F751A30B6BEA942CEE5614F9","ELIGIBLE"
"architecture-legacy-continuity\generational-knowledge-transfer\KNOWLEDGE_TRANSFER_EVOLUTION_RECORD.md","DOCUMENTATION",".md","986","A6758313C683C414F78EBBD0F505AE91ABDC24579809D158BB7CA7BE7150A708","ELIGIBLE"
"architecture-legacy-continuity\generational-knowledge-transfer\KNOWLEDGE_TRANSFER_STATE_REGISTER.md","DOCUMENTATION",".md","945","F78777ABCB4BBC097A7FBF3586E21A5C4F913AB9BEF9A0EC50E86992662F75C1","ELIGIBLE"
"architecture-maturity-acceleration\deployment-governance-model\DEPLOYMENT_CONTROL_REGISTER.md","DOCUMENTATION",".md","771","C353CC104452539A8BDBFA669FB28DED6A7B10ABF0F83C6091CF851F3ACA3B95","ELIGIBLE"
"architecture-maturity-acceleration\deployment-governance-model\DEPLOYMENT_GOVERNANCE_MODEL.md","DOCUMENTATION",".md","910","F1F81040A5662CA16B4535CC307AF58671F354FEBC47AFC049C53CE290CE9973","ELIGIBLE"
"architecture-maturity-acceleration\deployment-governance-model\DEPLOYMENT_VALIDATION_RECORD.md","DOCUMENTATION",".md","774","B6CB1F7CFAAB3EA04FFED04B24A75FFD7FF9C28197BC76328C3F99CBBA676EAF","ELIGIBLE"
"architecture-maturity-acceleration\external-adoption-framework\ADOPTION_EVOLUTION_RECORD.md","DOCUMENTATION",".md","738","CDB2ADBB2F50E5B5A074B4F8D79281C49FC6A3467D759C310A3D0414CDA4DE49","ELIGIBLE"
"architecture-maturity-acceleration\external-adoption-framework\ADOPTION_READINESS_REGISTER.md","DOCUMENTATION",".md","753","67D170995143350FDBF317BDF47272410E383B4AB2994F380B3C80C22BE0BE6C","ELIGIBLE"
"architecture-maturity-acceleration\external-adoption-framework\EXTERNAL_ADOPTION_FRAMEWORK.md","DOCUMENTATION",".md","924","DACC2C09D0A0AF1EEC3FDDE9AFD59518085509CC20FD99F8C6CF7A65627FE3F7","ELIGIBLE"
"architecture-maturity-acceleration\final-consolidation\ECOSYSTEM_READINESS_REFERENCE_STATE.md","DOCUMENTATION",".md","827","314B1CD0D738149814E0AE52E10AB4716A0F14E5688068C4F33DB860B804D46A","ELIGIBLE"
"architecture-maturity-acceleration\final-consolidation\MATURITY_ACCELERATION_COMPLETION_RECORD.md","DOCUMENTATION",".md","853","9E75951DA99FBA233EAE23A291908F84DEC41048E3D21184E75563FBFB3B0DEF","ELIGIBLE"
"architecture-maturity-acceleration\final-consolidation\MATURITY_ACCELERATION_VALIDATION_REPORT.md","DOCUMENTATION",".md","835","0D20A079937F3CF882F15BF6D72C8472E33157E20ADDB5D4C1F83B08C840FD83","ELIGIBLE"
"architecture-maturity-acceleration\global-ecosystem-expansion-model\ECOSYSTEM_GROWTH_REGISTER.md","DOCUMENTATION",".md","776","7BB58E9AC74E141270B46910BA1306076FF39EA19CC6F994639D4D0B0ACF76C1","ELIGIBLE"
"architecture-maturity-acceleration\global-ecosystem-expansion-model\GLOBAL_EXPANSION_MODEL.md","DOCUMENTATION",".md","840","0EAA04F09D53366C62153F3EC36B6B272C9AF27224DC9F77F1609B0A5D5679CE","ELIGIBLE"
"architecture-maturity-acceleration\global-ecosystem-expansion-model\GLOBAL_IMPACT_RECORD.md","DOCUMENTATION",".md","728","4D70D519CED0D7BEBEF919CD49D6D1BCDC3B2D8027899017A7B9A4B1F4B9463A","ELIGIBLE"
"architecture-maturity-acceleration\research-collaboration-architecture\COLLABORATION_NETWORK_REGISTER.md","DOCUMENTATION",".md","764","9A167A323133959A3B6E58DC2B5533FA56B254A571C324D6D681C07B0D738FA7","ELIGIBLE"
"architecture-maturity-acceleration\research-collaboration-architecture\RESEARCH_COLLABORATION_MODEL.md","DOCUMENTATION",".md","878","31424B7A3A988D696730409E1723F77E78B2EA30C36381A3BA2DB3C07A2C152C","ELIGIBLE"
"architecture-maturity-acceleration\research-collaboration-architecture\RESEARCH_EVOLUTION_RECORD.md","DOCUMENTATION",".md","787","1F09A32EB1DE6B627A2D7A417326E9A80907BF0AC3502BE2A86CF2472EFE36CF","ELIGIBLE"
"architecture-maturity-operations\cross-architecture-performance-analysis\CROSS_ARCHITECTURE_PERFORMANCE_ANALYSIS.md","DOCUMENTATION",".md","1103","580F36242BE9F5B033A60ADDEF611603F7A5D147B5E4D3F9302388247080BF2B","ELIGIBLE"
"architecture-maturity-operations\cross-architecture-performance-analysis\PERFORMANCE_EVOLUTION_RECORD.md","DOCUMENTATION",".md","853","8E434EC2B5B78669C99D23C223C1891909A48FCFFBA24D7193D3B35ED5BDFA7D","ELIGIBLE"
"architecture-maturity-operations\cross-architecture-performance-analysis\PERFORMANCE_STATE_REGISTER.md","DOCUMENTATION",".md","902","4D53A5E29E540CD5A6DA817507D228124C3D78F8FA139CAE41BE610405E7CAD5","ELIGIBLE"
"architecture-maturity-operations\ecosystem-intelligence-monitoring\ECOSYSTEM_INTELLIGENCE_MONITORING.md","DOCUMENTATION",".md","1054","C695A7AECF85FCD378C49890311C57611DDE603404C1B14141A954C0A359A275","ELIGIBLE"
"architecture-maturity-operations\ecosystem-intelligence-monitoring\INTELLIGENCE_EVOLUTION_RECORD.md","DOCUMENTATION",".md","867","3AFBDF5650D56E3A278B3CA315D7657FAC1506E3CE8237CF910D1B74BE75CCE3","ELIGIBLE"
"architecture-maturity-operations\ecosystem-intelligence-monitoring\INTELLIGENCE_STATE_REGISTER.md","DOCUMENTATION",".md","880","063F73B55498E4188D7302108861CFEA91422EDC874A12DE438B7F97B3D9D6D2","ELIGIBLE"
"architecture-maturity-operations\final-consolidation\COMPLETE_MATURITY_OPERATIONS_STATE.md","DOCUMENTATION",".md","850","40E147026355D827E7B4EF6546C2B8E8D7A81D8F5D5074AEABC2E01D106F12A3","ELIGIBLE"
"architecture-maturity-operations\final-consolidation\MATURITY_OPERATIONS_COMPLETION_RECORD.md","DOCUMENTATION",".md","1004","7C2107B68767A8C6EC0A37C3BFDC0FEEAA7E8483975725FB18C1EADE83D76758","ELIGIBLE"
"architecture-maturity-operations\final-consolidation\MATURITY_OPERATIONS_VALIDATION_REPORT.md","DOCUMENTATION",".md","961","B299A5E0BB2C5D11A867175E78F528BD339D02C3CEED433D831A6D12EEBDF2D0","ELIGIBLE"
"architecture-maturity-operations\next-generation-ecosystem-synthesis\NEXT_GENERATION_ECOSYSTEM_SYNTHESIS.md","DOCUMENTATION",".md","1095","92CAE4AB29ECC5353ACB760E5E3BBEB2E4DE2301C35F7CAC0D504A7154541863","ELIGIBLE"
"architecture-maturity-operations\next-generation-ecosystem-synthesis\SYNTHESIS_EVOLUTION_RECORD.md","DOCUMENTATION",".md","896","BD9E19CB7C838743E1F5AED277BDAC133DB45DF6999435E51D5085FFCB887070","ELIGIBLE"
"architecture-maturity-operations\next-generation-ecosystem-synthesis\SYNTHESIS_STATE_REGISTER.md","DOCUMENTATION",".md","934","17D03ED4B3AF0AC8B6C6199310A4CB058B946A7C587C5F2FB372E54A78F64B8B","ELIGIBLE"
"architecture-maturity-operations\strategic-capability-expansion\CAPABILITY_EVOLUTION_RECORD.md","DOCUMENTATION",".md","840","B39C150465F85EAF68A4B4995A2BBE77C0462F1B4C72DD42235FA5552F9592F8","ELIGIBLE"
"architecture-maturity-operations\strategic-capability-expansion\CAPABILITY_STATE_REGISTER.md","DOCUMENTATION",".md","880","93E9FD9CA6C9F35ED6EFD694BB9C8289F43315198EBBC23AF6A69BAB125BC4EB","ELIGIBLE"
"architecture-maturity-operations\strategic-capability-expansion\STRATEGIC_CAPABILITY_EXPANSION.md","DOCUMENTATION",".md","1040","A062DEFD55AAA9D64C1F1F561A314C8C6E1EAAA866D79813B52C4739DF1002DE","ELIGIBLE"
"architecture-meta-intelligence-framework\architecture-meta-intelligence-integration-mapping\ARCHITECTURE_META_INTELLIGENCE_INTEGRATION_MAPPING.md","DOCUMENTATION",".md","1770","89E1DBF1CE592D2E9A986FA9ED3AACF6C58EB71C8EEF58962AC02CDF98A753DA","ELIGIBLE"
"architecture-meta-intelligence-framework\architecture-meta-intelligence-integration-mapping\META_INTELLIGENCE_INTEGRATION_RECORD.md","DOCUMENTATION",".md","1045","03C8080EAE678AF5D2FAD37C4589A7A97E52EEA29E2E0C9FDA602877EB46DEB6","ELIGIBLE"
"architecture-meta-intelligence-framework\architecture-meta-intelligence-integration-mapping\META_INTELLIGENCE_INTEGRATION_STATE_REGISTER.md","DOCUMENTATION",".md","1078","49D2226610149F4C40D099145663A4065ADFB1BEC0BB382DC4D844AC66D0D14D","ELIGIBLE"
"architecture-meta-intelligence-framework\final-consolidation\ARCHITECTURE_META_INTELLIGENCE_COMPLETION_RECORD.md","DOCUMENTATION",".md","1087","DED474C1FAF063257E77CB99FA60F378C47D8F693E2EBDC1F42D44E65E0E94CD","ELIGIBLE"
"architecture-meta-intelligence-framework\final-consolidation\ARCHITECTURE_META_INTELLIGENCE_VALIDATION_REPORT.md","DOCUMENTATION",".md","1106","F366E23419A6C985EF2F82AC6B2664D5B72BC8D1AF0DCC7EF73BE37D3BFF026D","ELIGIBLE"
"architecture-meta-intelligence-framework\final-consolidation\COMPLETE_META_INTELLIGENCE_STATE.md","DOCUMENTATION",".md","1085","F710056083ED3840FA05D8431F32A92D0DAF3A118FB2A7257F8BF18B07BA4AD9","ELIGIBLE"
"architecture-meta-intelligence-framework\meta-architecture-continuum\CONTINUUM_EVOLUTION_RECORD.md","DOCUMENTATION",".md","1033","31EA492EB6FD8D17A01E8B27A261F512CF3B1D5C78F2F2F0C022803CE07ED79A","ELIGIBLE"
"architecture-meta-intelligence-framework\meta-architecture-continuum\CONTINUUM_STATE_REGISTER.md","DOCUMENTATION",".md","1092","182247A1D63B635E893FF89311809B8115BFAE05A7C5361FB77C575098CAB58D","ELIGIBLE"
"architecture-meta-intelligence-framework\meta-architecture-continuum\META_ARCHITECTURE_CONTINUUM.md","DOCUMENTATION",".md","1896","9B1FD244ED582415FFCA594C817BC233C30C21E8E2FEAF60824CA0779D65C033","ELIGIBLE"
"architecture-meta-intelligence-framework\recursive-meta-intelligence-governance\META_INTELLIGENCE_GOVERNANCE_RECORD.md","DOCUMENTATION",".md","1050","BCE915CAB77C559213483D5EADD03D8120CF04CF5B07B1D743538BF1FD24C4A3","ELIGIBLE"
"architecture-meta-intelligence-framework\recursive-meta-intelligence-governance\META_INTELLIGENCE_GOVERNANCE_STATE_REGISTER.md","DOCUMENTATION",".md","1133","C86E6DC03A88852961112330C49F112F7624E95E85DF1194B8CC4FDDB38BB8CA","ELIGIBLE"
"architecture-meta-intelligence-framework\recursive-meta-intelligence-governance\RECURSIVE_META_INTELLIGENCE_GOVERNANCE.md","DOCUMENTATION",".md","1956","66FE38AD4684D42211A4665F9C3315B186212432E1CAD9EF2A59AEA2F3825F41","ELIGIBLE"
"architecture-meta-intelligence-framework\unified-meta-intelligence-modeling\META_INTELLIGENCE_EVOLUTION_RECORD.md","DOCUMENTATION",".md","1051","C6A8D657B5D2747339C7B6D722285D6FD103A75CBCED9DDB4CFCC62CFF0E49C5","ELIGIBLE"
"architecture-meta-intelligence-framework\unified-meta-intelligence-modeling\META_INTELLIGENCE_STATE_REGISTER.md","DOCUMENTATION",".md","1049","5BF6C213DE711171736239C2E010352188C6CE2D3D0F8E42224B48616812C50F","ELIGIBLE"
"architecture-meta-intelligence-framework\unified-meta-intelligence-modeling\UNIFIED_META_INTELLIGENCE_MODELING.md","DOCUMENTATION",".md","1852","971578EF35F69647C690663F23E413DA8445C8D70CE774D5A3473F953491105E","ELIGIBLE"
"architecture-meta-intelligence-governance\final-consolidation\ARCHITECTURE_META_INTELLIGENCE_GOVERNANCE_COMPLETION_RECORD.md","DOCUMENTATION",".md","1160","35EB1D60852F9EC038FD9F4C51FB0A1A6A13BB42103A0EA17EC3AE6A6AEBC13F","ELIGIBLE"
"architecture-meta-intelligence-governance\final-consolidation\ARCHITECTURE_META_INTELLIGENCE_GOVERNANCE_VALIDATION_REPORT.md","DOCUMENTATION",".md","1051","362CA7C9B3C24909F6989F674A7FA12C61F56D1832F1FAD5CD4685E24BE4C876","ELIGIBLE"
"architecture-meta-intelligence-governance\final-consolidation\COMPLETE_META_INTELLIGENCE_GOVERNANCE_STATE.md","DOCUMENTATION",".md","1026","31584EFD00FFDB58AA67796F3A0842124B29E4D8078F7ED8A3CD84525F477569","ELIGIBLE"
"architecture-meta-intelligence-governance\intelligence-governance-coordination\GOVERNANCE_COORDINATION_EVOLUTION_RECORD.md","DOCUMENTATION",".md","1046","720072968A0AFABA64ED692111D7E466690C4585A4DC4D4D39513A2076026AF8","ELIGIBLE"
"architecture-meta-intelligence-governance\intelligence-governance-coordination\GOVERNANCE_COORDINATION_STATE_REGISTER.md","DOCUMENTATION",".md","1043","288DED4067FC6CAB916DDFD0ED719D505F22400B08B0240DE0A4103646344A87","ELIGIBLE"
"architecture-meta-intelligence-governance\intelligence-governance-coordination\INTELLIGENCE_GOVERNANCE_COORDINATION.md","DOCUMENTATION",".md","1833","FBC3EEB8A0247CF0CBD05D9BD45827F6B7A040175449FCE0E929A63153D1FA9D","ELIGIBLE"
"architecture-meta-intelligence-governance\meta-architecture-awareness\META_ARCHITECTURE_AWARENESS.md","DOCUMENTATION",".md","1807","DA83314214E509AAA711D1ACA8302AF8484F3A3DE0266C55A00536C21BC33DDF","ELIGIBLE"
"architecture-meta-intelligence-governance\meta-architecture-awareness\META_AWARENESS_EVOLUTION_RECORD.md","DOCUMENTATION",".md","981","3F935106F05CA5F56D9F9E7BB9C91CDE067B81FA89CE84B78BF3A4FD794897FD","ELIGIBLE"
"architecture-meta-intelligence-governance\meta-architecture-awareness\META_AWARENESS_STATE_REGISTER.md","DOCUMENTATION",".md","1045","BE4F2C0657161C47BF5922C00A1A4ADB93D7169627C524AC39079694D5972473","ELIGIBLE"
"architecture-meta-intelligence-governance\meta-intelligence-continuity-model\META_CONTINUITY_EVOLUTION_RECORD.md","DOCUMENTATION",".md","1009","D590A4DA3F96269A382CB5A46B9280F3FA36515FEA1278A295CDD041E4933E44","ELIGIBLE"
"architecture-meta-intelligence-governance\meta-intelligence-continuity-model\META_CONTINUITY_STATE_REGISTER.md","DOCUMENTATION",".md","1102","A4EEC408DE2E529A751B194F26C0D9DF511169F251D775E622D6A04D65F4FA82","ELIGIBLE"
"architecture-meta-intelligence-governance\meta-intelligence-continuity-model\META_INTELLIGENCE_CONTINUITY_MODEL.md","DOCUMENTATION",".md","1874","B1F92D10B2204BE19BC77CF071468AC08BADC642B8F0ADC4D0BE5111A212D22A","ELIGIBLE"
"architecture-meta-intelligence-governance\recursive-architecture-synthesis\RECURSIVE_ARCHITECTURE_SYNTHESIS.md","DOCUMENTATION",".md","1846","7DF1CE02FEA0C81DDEA250858B4039E507F3EAAC49FAEFC02D96B483FDE68823","ELIGIBLE"
"architecture-meta-intelligence-governance\recursive-architecture-synthesis\SYNTHESIS_EVOLUTION_RECORD.md","DOCUMENTATION",".md","1014","D84301A39D6C0D23B6BC3C802FBD8A01CD33EC2E3C91A5D4B2204F66470314D0","ELIGIBLE"
"architecture-meta-intelligence-governance\recursive-architecture-synthesis\SYNTHESIS_STATE_REGISTER.md","DOCUMENTATION",".md","1069","7CBD66512C06E44F495F41C74B0390A83058396F309131191DC9A7B6F943C554","ELIGIBLE"
"architecture-observability-framework\architecture-state-monitoring\ARCHITECTURE_STATE_MONITORING.md","DOCUMENTATION",".md","1197","3C8E8362454D4D58EDAA5F78314DD6265DA0DD3184FD61645A2E4DCA76381DBB","ELIGIBLE"
"architecture-observability-framework\architecture-state-monitoring\ARCHITECTURE_STATUS_RECORD.md","DOCUMENTATION",".md","753","D769F779B85B55492D03F4C549B0E933E20FEE3AD304C8CD91E7B2E62ECF7ADA","ELIGIBLE"
"architecture-observability-framework\architecture-state-monitoring\STATE_COMPARISON_MODEL.md","DOCUMENTATION",".md","881","67E2C683FC145F4D3B0E70FB2662DCB593FDF83AB2A2587BDAD42785E845456E","ELIGIBLE"
"architecture-observability-framework\continuous-assurance-reporting\ASSURANCE_HISTORY_RECORD.md","DOCUMENTATION",".md","791","14BA7681484F8C1705FE8B97689C4C13CEC8542968CA0C038AC7E7E88A6845DC","ELIGIBLE"
"architecture-observability-framework\continuous-assurance-reporting\ASSURANCE_METRICS_MODEL.md","DOCUMENTATION",".md","961","2696CBC40D98775B0C058B8E11E9B4A9DFBDF9585C150A5F044550D80B6500DE","ELIGIBLE"
"architecture-observability-framework\continuous-assurance-reporting\CONTINUOUS_ASSURANCE_REPORTING.md","DOCUMENTATION",".md","1091","242908939335411EBCD990D89A20B94A738AC2D109CF4177226D25DDB1A2941F","ELIGIBLE"
"architecture-observability-framework\final-consolidation\ARCHITECTURE_OBSERVABILITY_COMPLETION_RECORD.md","DOCUMENTATION",".md","1025","910BCF525D20EE60309233DD662CB5C12DC5FC24865AD9E5A26BF9A26CAC921E","ELIGIBLE"
"architecture-observability-framework\final-consolidation\ARCHITECTURE_OBSERVABILITY_VALIDATION_REPORT.md","DOCUMENTATION",".md","1042","C89A02AAD7E4AB4FA65BF91C8ED7BCB5C42CA71FB8051776BE73088CF7E23FAC","ELIGIBLE"
"architecture-observability-framework\final-consolidation\MORNING_STAR_OBSERVABLE_REFERENCE_STATE.md","DOCUMENTATION",".md","1079","9CDD8BFD22476B3BE144C58D95842EF069A99AAFC28697E3E02AD84F786FD78C","ELIGIBLE"
"architecture-observability-framework\governance-compliance-tracking\COMPLIANCE_VALIDATION_MODEL.md","DOCUMENTATION",".md","830","6A3BD6FDD8B341EE67EFDB3EC3433BB468D64DB2A186F39F135DEA7B0628EB6A","ELIGIBLE"
"architecture-observability-framework\governance-compliance-tracking\GOVERNANCE_COMPLIANCE_TRACKING.md","DOCUMENTATION",".md","1132","DB2752587970BCEEB57407AA258865405E206C5E15D75B498C92B04A7F53B504","ELIGIBLE"
"architecture-observability-framework\governance-compliance-tracking\GOVERNANCE_STATUS_RECORD.md","DOCUMENTATION",".md","741","75E0D27D7E3379F00447B85B7811244163E7950F2D72D6C88868B96B239625EC","ELIGIBLE"
"architecture-observability-framework\integrity-drift-detection\DRIFT_ANALYSIS_MODEL.md","DOCUMENTATION",".md","976","A42BAD0BA2012E6B1C782EA24D8390653C13C9E7689801787B1DD059A8EDF955","ELIGIBLE"
"architecture-observability-framework\integrity-drift-detection\DRIFT_RESPONSE_RECORD.md","DOCUMENTATION",".md","854","F9C4968801142DD3E152998F9BCD3F7452BDCC5784D9FF3595C5628CB98B8128","ELIGIBLE"
"architecture-observability-framework\integrity-drift-detection\INTEGRITY_DRIFT_DETECTION.md","DOCUMENTATION",".md","1234","65E21508330C6658DDA0F64A13F61D6E0501C852566FEC744DAF85DD0B37398F","ELIGIBLE"
"architecture-omnisynthesis-framework\final-consolidation\ARCHITECTURE_OMNISYNTHESIS_COMPLETION_RECORD.md","DOCUMENTATION",".md","1060","A1C3A8DC1C80D2D7D4BAEA1F59C76922547CFE3C4DF29C3F02FD2319EC540458","ELIGIBLE"
"architecture-omnisynthesis-framework\final-consolidation\ARCHITECTURE_OMNISYNTHESIS_VALIDATION_REPORT.md","DOCUMENTATION",".md","985","8268D7D615E779797ED4F68C4E1DB6334E5120958E1309F302046E7D225FEC0F","ELIGIBLE"
"architecture-omnisynthesis-framework\final-consolidation\COMPLETE_OMNISYNTHESIS_STATE.md","DOCUMENTATION",".md","1010","6AD81714849BA437F04805BF0A00C77C0DA24E1B22C13FE5AA09231AF33C90DF","ELIGIBLE"
"architecture-omnisynthesis-framework\intelligence-ecosystem-integration\ECOSYSTEM_EVOLUTION_RECORD.md","DOCUMENTATION",".md","980","96AF45954DF6C1CFBA471A0AC21FA345C2DC4A63E78B628AE5408E0590609208","ELIGIBLE"
"architecture-omnisynthesis-framework\intelligence-ecosystem-integration\ECOSYSTEM_STATE_REGISTER.md","DOCUMENTATION",".md","1043","36BE3FFDF9C31A027EB5E2C24549BCC66C360A5946A1641AF4E3473BA367A40F","ELIGIBLE"
"architecture-omnisynthesis-framework\intelligence-ecosystem-integration\INTELLIGENCE_ECOSYSTEM_INTEGRATION.md","DOCUMENTATION",".md","1855","9E7F6226C8FB0B0BF2F454763A6DF73397816824E70D4DDE3465EC3E3F30E582","ELIGIBLE"
"architecture-omnisynthesis-framework\omnisynthesis-continuity-model\OMNISYNTHESIS_CONTINUITY_MODEL.md","DOCUMENTATION",".md","1861","81F38C0D28D4C4BA38FDF817C82F2D33A48BA48519DD43E852584D16E9A04828","ELIGIBLE"
"architecture-omnisynthesis-framework\omnisynthesis-continuity-model\OMNISYNTHESIS_EVOLUTION_RECORD.md","DOCUMENTATION",".md","993","4FC35BA0BBF9D589531C2F760BEF8387FED3BD3618A952DA3889FDFB3E817592","ELIGIBLE"
"architecture-omnisynthesis-framework\omnisynthesis-continuity-model\OMNISYNTHESIS_STATE_REGISTER.md","DOCUMENTATION",".md","1095","E525256D677AAA8B13610DCE9B6CEC70EA26B04C4D425495A374FB82B368926F","ELIGIBLE"
"architecture-omnisynthesis-framework\recursive-meta-governance-expansion\META_GOVERNANCE_EVOLUTION_RECORD.md","DOCUMENTATION",".md","1020","6701D2C160DE9BEE8393B696A9E52C35BB270046242F1AD3A1FD7E959C727583","ELIGIBLE"
"architecture-omnisynthesis-framework\recursive-meta-governance-expansion\META_GOVERNANCE_STATE_REGISTER.md","DOCUMENTATION",".md","1074","FFED1FE2C8A9966D1EB63D2B2AEB1F1C5DCECDBA34ECACF730CE823B4061CF39","ELIGIBLE"
"architecture-omnisynthesis-framework\recursive-meta-governance-expansion\RECURSIVE_META_GOVERNANCE_EXPANSION.md","DOCUMENTATION",".md","1883","DF4CF7266B8E85E326C8CF5EA4FB99187621529167527B72C8795FFA58EF0C24","ELIGIBLE"
"architecture-omnisynthesis-framework\total-architecture-convergence\CONVERGENCE_EVOLUTION_RECORD.md","DOCUMENTATION",".md","989","C5FCC6494790AEE702AE5F5E45CBACD73ED69B9FF3F9C6ACC03BC6E22FCFCE32","ELIGIBLE"
"architecture-omnisynthesis-framework\total-architecture-convergence\CONVERGENCE_STATE_REGISTER.md","DOCUMENTATION",".md","1028","23AD4948745C7072A078D2BDB842A8C5E62F118FD96C58F8056DA10DB36301A3","ELIGIBLE"
"architecture-omnisynthesis-framework\total-architecture-convergence\TOTAL_ARCHITECTURE_CONVERGENCE.md","DOCUMENTATION",".md","1898","E86AE960F755A916714830224592817E6A3741889E7762EBE3E89EBF8049D753","ELIGIBLE"
"architecture-operating-continuity-framework\change-impact-assessment\CHANGE_IMPACT_ASSESSMENT.md","DOCUMENTATION",".md","1097","408DC3D7631C80BA6A933D37A20E3D3007143E5637CE2214991E01D222F4DBFD","ELIGIBLE"
"architecture-operating-continuity-framework\change-impact-assessment\CHANGE_IMPACT_RECORD.md","DOCUMENTATION",".md","769","8D6C4C61FD2DBE9BF65A9E71B5E90EF429947B61AB99AF35F9FE3DAF5B8F1829","ELIGIBLE"
"architecture-operating-continuity-framework\change-impact-assessment\IMPACT_ANALYSIS_MODEL.md","DOCUMENTATION",".md","1026","D48A715FB0E83949E01B9B0F53B12A4E5EAEBFDEEC266210488D839DB6954ED8","ELIGIBLE"
"architecture-operating-continuity-framework\continuous-certification-maintenance\CERTIFICATION_HEALTH_MODEL.md","DOCUMENTATION",".md","985","3D6B843BB93FD5EBAC6458FE4D33FF6C84C0984503A64AD6C7307621BE024767","ELIGIBLE"
"architecture-operating-continuity-framework\continuous-certification-maintenance\CONTINUOUS_CERTIFICATION_MAINTENANCE.md","DOCUMENTATION",".md","1170","A5910AE2485D8D2CA6071FB63D10127E95B21A89876CE11C662F567267D9108E","ELIGIBLE"
"architecture-operating-continuity-framework\continuous-certification-maintenance\MAINTENANCE_STATUS_RECORD.md","DOCUMENTATION",".md","763","03B7DE8C5320CC77D74C76CA7B011FB2DCAF904CA17BD20DF36D1A26B7AF0EFC","ELIGIBLE"
"architecture-operating-continuity-framework\evolution-governance-execution\EVOLUTION_DECISION_MODEL.md","DOCUMENTATION",".md","990","13E7BF86E521BC998E1DDE733156BE9EB9308A22B8DF0D8463130356A237C296","ELIGIBLE"
"architecture-operating-continuity-framework\evolution-governance-execution\EVOLUTION_GOVERNANCE_EXECUTION.md","DOCUMENTATION",".md","1185","80C321776D2144B7593A8D677444672088085F0C7FF5BA9F3A5B19AEFAF8F2A5","ELIGIBLE"
"architecture-operating-continuity-framework\evolution-governance-execution\EVOLUTION_STATUS_RECORD.md","DOCUMENTATION",".md","775","563C00AB79DAE63906EF91DCF20F3A5D996380715A516D3737B095FE37D9B68A","ELIGIBLE"
"architecture-operating-continuity-framework\final-consolidation\ARCHITECTURE_CONTINUITY_COMPLETION_RECORD.md","DOCUMENTATION",".md","1071","52F14B02F1E315AC7730B3B9693A3B9E93F176A2CF065A23099C5C86A4D2DCA4","ELIGIBLE"
"architecture-operating-continuity-framework\final-consolidation\ARCHITECTURE_CONTINUITY_VALIDATION_REPORT.md","DOCUMENTATION",".md","958","CE4555CC64F4392260F647B1DFBF3E8F3C25CAC7B2009896D911201F367A1A12","ELIGIBLE"
"architecture-operating-continuity-framework\final-consolidation\MORNING_STAR_OPERATIONAL_REFERENCE_STATE.md","DOCUMENTATION",".md","1255","9841354DAA7D77C0DA8CBC1337E077EECDA845569A4F2A8B5E58451622538A4B","ELIGIBLE"
"architecture-operating-continuity-framework\reference-state-monitoring\ARCHITECTURE_STATE_MONITOR.md","DOCUMENTATION",".md","857","5C94B23C76697578D78D151D80EE022F7C0E383E5CE707D3854FF1100136042A","ELIGIBLE"
"architecture-operating-continuity-framework\reference-state-monitoring\MONITORING_STATUS_RECORD.md","DOCUMENTATION",".md","743","24AEEACD582E88AF0958AA24003A1C6038EF41EEC684E0E414A9ADC4EFC43CD2","ELIGIBLE"
"architecture-operating-continuity-framework\reference-state-monitoring\REFERENCE_STATE_MONITORING.md","DOCUMENTATION",".md","1222","2919B7839F3AE5AC40701612C358572004F57182CDDFAA1CB7238C0CF4932C80","ELIGIBLE"
"architecture-optimization-framework\adaptive-improvement-governance\ADAPTIVE_IMPROVEMENT_GOVERNANCE.md","DOCUMENTATION",".md","1241","E586565CE38DE12BFF4A8D8C7E35CE6BEB9F6F87A8E0D3F297C3CBE04090A896","ELIGIBLE"
"architecture-optimization-framework\adaptive-improvement-governance\IMPROVEMENT_CONTROL_MODEL.md","DOCUMENTATION",".md","1049","497FA18E49964D0A269D9B473F6F9F592927AF232F00DE786104DD765CECB1E1","ELIGIBLE"
"architecture-optimization-framework\adaptive-improvement-governance\IMPROVEMENT_STATUS_RECORD.md","DOCUMENTATION",".md","802","103C1BA23DA92D3416F5B5402CB96CCD9DB42837FF9C9CC40F10E9B5DD48C023","ELIGIBLE"
"architecture-optimization-framework\continuous-excellence-continuity\CONTINUOUS_EXCELLENCE_CONTINUITY.md","DOCUMENTATION",".md","1280","952004ACDC733495E1EEB3EE05CBC4D430FA5B6606DF34C3461E8C15F56E1D6D","ELIGIBLE"
"architecture-optimization-framework\continuous-excellence-continuity\EXCELLENCE_CONTINUITY_MODEL.md","DOCUMENTATION",".md","1058","CA71B366DA224FE66D7C12F4A7B192AA3ABAADF609107B571991057AE77EA05D","ELIGIBLE"
"architecture-optimization-framework\continuous-excellence-continuity\EXCELLENCE_STATUS_RECORD.md","DOCUMENTATION",".md","784","A7C2D1A08F17CE7DC436CE35E3987BDD9AE048C1BE4700177CB62F73209D15F9","ELIGIBLE"
"architecture-optimization-framework\evidence-driven-refinement-system\EVIDENCE_DRIVEN_REFINEMENT_SYSTEM.md","DOCUMENTATION",".md","1196","83CEF3FE9B33277ACD3A527B22784CF6FAF8907D17A7755BB969CFFB32D0E370","ELIGIBLE"
"architecture-optimization-framework\evidence-driven-refinement-system\REFINEMENT_MODEL.md","DOCUMENTATION",".md","1001","FF04788392BFFB0ADEFBD185FCEEA9DB6AA88A0F864018EEF316A92B61EAC5CC","ELIGIBLE"
"architecture-optimization-framework\evidence-driven-refinement-system\REFINEMENT_STATUS_RECORD.md","DOCUMENTATION",".md","798","2886EBAFAF3769724F2278043B296D77D84776255239BAF6B9FEF8314D06E021","ELIGIBLE"
"architecture-optimization-framework\final-consolidation\ARCHITECTURE_OPTIMIZATION_COMPLETION_RECORD.md","DOCUMENTATION",".md","1115","F21A04D71D2BE775678FBAB50642289B62FE54C2B08C83654306267AE3425022","ELIGIBLE"
"architecture-optimization-framework\final-consolidation\ARCHITECTURE_OPTIMIZATION_VALIDATION_REPORT.md","DOCUMENTATION",".md","971","67EE426EFFD109BAC3AC3DB7470AAA3B8DB11271E7617891B1303BC07D129AE6","ELIGIBLE"
"architecture-optimization-framework\final-consolidation\MORNING_STAR_GLOBAL_OPTIMIZATION_REFERENCE_STATE.md","DOCUMENTATION",".md","1393","E89BBEF99D2C51AC66AC41DCA98344403A13F56B2AE8298D706D618B0B0CDCF0","ELIGIBLE"
"architecture-optimization-framework\performance-optimization-model\OPTIMIZATION_METRIC_MODEL.md","DOCUMENTATION",".md","1092","0089C7D99324A8986A7B8DC1A637169E20EF8F514944FD58C5CD3171A3144A46","ELIGIBLE"
"architecture-optimization-framework\performance-optimization-model\OPTIMIZATION_STATUS_RECORD.md","DOCUMENTATION",".md","808","E5E12924C678A5E76D728534DD0D4E0801C9311D9C1A2B3B4CEE1EF48856F02E","ELIGIBLE"
"architecture-optimization-framework\performance-optimization-model\PERFORMANCE_OPTIMIZATION_MODEL.md","DOCUMENTATION",".md","1218","EB189B344EFF2926C5DA6C4D12171BE2495C3F11E347D3D595C3F1BEC2E179A5","ELIGIBLE"
"architecture-reasoning-framework\constitutional-reasoning-governance\CONSTITUTIONAL_REASONING_GOVERNANCE.md","DOCUMENTATION",".md","1273","26CA67718D2DFA36BF33174D5ACB7AE1DC467EF0A9886D1F65D445563F6430A0","ELIGIBLE"
"architecture-reasoning-framework\constitutional-reasoning-governance\REASONING_CONTROL_MODEL.md","DOCUMENTATION",".md","1082","EE2231353F296A8DAA4BD9EAB58348FE82266779A39E22339CAA8E051233090B","ELIGIBLE"
"architecture-reasoning-framework\constitutional-reasoning-governance\REASONING_GOVERNANCE_STATUS_RECORD.md","DOCUMENTATION",".md","823","92BBAB2237F5AD701E3CDC67FE4A7B648FD25288E95CD1EE5D4CD9A346F5797C","ELIGIBLE"
"architecture-reasoning-framework\final-consolidation\ARCHITECTURE_REASONING_COMPLETION_RECORD.md","DOCUMENTATION",".md","1130","5C45ED40C345106F93D2DBF1517502051989D68A359E46E87EB41C0144ACD94C","ELIGIBLE"
"architecture-reasoning-framework\final-consolidation\ARCHITECTURE_REASONING_VALIDATION_REPORT.md","DOCUMENTATION",".md","1012","13F3A8610AF57BE46C8A5AC53B836121F00D8AB132A5B9BF6C4B6A1D59375977","ELIGIBLE"
"architecture-reasoning-framework\final-consolidation\MORNING_STAR_GLOBAL_REASONING_REFERENCE_STATE.md","DOCUMENTATION",".md","1518","3C8CA6F587ECF0EBFAB5367FE947CC2563E20CF6E178CFC910E56FE74AA6C02B","ELIGIBLE"
"architecture-reasoning-framework\multi-layer-relationship-inference\INFERENCE_STATUS_RECORD.md","DOCUMENTATION",".md","795","3CC0343E27284953BCF560BE80CF0E382ECF38B2D99AE104C1930ECD83F4BCB5","ELIGIBLE"
"architecture-reasoning-framework\multi-layer-relationship-inference\MULTI_LAYER_RELATIONSHIP_INFERENCE.md","DOCUMENTATION",".md","1243","B000D98CFD11597AFEFFC318026BB7A02D182D117463052ABC4F22DD17B66916","ELIGIBLE"
"architecture-reasoning-framework\multi-layer-relationship-inference\RELATIONSHIP_INFERENCE_MODEL.md","DOCUMENTATION",".md","1172","8243CA0BAEB05E886E067C12ECB7483C5646E3A19016A06AEBF05C37055C5967","ELIGIBLE"
"architecture-reasoning-framework\reasoning-continuity-preservation\REASONING_CONTINUITY_MODEL.md","DOCUMENTATION",".md","1056","F9251F9A4D7BA83ECAE7039B1BE46206D00EE5BB5F300F5F1467E2D471283489","ELIGIBLE"
"architecture-reasoning-framework\reasoning-continuity-preservation\REASONING_CONTINUITY_PRESERVATION.md","DOCUMENTATION",".md","1301","86640EA122FD10BEB7AFA2E5F4D76945397FB92A380F6EDC79E6240DF6F8F52A","ELIGIBLE"
"architecture-reasoning-framework\reasoning-continuity-preservation\REASONING_CONTINUITY_STATUS_RECORD.md","DOCUMENTATION",".md","839","9F69DD5DCCF104B118AFF1C5DE0AD56C72BDF8C8078AF97F678D2BF27B7E26DC","ELIGIBLE"
"architecture-reasoning-framework\reasoning-state-modeling\REASONING_MODEL.md","DOCUMENTATION",".md","1044","ACC5C35DC7A97376199FE72FCD039053F3AEC9CBC3C39DA4DA3CD4A77F441479","ELIGIBLE"
"architecture-reasoning-framework\reasoning-state-modeling\REASONING_STATE_MODELING.md","DOCUMENTATION",".md","1192","213416038FA8B9F31A27768064AC12546359EA7B53B10759D9CB235396DA8C4D","ELIGIBLE"
"architecture-reasoning-framework\reasoning-state-modeling\REASONING_STATUS_RECORD.md","DOCUMENTATION",".md","740","429EE9A507871369BE9896E9AC3F04DAD66125B96B352A3EDA0FC720D6168E6B","ELIGIBLE"
"architecture-reflective-intelligence\adaptive-insight-generation\ADAPTIVE_INSIGHT_GENERATION.md","DOCUMENTATION",".md","1662","20E521C66E32FB69B4DE40B4866B298E17452EEE089FFAD5EC5395140DA3E2E9","ELIGIBLE"
"architecture-reflective-intelligence\adaptive-insight-generation\INSIGHT_EVOLUTION_RECORD.md","DOCUMENTATION",".md","983","F78D46138F14F1702E18DE88B5E5D7C5A17A3C96D0215A237C475C2C22985D48","ELIGIBLE"
"architecture-reflective-intelligence\adaptive-insight-generation\INSIGHT_STATE_REGISTER.md","DOCUMENTATION",".md","949","A945E2BF89457D8C8696C015D6A8AF2789043E3A5F212B6C587CDEF5930EBDCE","ELIGIBLE"
"architecture-reflective-intelligence\architecture-reflection-engine\ARCHITECTURE_REFLECTION_ENGINE.md","DOCUMENTATION",".md","1709","E60EADF9379B8BDC06171E828B044146DB6C5A3F7DA69F2F7E065BC54D37418B","ELIGIBLE"
"architecture-reflective-intelligence\architecture-reflection-engine\REFLECTION_ENGINE_EVOLUTION_RECORD.md","DOCUMENTATION",".md","1016","6D47AAD3E5931E413B06EF767F86B0C3BB501D98C5F3A57FDCF00BFE6170C0AE","ELIGIBLE"
"architecture-reflective-intelligence\architecture-reflection-engine\REFLECTION_ENGINE_STATE_REGISTER.md","DOCUMENTATION",".md","980","E7A694929DA7F6B0992C1B78F49E9804BE18FA07D077205AD3BF3A9664CAEB13","ELIGIBLE"
"architecture-reflective-intelligence\final-consolidation\ARCHITECTURE_REFLECTIVE_INTELLIGENCE_COMPLETION_RECORD.md","DOCUMENTATION",".md","1062","0DF0AF400D4B74A6F8C80DB78413A67F5F26137B590DD7C81C70C97B3E92471D","ELIGIBLE"
"architecture-reflective-intelligence\final-consolidation\ARCHITECTURE_REFLECTIVE_INTELLIGENCE_VALIDATION_REPORT.md","DOCUMENTATION",".md","988","F636041E572CC0CEF02415EE0082619C9259F4AF1933FD061425B0730F43E292","ELIGIBLE"
"architecture-reflective-intelligence\final-consolidation\COMPLETE_REFLECTIVE_INTELLIGENCE_STATE.md","DOCUMENTATION",".md","976","D82E990A23775F9D476A8D7BB3ABE10795D62E8667005A4744337F56F7043C61","ELIGIBLE"
"architecture-reflective-intelligence\recursive-governance-learning\LEARNING_EVOLUTION_RECORD.md","DOCUMENTATION",".md","976","14CFB7C9A47449B023267B6F11BC7BFA2DD60C67F19E157B4984D8749087B9CF","ELIGIBLE"
"architecture-reflective-intelligence\recursive-governance-learning\LEARNING_STATE_REGISTER.md","DOCUMENTATION",".md","955","048996801DFDECA65470D4CC61712C104A06D3B7AAF00855C919FAF3375F07EB","ELIGIBLE"
"architecture-reflective-intelligence\recursive-governance-learning\RECURSIVE_GOVERNANCE_LEARNING.md","DOCUMENTATION",".md","1695","6D358DEAF23B74162BA7A21A4C64F615F20FC702C83C0085CDD3E9D6B173FE9B","ELIGIBLE"
"architecture-reflective-intelligence\reflective-intelligence-continuity-model\INTELLIGENCE_CONTINUITY_EVOLUTION_RECORD.md","DOCUMENTATION",".md","1015","D5C8823A473C8D307ED4AE3D943862CC5B801181DC5D39C2404DE61B3531AC65","ELIGIBLE"
"architecture-reflective-intelligence\reflective-intelligence-continuity-model\INTELLIGENCE_CONTINUITY_STATE_REGISTER.md","DOCUMENTATION",".md","1053","52079AE3E570885563077326277C6DC6E4A3F82A4E864E2AE7309953B3C91513","ELIGIBLE"
"architecture-reflective-intelligence\reflective-intelligence-continuity-model\REFLECTIVE_INTELLIGENCE_CONTINUITY_MODEL.md","DOCUMENTATION",".md","1790","6BF4DA07D3F844A914A2469219E81DD2071F7B79C8B9293AE817FEC53EC0FAD7","ELIGIBLE"
"architecture-reflective-intelligence-framework\architecture-reflection-integration-mapping\ARCHITECTURE_REFLECTION_INTEGRATION_MAPPING.md","DOCUMENTATION",".md","1802","0B4B57637BEABA2C51276975C50A078D184C67AD3C05B6CF083395A0CCF52978","ELIGIBLE"
"architecture-reflective-intelligence-framework\architecture-reflection-integration-mapping\REFLECTIVE_INTEGRATION_RECORD.md","DOCUMENTATION",".md","1019","AE5AD447BB4F6215345A06BB041991B61B71E7AF5A9848DABF74AC925D44B0E0","ELIGIBLE"
"architecture-reflective-intelligence-framework\architecture-reflection-integration-mapping\REFLECTIVE_INTEGRATION_STATE_REGISTER.md","DOCUMENTATION",".md","1044","B8D7E87DECCC25F477B5F25F24A9A2B05EF3F570936BAB651A669D813624BAE3","ELIGIBLE"
"architecture-reflective-intelligence-framework\final-consolidation\ARCHITECTURE_REFLECTIVE_INTELLIGENCE_COMPLETION_RECORD.md","DOCUMENTATION",".md","1192","6C367637C8D2F1B2E6546F98ACD120A6F04AB3388F55AA3E4BEE3CD0EF26DD21","ELIGIBLE"
"architecture-reflective-intelligence-framework\final-consolidation\ARCHITECTURE_REFLECTIVE_INTELLIGENCE_VALIDATION_REPORT.md","DOCUMENTATION",".md","1158","965C452D4A2B3131D26EB9F8F80052EF7DA378138DEF6C2D7D985A961BE9CF2F","ELIGIBLE"
"architecture-reflective-intelligence-framework\final-consolidation\COMPLETE_REFLECTIVE_INTELLIGENCE_STATE.md","DOCUMENTATION",".md","1120","6D8DA28DAEBB0A007080DC27817F169D91BE2242AE0F5B2FFAB04FAD8DD447F8","ELIGIBLE"
"architecture-reflective-intelligence-framework\recursive-reflective-governance\RECURSIVE_REFLECTIVE_GOVERNANCE.md","DOCUMENTATION",".md","1811","D48AFE75769A95A04F3C214123107D51B47C74876C230F3A32E8DE40DC7D3BBD","ELIGIBLE"
"architecture-reflective-intelligence-framework\recursive-reflective-governance\REFLECTIVE_GOVERNANCE_RECORD.md","DOCUMENTATION",".md","989","E4C8EEA8BC112B9956F6EC33A4A6F8BA4E80F069D7E9B02A29623579E9FFC25E","ELIGIBLE"
"architecture-reflective-intelligence-framework\recursive-reflective-governance\REFLECTIVE_GOVERNANCE_STATE_REGISTER.md","DOCUMENTATION",".md","1043","A8DE527791AE853F724AD2ECDE9840D72B945C70EB569BB3BD6B0C4FC28F7D46","ELIGIBLE"
"architecture-reflective-intelligence-framework\reflective-architecture-continuum\CONTINUUM_EVOLUTION_RECORD.md","DOCUMENTATION",".md","1010","82A5BBA99BB07A9CCA19E6CAD60AE7A923D275F82B0129C39716D90A7E7CC453","ELIGIBLE"
"architecture-reflective-intelligence-framework\reflective-architecture-continuum\CONTINUUM_STATE_REGISTER.md","DOCUMENTATION",".md","1097","FFF21C3238D6CA4F04F2D7FBFC7111B2E8F2E0442A780CE4E05F46A07126C5D4","ELIGIBLE"
"architecture-reflective-intelligence-framework\reflective-architecture-continuum\REFLECTIVE_ARCHITECTURE_CONTINUUM.md","DOCUMENTATION",".md","2089","5AA3269E3897429F933CDA096C678AAE4C47276734F8F33E0D60FF356B07BC3C","ELIGIBLE"
"architecture-reflective-intelligence-framework\unified-reflective-intelligence-modeling\REFLECTIVE_EVOLUTION_RECORD.md","DOCUMENTATION",".md","1030","DFA6242FC3AB197AA85B7B8E09D76D34A83F75E9BC03D238774F1FFEB1E2D715","ELIGIBLE"
"architecture-reflective-intelligence-framework\unified-reflective-intelligence-modeling\REFLECTIVE_STATE_REGISTER.md","DOCUMENTATION",".md","1030","604DD40689168180CBAA3E339EE6D76ABC6FD00B52732034C538098C3561788B","ELIGIBLE"
"architecture-reflective-intelligence-framework\unified-reflective-intelligence-modeling\UNIFIED_REFLECTIVE_INTELLIGENCE_MODELING.md","DOCUMENTATION",".md","1903","A619B85ED88652F69F4982BFD83C6DED3CA935E00963D097FCEB798DBD8940DE","ELIGIBLE"
"architecture-resilience-framework\failure-mode-analysis\FAILURE_IMPACT_MODEL.md","DOCUMENTATION",".md","1016","9B33FAE9FB09C5FF7611D1D3468145DB65E968FFF60C37199A7C0D6E845CCC13","ELIGIBLE"
"architecture-resilience-framework\failure-mode-analysis\FAILURE_MODE_ANALYSIS.md","DOCUMENTATION",".md","1318","93BF20744200F47CD6C4DD590155B01EE11ABA0236509A754CD77139B8C42DCC","ELIGIBLE"
"architecture-resilience-framework\failure-mode-analysis\FAILURE_RESPONSE_RECORD.md","DOCUMENTATION",".md","903","65B4B9584AF7647A95C135766A5AE9D96FB21615FEF2BB92907D9AF0B8C88C77","ELIGIBLE"
"architecture-resilience-framework\final-consolidation\ARCHITECTURE_RESILIENCE_COMPLETION_RECORD.md","DOCUMENTATION",".md","1053","8B2B7E7225CF8E5D7E00F13AFA25F409E227A6A1DA9C05FCF3F601747849A8E8","ELIGIBLE"
"architecture-resilience-framework\final-consolidation\ARCHITECTURE_RESILIENCE_VALIDATION_REPORT.md","DOCUMENTATION",".md","970","B698A7140A65C7EAC23B080ABDB166D69383D7448AA3B73C5FA392AC59A71F08","ELIGIBLE"
"architecture-resilience-framework\final-consolidation\MORNING_STAR_RESILIENT_REFERENCE_STATE.md","DOCUMENTATION",".md","1115","77E1F23CDB34443553BE30142F5596C5731E9C9754E6779012937A8789CA5310","ELIGIBLE"
"architecture-resilience-framework\recovery-and-adaptation-governance\ADAPTATION_STATUS_RECORD.md","DOCUMENTATION",".md","897","7B59EE4E705306F17098B61C7F1A498023DDE99979CB83EB27AF0A5E2E935D03","ELIGIBLE"
"architecture-resilience-framework\recovery-and-adaptation-governance\RECOVERY_ADAPTATION_GOVERNANCE.md","DOCUMENTATION",".md","1248","713B6641290B8904C8A52080099037BC0AA00B68DCEB1F9C54906160C1BEA7BC","ELIGIBLE"
"architecture-resilience-framework\recovery-and-adaptation-governance\RECOVERY_PROCESS_MODEL.md","DOCUMENTATION",".md","767","B828D3968C45641E9549EED921FFA326A2CDCA2047270BB89F80BA2EF0B86875","ELIGIBLE"
"architecture-resilience-framework\resilience-baseline-modeling\RESILIENCE_BASELINE_MODELING.md","DOCUMENTATION",".md","1215","9E16197EF54ADB90E25658E35B8E7EEFB850C5594BB7662ACF0570AE05C5B1AD","ELIGIBLE"
"architecture-resilience-framework\resilience-baseline-modeling\RESILIENCE_REFERENCE_MODEL.md","DOCUMENTATION",".md","1084","44726A349673137562E351342859F199EFB32117382B1D9EE9F0132C641BE14C","ELIGIBLE"
"architecture-resilience-framework\resilience-baseline-modeling\RESILIENCE_STATUS_RECORD.md","DOCUMENTATION",".md","727","3FB7D360D434B7A0969A39CD63E70956A81E95E416853C5A9719EBB4B06DCEAA","ELIGIBLE"
"architecture-resilience-framework\resilience-continuity-validation\CONTINUITY_RECOVERY_MODEL.md","DOCUMENTATION",".md","942","428D5DD4D712977A31095C30E6FF5FD1172F78B7E24FCFF647E70017A34666BD","ELIGIBLE"
"architecture-resilience-framework\resilience-continuity-validation\RESILIENCE_CONTINUITY_VALIDATION.md","DOCUMENTATION",".md","1190","B8D9C3680F63427D4749AEF9B95CF6997838789BB801F6BE5646332A77A46175","ELIGIBLE"
"architecture-resilience-framework\resilience-continuity-validation\RESILIENCE_VALIDATION_RECORD.md","DOCUMENTATION",".md","826","C8B61DF42BBA4D0E92F0D983CF3E309208C21AC5C53835FFA3CA21A5D169F3F7","ELIGIBLE"
"architecture-self-aware-governance\architecture-state-awareness\ARCHITECTURE_STATE_AWARENESS.md","DOCUMENTATION",".md","1664","E868B50046E2378F23D5F087BEF12AB3E411E49343DAF155249491D9B4A09A51","ELIGIBLE"
"architecture-self-aware-governance\architecture-state-awareness\STATE_AWARENESS_EVOLUTION_RECORD.md","DOCUMENTATION",".md","996","4CA1FE51122881C164A65802FDEFD744437A2D489A6F89F216F42DA52AAD623E","ELIGIBLE"
"architecture-self-aware-governance\architecture-state-awareness\STATE_AWARENESS_REGISTER.md","DOCUMENTATION",".md","981","1325C5BB376F2389E6C9CC08703718C73A17B7FAE37FAD4C92B3C9E470A2059E","ELIGIBLE"
"architecture-self-aware-governance\autonomous-integrity-assessment\AUTONOMOUS_INTEGRITY_ASSESSMENT.md","DOCUMENTATION",".md","1734","E5057ED65D1D0856DEE3A61F88461AA021FEFCD4E512187E925BFFC637F8F5EA","ELIGIBLE"
"architecture-self-aware-governance\autonomous-integrity-assessment\INTEGRITY_ASSESSMENT_REGISTER.md","DOCUMENTATION",".md","1017","0EE3950CE3613D2B7C6FB919DCA10EBCF0969CB1BD55737E3DE7A5D53E50327A","ELIGIBLE"
"architecture-self-aware-governance\autonomous-integrity-assessment\INTEGRITY_EVOLUTION_RECORD.md","DOCUMENTATION",".md","993","8BFFC8E3B87996F8D17776145E185D4AF8EF7F5A2BF1332288B924655FAC97D6","ELIGIBLE"
"architecture-self-aware-governance\final-consolidation\ARCHITECTURE_SELF_AWARE_GOVERNANCE_COMPLETION_RECORD.md","DOCUMENTATION",".md","1043","0B09588B4ED090E2E237AD42ADDD99AFA2B65C77FDA46DD91995D96F6361D67F","ELIGIBLE"
"architecture-self-aware-governance\final-consolidation\ARCHITECTURE_SELF_AWARE_GOVERNANCE_VALIDATION_REPORT.md","DOCUMENTATION",".md","984","2233299CA9995C5B14B807DC261281FE712733382E9253D716BC63BA26A168C7","ELIGIBLE"
"architecture-self-aware-governance\final-consolidation\COMPLETE_SELF_AWARE_GOVERNANCE_STATE.md","DOCUMENTATION",".md","964","1BD0F53844B4144964096439F190CDB2DDE707A567C40A5CAF7E3FEBE5BC3726","ELIGIBLE"
"architecture-self-aware-governance\reflective-governance-analysis\REFLECTION_EVOLUTION_RECORD.md","DOCUMENTATION",".md","982","5AB7A0943F45843FE2AF99D7C363093138DA888DEA01213985651551FA2E541B","ELIGIBLE"
"architecture-self-aware-governance\reflective-governance-analysis\REFLECTION_STATE_REGISTER.md","DOCUMENTATION",".md","863","E5C76693D8AB3023E1930367DD63637C2D93E3D327EBBE2C3C32A2D5E90CB1BA","ELIGIBLE"
"architecture-self-aware-governance\reflective-governance-analysis\REFLECTIVE_GOVERNANCE_ANALYSIS.md","DOCUMENTATION",".md","1157","5F39625D831B000C9884A0E5AA79ECDED3261592E7A14B11E57CCDC01FA75A7C","ELIGIBLE"
"architecture-self-aware-governance\self-aware-architecture-continuity-model\CONTINUITY_EVOLUTION_RECORD.md","DOCUMENTATION",".md","974","50C7F5A563A35A16CBDC512AD9E77EE5ACDD6EB1F7B83503ABAA34243A14FCC5","ELIGIBLE"
"architecture-self-aware-governance\self-aware-architecture-continuity-model\CONTINUITY_STATE_REGISTER.md","DOCUMENTATION",".md","1019","D63D8BF388FF03B9989177697CDE6E14D470865A1DFFAB479E6AE4D679C9C465","ELIGIBLE"
"architecture-self-aware-governance\self-aware-architecture-continuity-model\SELF_AWARE_ARCHITECTURE_CONTINUITY_MODEL.md","DOCUMENTATION",".md","1782","EC7B19BA6BE53AA4C7576B69C2A786B5F122637B2A384AE1B0642F5672928558","ELIGIBLE"
"architecture-self-evolving-intelligence-framework\architecture-evolution-integration-mapping\ARCHITECTURE_EVOLUTION_INTEGRATION_MAPPING.md","DOCUMENTATION",".md","1804","3333C49D44AFB19D93D9C1E30ED8BDEF451603EA23AB13CFBBF9D07F77A14134","ELIGIBLE"
"architecture-self-evolving-intelligence-framework\architecture-evolution-integration-mapping\EVOLUTION_INTEGRATION_RECORD.md","DOCUMENTATION",".md","987","1144A0D9F95A279E62CF8BD6C618324F17266201DC8A97E5D6D04E053162D54B","ELIGIBLE"
"architecture-self-evolving-intelligence-framework\architecture-evolution-integration-mapping\EVOLUTION_INTEGRATION_STATE_REGISTER.md","DOCUMENTATION",".md","1062","FEEC7726ED625F76B6D8324E40AB5A140F95900D602E5B423C92385A3B934384","ELIGIBLE"
"architecture-self-evolving-intelligence-framework\final-consolidation\ARCHITECTURE_SELF_EVOLVING_INTELLIGENCE_COMPLETION_RECORD.md","DOCUMENTATION",".md","1233","2846C492E306678229B41C43EDB72F4C6FCAB4B04A99B46E6978FE7266FA0E3B","ELIGIBLE"
"architecture-self-evolving-intelligence-framework\final-consolidation\ARCHITECTURE_SELF_EVOLVING_INTELLIGENCE_VALIDATION_REPORT.md","DOCUMENTATION",".md","1147","3C42071E0E10BE4D7183E4999F4114B54EFFE7A743FA4AF8AAA9AD13D3C77B8F","ELIGIBLE"
"architecture-self-evolving-intelligence-framework\final-consolidation\COMPLETE_SELF_EVOLVING_INTELLIGENCE_STATE.md","DOCUMENTATION",".md","1160","3EC4DD6503F2BD979802DC44E5FD4DFF6EB8EB869AED071EED214045D5FFE342","ELIGIBLE"
"architecture-self-evolving-intelligence-framework\recursive-self-evolution-governance\RECURSIVE_SELF_EVOLUTION_GOVERNANCE.md","DOCUMENTATION",".md","1904","C8721D9BC20C6762239B8A56D85EBF3D0CA3CC85A3EF80BE20CEDBDA71205CED","ELIGIBLE"
"architecture-self-evolving-intelligence-framework\recursive-self-evolution-governance\SELF_EVOLUTION_GOVERNANCE_RECORD.md","DOCUMENTATION",".md","1022","ECAC594BC9242A1817ECC6F397E593A83776B8F7CD559B0F2D519E9575B32451","ELIGIBLE"
"architecture-self-evolving-intelligence-framework\recursive-self-evolution-governance\SELF_EVOLUTION_GOVERNANCE_STATE_REGISTER.md","DOCUMENTATION",".md","1081","1529C66E071BBAE66FED425580D66D70142F5889EF7475BAB6D0393ECF7C4BD9","ELIGIBLE"
"architecture-self-evolving-intelligence-framework\self-evolving-architecture-continuum\CONTINUUM_EVOLUTION_RECORD.md","DOCUMENTATION",".md","1029","E1A996059C7651749DF32CC2589BC7039DD59F1B9A7914499BE56E6A0634ECDA","ELIGIBLE"
"architecture-self-evolving-intelligence-framework\self-evolving-architecture-continuum\CONTINUUM_STATE_REGISTER.md","DOCUMENTATION",".md","1128","E9D55D2D88DD068180F0930FD99ABF9198998A09F51143E81AC52E6E5EAD316C","ELIGIBLE"
"architecture-self-evolving-intelligence-framework\self-evolving-architecture-continuum\SELF_EVOLVING_ARCHITECTURE_CONTINUUM.md","DOCUMENTATION",".md","2085","EA78EE23197BEB1876BDD5A5AC9D667B65DC2C2C01A739275F6E6BF7CB998A86","ELIGIBLE"
"architecture-self-evolving-intelligence-framework\unified-self-evolution-intelligence-modeling\SELF_EVOLUTION_RECORD.md","DOCUMENTATION",".md","1031","07B7FBB991EFE8EDE51506063C09D18F4E3357630C3A3E5339BE8BAD11264BE3","ELIGIBLE"
"architecture-self-evolving-intelligence-framework\unified-self-evolution-intelligence-modeling\SELF_EVOLUTION_STATE_REGISTER.md","DOCUMENTATION",".md","1064","E092845544025E090E2C9E3CC6ECCCCEEECB9B0A8218D4BB97A2749FA83A12E3","ELIGIBLE"
"architecture-self-evolving-intelligence-framework\unified-self-evolution-intelligence-modeling\UNIFIED_SELF_EVOLUTION_INTELLIGENCE_MODELING.md","DOCUMENTATION",".md","1929","E8053CC702DAD076D8D0AAFB844C1D331E18CED6BCAF3D3E75653326E017776F","ELIGIBLE"
"architecture-sentient-intelligence-framework\architecture-sentience-integration-mapping\ARCHITECTURE_SENTIENCE_INTEGRATION_MAPPING.md","DOCUMENTATION",".md","1912","1571A66ADF55795E60F7BC337C4BD6B18BED76AF54DBCA0FBE6DE33E9DD4B622","ELIGIBLE"
"architecture-sentient-intelligence-framework\architecture-sentience-integration-mapping\SENTIENT_INTEGRATION_RECORD.md","DOCUMENTATION",".md","1061","174475DD87A9294468BE6EE412FED86DC9110BFCF831E7BC36F3B64321F6E14F","ELIGIBLE"
"architecture-sentient-intelligence-framework\architecture-sentience-integration-mapping\SENTIENT_INTEGRATION_STATE_REGISTER.md","DOCUMENTATION",".md","1132","496D4CBE8EB85B08F5308F8778A7134FF3E458359E91968B14A9A31861D1D6A6","ELIGIBLE"
"architecture-sentient-intelligence-framework\final-consolidation\ARCHITECTURE_SENTIENT_INTELLIGENCE_COMPLETION_RECORD.md","DOCUMENTATION",".md","1185","5BCB6E246CC33B48EF8FC0DA4A1C6E0274B03479234332AE588EF4E0CF8BFDCD","ELIGIBLE"
"architecture-sentient-intelligence-framework\final-consolidation\ARCHITECTURE_SENTIENT_INTELLIGENCE_VALIDATION_REPORT.md","DOCUMENTATION",".md","1170","7D52FC67264AE2A56AD16F7B286A0E6B160BB198B15CDE36B5898AC2B31F196D","ELIGIBLE"
"architecture-sentient-intelligence-framework\final-consolidation\COMPLETE_SENTIENT_INTELLIGENCE_STATE.md","DOCUMENTATION",".md","1111","56D323EE4D78A8806528B87A6015CAA0934ED4243E349A94903B5F17D5E5A2EE","ELIGIBLE"
"architecture-sentient-intelligence-framework\recursive-sentient-governance\RECURSIVE_SENTIENT_GOVERNANCE.md","DOCUMENTATION",".md","1874","B2E5088E47DE68DB93A8827BB9D539B601DD1D05D98139EEA2DB577A6FF213E6","ELIGIBLE"
"architecture-sentient-intelligence-framework\recursive-sentient-governance\SENTIENT_GOVERNANCE_RECORD.md","DOCUMENTATION",".md","999","1553333B2A86EF1FD61213E385886DB9BA41CC0827846281A36D86C9A3558396","ELIGIBLE"
"architecture-sentient-intelligence-framework\recursive-sentient-governance\SENTIENT_GOVERNANCE_STATE_REGISTER.md","DOCUMENTATION",".md","1067","E8C94CCF16D49C59FC8663BAE234CBAEE01CC0A84782EA4E5C279536E15CB533","ELIGIBLE"
"architecture-sentient-intelligence-framework\sentient-architecture-continuum\CONTINUUM_EVOLUTION_RECORD.md","DOCUMENTATION",".md","1041","0FB8AA769D56005C3355CB91A2C7E1C12EEA3A8988F89BB3F47E1E0D1ACB39A6","ELIGIBLE"
"architecture-sentient-intelligence-framework\sentient-architecture-continuum\CONTINUUM_STATE_REGISTER.md","DOCUMENTATION",".md","1132","1322CAA4CC990DB4996721B06E86823D7A5DD2E9763F3E6E9D79C3AFCDB6BBF4","ELIGIBLE"
"architecture-sentient-intelligence-framework\sentient-architecture-continuum\SENTIENT_ARCHITECTURE_CONTINUUM.md","DOCUMENTATION",".md","2144","EBDFB646F0BB17C030FE6B6D78F9680767337ACA824EC78507C8A9529D1B1018","ELIGIBLE"
"architecture-sentient-intelligence-framework\unified-sentient-intelligence-modeling\SENTIENT_EVOLUTION_RECORD.md","DOCUMENTATION",".md","1077","3BF1F0B69A6C05CF5928E8206F7FF0D26EF74AC1AFD3FE344F17F9A61FFC7EDA","ELIGIBLE"
"architecture-sentient-intelligence-framework\unified-sentient-intelligence-modeling\SENTIENT_STATE_REGISTER.md","DOCUMENTATION",".md","1088","886A27BCAA3A27CAE4D51E14D65851B304E2D9DB2E520A11D23C52C2F3A9DDC9","ELIGIBLE"
"architecture-sentient-intelligence-framework\unified-sentient-intelligence-modeling\UNIFIED_SENTIENT_INTELLIGENCE_MODELING.md","DOCUMENTATION",".md","1937","1D8279BF5B3D320FD133EF1E3A47B424B0A3ED70C47498B339182C30E280165C","ELIGIBLE"
"architecture-stewardship-framework\final-consolidation\ARCHITECTURE_STEWARDSHIP_COMPLETION_RECORD.md","DOCUMENTATION",".md","1086","7FDE9D67D019D09AB20BD861D40A3FE05D345E5DD5C9E354A618025456BBB8E6","ELIGIBLE"
"architecture-stewardship-framework\final-consolidation\ARCHITECTURE_STEWARDSHIP_VALIDATION_REPORT.md","DOCUMENTATION",".md","910","818D25B4F265FD2A9852EAD8348225D79F4127A4A9C967EB33B73E20C300FD98","ELIGIBLE"
"architecture-stewardship-framework\final-consolidation\MORNING_STAR_GLOBAL_LEGACY_REFERENCE_STATE.md","DOCUMENTATION",".md","1296","CA6D2070195DC55A7D7E30F52D5B4E3469FC7CD0C7AA962F06476F89B133221C","ELIGIBLE"
"architecture-stewardship-framework\global-architecture-legacy-continuity\GLOBAL_ARCHITECTURE_LEGACY_CONTINUITY.md","DOCUMENTATION",".md","1320","78142285A08B3E6B17344E83883F17905C28C2E6B558CB53CC8BDAEB57B32C7C","ELIGIBLE"
"architecture-stewardship-framework\global-architecture-legacy-continuity\LEGACY_CONTINUITY_MODEL.md","DOCUMENTATION",".md","1073","C89A5E5D2FC807E7D5D757009832F0C5C13A0D09D1B79A7B63C8D2EA0C16C823","ELIGIBLE"
"architecture-stewardship-framework\global-architecture-legacy-continuity\LEGACY_STATUS_RECORD.md","DOCUMENTATION",".md","779","99C72B7C36B927FF44D67BB48AA51A9A783BDC0AB7E5C8E76229551C90D1DBEA","ELIGIBLE"
"architecture-stewardship-framework\institutional-governance-model\GOVERNANCE_STATUS_RECORD.md","DOCUMENTATION",".md","723","8D7BA810ED326FA8ED1921213C36E77C1225BD9911423045609C3143CBBC2AB9","ELIGIBLE"
"architecture-stewardship-framework\institutional-governance-model\GOVERNANCE_STRUCTURE_MODEL.md","DOCUMENTATION",".md","1152","1E077EEDA4134FE4032FEEB2DEDA9C360C9E3296CF7913230A0A94D2F3F95D2B","ELIGIBLE"
"architecture-stewardship-framework\institutional-governance-model\INSTITUTIONAL_GOVERNANCE_MODEL.md","DOCUMENTATION",".md","1243","D41A222DB0EE0B12CB934C3FEECE8FE7E1096E27D72AABD4A0AC8332249EB81F","ELIGIBLE"
"architecture-stewardship-framework\long-term-preservation-system\LONG_TERM_PRESERVATION_SYSTEM.md","DOCUMENTATION",".md","1156","41AAF115368A7BB7F05DFE4EACD4FB4D163D91E695F6D50E8D80E9C9CA0805B5","ELIGIBLE"
"architecture-stewardship-framework\long-term-preservation-system\PRESERVATION_MODEL.md","DOCUMENTATION",".md","1016","79C20688B4AF13D0CA1A6FFA13F58BFBB2834441F27E6672A56EE554281A1A35","ELIGIBLE"
"architecture-stewardship-framework\long-term-preservation-system\PRESERVATION_STATUS_RECORD.md","DOCUMENTATION",".md","766","ED82826EF4ED8D228F923C21D2E67A2B4C0B204378BC50B0F1D003F52FF7D1AD","ELIGIBLE"
"architecture-stewardship-framework\stewardship-authority-framework\AUTHORITY_MODEL.md","DOCUMENTATION",".md","1023","6560C6E35C75B2C79143679A1640BBF3F9C2D6EF2DE5A4EF90F2E9E96771B44B","ELIGIBLE"
"architecture-stewardship-framework\stewardship-authority-framework\AUTHORITY_STATUS_RECORD.md","DOCUMENTATION",".md","761","EEFD824F09BEB847F941B5F7A7E331A9D3EC5FFE387D256563B1CFFC7CAC18C5","ELIGIBLE"
"architecture-stewardship-framework\stewardship-authority-framework\STEWARDSHIP_AUTHORITY_FRAMEWORK.md","DOCUMENTATION",".md","1253","FD85B84C43E95A0FB694597519BEB6C4CAB91998A543899406F439DAD06A3613","ELIGIBLE"
"architecture-synchronized-intelligence-framework\architecture-synchronized-intelligence-integration-mapping\ARCHITECTURE_SYNCHRONIZED_INTELLIGENCE_INTEGRATION_MAPPING.md","DOCUMENTATION",".md","0","E3B0C44298FC1C149AFBF4C8996FB92427AE41E4649B934CA495991B7852B855","ELIGIBLE"
"architecture-synchronized-intelligence-framework\architecture-synchronized-intelligence-integration-mapping\SYNCHRONIZED_INTELLIGENCE_INTEGRATION_RECORD.md","DOCUMENTATION",".md","0","E3B0C44298FC1C149AFBF4C8996FB92427AE41E4649B934CA495991B7852B855","ELIGIBLE"
"architecture-synchronized-intelligence-framework\architecture-synchronized-intelligence-integration-mapping\SYNCHRONIZED_INTELLIGENCE_INTEGRATION_STATE_REGISTER.md","DOCUMENTATION",".md","0","E3B0C44298FC1C149AFBF4C8996FB92427AE41E4649B934CA495991B7852B855","ELIGIBLE"
"architecture-synchronized-intelligence-framework\final-consolidation\ARCHITECTURE_SYNCHRONIZED_INTELLIGENCE_COMPLETION_RECORD.md","DOCUMENTATION",".md","1279","824C6B4E8E214A406B371760CED797EA2F6D15D6F9D0409ADA1AC92DC1C1AB61","ELIGIBLE"
"architecture-synchronized-intelligence-framework\final-consolidation\ARCHITECTURE_SYNCHRONIZED_INTELLIGENCE_VALIDATION_REPORT.md","DOCUMENTATION",".md","1073","829B4A3B0C81DAAF61439F3D67F5F65D5648293D794C813C0D8A46940D05DFAD","ELIGIBLE"
"architecture-synchronized-intelligence-framework\final-consolidation\COMPLETE_SYNCHRONIZED_INTELLIGENCE_STATE.md","DOCUMENTATION",".md","1560","45A6EA680760C640C850B2964503933D0325D43B0539441E8A1EF77B20002FBD","ELIGIBLE"
"architecture-synchronized-intelligence-framework\recursive-synchronized-intelligence-governance\RECURSIVE_SYNCHRONIZED_INTELLIGENCE_GOVERNANCE.md","DOCUMENTATION",".md","1883","DF53F4A85E356E81360BB3E0DC5A575F27CCAD150A46F3CBB9E7853C70219DAA","ELIGIBLE"
"architecture-synchronized-intelligence-framework\recursive-synchronized-intelligence-governance\SYNCHRONIZED_INTELLIGENCE_GOVERNANCE_RECORD.md","DOCUMENTATION",".md","1030","E3CCC503E1369964E0540F7ED53CECA2380D53B87F4EBB57E8AFFCE8EAB21004","ELIGIBLE"
"architecture-synchronized-intelligence-framework\recursive-synchronized-intelligence-governance\SYNCHRONIZED_INTELLIGENCE_GOVERNANCE_STATE_REGISTER.md","DOCUMENTATION",".md","1058","406F0F33015EEEAA14CAAF5490BC5927DE12983B599E24AA72DC5D2A004DCDA2","ELIGIBLE"
"architecture-synchronized-intelligence-framework\synchronized-architecture-continuum\CONTINUUM_EVOLUTION_RECORD.md","DOCUMENTATION",".md","1034","B090CC8932FB8126813EE3A8172E5B3CFB4450A8C94F996262E5DED0461E4485","ELIGIBLE"
"architecture-synchronized-intelligence-framework\synchronized-architecture-continuum\CONTINUUM_STATE_REGISTER.md","DOCUMENTATION",".md","1084","FBD3C14BEA12920844A46DBFC29FAC66D6A39926FA336C47941F78652419EDE3","ELIGIBLE"
"architecture-synchronized-intelligence-framework\synchronized-architecture-continuum\SYNCHRONIZED_ARCHITECTURE_CONTINUUM.md","DOCUMENTATION",".md","2184","7734B88B3D64667111280B7051181552C0DDBED2CCA6408BFC2EC2A58174A8D1","ELIGIBLE"
"architecture-synchronized-intelligence-framework\unified-synchronized-intelligence-modeling\SYNCHRONIZED_INTELLIGENCE_EVOLUTION_RECORD.md","DOCUMENTATION",".md","1029","B16F9B945CC70B6367DA2524EF255BDEEEC292A4EA394744D139C988E6C3C71C","ELIGIBLE"
"architecture-synchronized-intelligence-framework\unified-synchronized-intelligence-modeling\SYNCHRONIZED_INTELLIGENCE_STATE_REGISTER.md","DOCUMENTATION",".md","1023","284655A6830C0D603DCDA33138B828EEF70B7980AB112F28230D3DF181DFAF5B","ELIGIBLE"
"architecture-synchronized-intelligence-framework\unified-synchronized-intelligence-modeling\UNIFIED_SYNCHRONIZED_INTELLIGENCE_MODELING.md","DOCUMENTATION",".md","2028","0537EBF2B80C226702D8DC83F2950509589230273B31A8A536AEB11EAA00EDF1","ELIGIBLE"
"architecture-synthesis-framework\constitutional-intelligence-synthesis\CONSTITUTIONAL_INTELLIGENCE_SYNTHESIS.md","DOCUMENTATION",".md","0","E3B0C44298FC1C149AFBF4C8996FB92427AE41E4649B934CA495991B7852B855","ELIGIBLE"
"architecture-synthesis-framework\constitutional-intelligence-synthesis\SYNTHESIS_DECISION_MODEL.md","DOCUMENTATION",".md","0","E3B0C44298FC1C149AFBF4C8996FB92427AE41E4649B934CA495991B7852B855","ELIGIBLE"
"architecture-synthesis-framework\constitutional-intelligence-synthesis\SYNTHESIS_VALIDATION_RECORD.md","DOCUMENTATION",".md","0","E3B0C44298FC1C149AFBF4C8996FB92427AE41E4649B934CA495991B7852B855","ELIGIBLE"
"architecture-synthesis-framework\cross-layer-architecture-integration\ARCHITECTURE_LAYER_RELATIONSHIP_MODEL.md","DOCUMENTATION",".md","934","A1606D2BD71FB66121516B024683F827E3A054E5E1957421EC46CD0D2B045BAA","ELIGIBLE"
"architecture-synthesis-framework\cross-layer-architecture-integration\CROSS_LAYER_ARCHITECTURE_INTEGRATION.md","DOCUMENTATION",".md","1092","A6F51F95988C7211B88D9011D2B3C332728601B5577AA924C020E8F7554D9DB4","ELIGIBLE"
"architecture-synthesis-framework\cross-layer-architecture-integration\INTEGRATION_STATUS_RECORD.md","DOCUMENTATION",".md","732","1C50C461563CBEE6669A9527B68F57FAB3E660ED20E9AAD64B5D122CDBC10FA9","ELIGIBLE"
"architecture-synthesis-framework\final-architecture-continuum\ARCHITECTURE_CONTINUITY_MODEL.md","DOCUMENTATION",".md","1016","B08EB5714B3A21EB009A4D802E1F00E8E2CB5BE9C719AB5992202D6692B849B4","ELIGIBLE"
"architecture-synthesis-framework\final-architecture-continuum\CONTINUUM_STATUS_RECORD.md","DOCUMENTATION",".md","717","933EA74992D7D57F1477BDBC101424B5EAE7CAC2FDA13F3F9836B1AE872E478F","ELIGIBLE"
"architecture-synthesis-framework\final-architecture-continuum\FINAL_ARCHITECTURE_CONTINUUM.md","DOCUMENTATION",".md","1246","92E1FD16520081C769BF3EA48E170DE4B8F2730E262D7BF9AEDEA5F849C27DC5","ELIGIBLE"
"architecture-synthesis-framework\final-consolidation\ARCHITECTURE_SYNTHESIS_COMPLETION_RECORD.md","DOCUMENTATION",".md","1121","2B5AC3CBED9608F2D794D8DB91D89693B01343943AD2FDE00A6948A39EDE7F40","ELIGIBLE"
"architecture-synthesis-framework\final-consolidation\ARCHITECTURE_SYNTHESIS_VALIDATION_REPORT.md","DOCUMENTATION",".md","1025","89531A1A09405695ED6373267161E598C89B1CED36F90E8C8B86934C218CCE1F","ELIGIBLE"
"architecture-synthesis-framework\final-consolidation\MORNING_STAR_SYNTHESIS_REFERENCE_STATE.md","DOCUMENTATION",".md","1144","DF621B0679A075272F233C0BA84E53C49F8C398F35F4CB7400170CFDB2CB63AB","ELIGIBLE"
"architecture-synthesis-framework\unified-state-relationship-modeling\ARCHITECTURE_STATE_GRAPH.md","DOCUMENTATION",".md","1085","27C6701F0C4F69992794A7413827239D76E9C764DE0443EACB7E5D4643B7B997","ELIGIBLE"
"architecture-synthesis-framework\unified-state-relationship-modeling\STATE_RELATIONSHIP_RECORD.md","DOCUMENTATION",".md","738","2C8C1A082878B68FEE676CF1A2DAE956BDB93AB4516F74DC06802F583E6310E4","ELIGIBLE"
"architecture-synthesis-framework\unified-state-relationship-modeling\UNIFIED_STATE_RELATIONSHIP_MODELING.md","DOCUMENTATION",".md","1144","9FF5E530EAB343B400055CF866874043E9312201E85EA1776C22DB6C9FCBDABA","ELIGIBLE"
"architecture-synthetic-unity-framework\final-consolidation\ARCHITECTURE_SYNTHETIC_UNITY_COMPLETION_RECORD.md","DOCUMENTATION",".md","1046","4BE7F84D36BC3B3805BCE86DD6A287A16E994544C0A51F09E1CA725BD81FB90F","ELIGIBLE"
"architecture-synthetic-unity-framework\final-consolidation\ARCHITECTURE_SYNTHETIC_UNITY_VALIDATION_REPORT.md","DOCUMENTATION",".md","1071","52B1A35A211190F8AA2179436350292C5C24B315344F1FB11C74C7134E97B8F7","ELIGIBLE"
"architecture-synthetic-unity-framework\final-consolidation\COMPLETE_SYNTHETIC_UNITY_STATE.md","DOCUMENTATION",".md","978","A63C31C5BA3C985F7F23E46672FE0381604593A018E888C52AE4C8C1877FE7AF","ELIGIBLE"
"architecture-synthetic-unity-framework\intelligence-architecture-unity-mapping\INTELLIGENCE_ARCHITECTURE_UNITY_MAPPING.md","DOCUMENTATION",".md","1740","77D358A1090252E956308558C3A9E0458A4702924D748B08B2828B68E90F6BAD","ELIGIBLE"
"architecture-synthetic-unity-framework\intelligence-architecture-unity-mapping\UNITY_EVOLUTION_RECORD.md","DOCUMENTATION",".md","991","086A6A5F3A8D9F797D3FD1035F218A3A7BA928871B35E460425B9C764A1A9C5D","ELIGIBLE"
"architecture-synthetic-unity-framework\intelligence-architecture-unity-mapping\UNITY_STATE_REGISTER.md","DOCUMENTATION",".md","992","484BA012555866948FC820878119D9BDE452881FF7A537E70A49D889E8B8E09E","ELIGIBLE"
"architecture-synthetic-unity-framework\recursive-unity-governance\RECURSIVE_UNITY_GOVERNANCE.md","DOCUMENTATION",".md","1790","73E31417861FA9497D05A0B572F22FF7B363D87F5F6BC9F554CC97AEA24E1A73","ELIGIBLE"
"architecture-synthetic-unity-framework\recursive-unity-governance\UNITY_GOVERNANCE_EVOLUTION_RECORD.md","DOCUMENTATION",".md","1023","DABB84F6835DF8F332EE12A7C435466556C91F2EBE9D37A62D4B94D165A48D2D","ELIGIBLE"
"architecture-synthetic-unity-framework\recursive-unity-governance\UNITY_GOVERNANCE_STATE_REGISTER.md","DOCUMENTATION",".md","1035","1C431E329C336BFC1F49EE95DA578B592CAB196ED65B87F2AA479DEED4F3100D","ELIGIBLE"
"architecture-synthetic-unity-framework\synthetic-architecture-continuum\CONTINUUM_EVOLUTION_RECORD.md","DOCUMENTATION",".md","1003","C792CD4C59A607E9FAC45658F086B18D539EC41586ADB5CB1727F0946B00A155","ELIGIBLE"
"architecture-synthetic-unity-framework\synthetic-architecture-continuum\CONTINUUM_STATE_REGISTER.md","DOCUMENTATION",".md","1066","FF533D866C57D0C4DC54CBEB83112A4EB5BD879CE22C143F9615A2160D331680","ELIGIBLE"
"architecture-synthetic-unity-framework\synthetic-architecture-continuum\SYNTHETIC_ARCHITECTURE_CONTINUUM.md","DOCUMENTATION",".md","1968","CC51B8B87E7EF84770A7222D21CFAD589B28E51A43DD990F4EE5E6868287EA11","ELIGIBLE"
"architecture-synthetic-unity-framework\unified-system-synthesis-modeling\SYNTHESIS_EVOLUTION_RECORD.md","DOCUMENTATION",".md","942","7FE8397D50D8448BDB9E7FCC1B66F971FD203879967E1BF2C03E0EA4BCAB6C04","ELIGIBLE"
"architecture-synthetic-unity-framework\unified-system-synthesis-modeling\SYNTHESIS_STATE_REGISTER.md","DOCUMENTATION",".md","956","5757D487DB778DF06E4DAEAEA07C49ABDE5F05071A98587CB0CC9DDB13EC1832","ELIGIBLE"
"architecture-synthetic-unity-framework\unified-system-synthesis-modeling\UNIFIED_SYSTEM_SYNTHESIS_MODELING.md","DOCUMENTATION",".md","1720","5D7E67382AD7112A46F31AF59797788CFC9EBDA5D000EDABE1484E97A43B7243","ELIGIBLE"
"architecture-transcendent-coherence-framework\final-consolidation\ARCHITECTURE_TRANSCENDENT_COHERENCE_COMPLETION_RECORD.md","DOCUMENTATION",".md","1158","C3787AE7225F711A0D6EECD2B3B88E008D8C700B6D74A5E2BFBCE5F0879DD859","ELIGIBLE"
"architecture-transcendent-coherence-framework\final-consolidation\ARCHITECTURE_TRANSCENDENT_COHERENCE_VALIDATION_REPORT.md","DOCUMENTATION",".md","1080","C6D923A8785891526A5DCC8EA2D603A522846C9BC6CE3D9EF1D8A5C10120441D","ELIGIBLE"
"architecture-transcendent-coherence-framework\final-consolidation\COMPLETE_TRANSCENDENT_COHERENCE_STATE.md","DOCUMENTATION",".md","1110","AD4B7DAF3132BF3A4B4525A69D7BB99E6E438AB342C1D691AE46C2E490D164F1","ELIGIBLE"
"architecture-transcendent-coherence-framework\intelligence-architecture-resonance-mapping\INTELLIGENCE_ARCHITECTURE_RESONANCE_MAPPING.md","DOCUMENTATION",".md","1849","8B541A76BE8BD85E44E333F8D092F2F5EBFDB13988FBB4E50B0E50C6A3D57958","ELIGIBLE"
"architecture-transcendent-coherence-framework\intelligence-architecture-resonance-mapping\RESONANCE_EVOLUTION_RECORD.md","DOCUMENTATION",".md","1042","2C396F2EE0BE3371F200B5522FCB8B73E307CDE030983DE5F30484D7454E8737","ELIGIBLE"
"architecture-transcendent-coherence-framework\intelligence-architecture-resonance-mapping\RESONANCE_STATE_REGISTER.md","DOCUMENTATION",".md","1010","BC8B9E85EFE0BB185AB5918DF334EFE7B8F9ABC5ECF1302E596A1230DFD4839A","ELIGIBLE"
"architecture-transcendent-coherence-framework\recursive-transcendent-governance\RECURSIVE_TRANSCENDENT_GOVERNANCE.md","DOCUMENTATION",".md","1923","306864BE0A0F50D8CFE0DCAAA431FBD9E5CF53F86653A4D55688379F86E3B66F","ELIGIBLE"
"architecture-transcendent-coherence-framework\recursive-transcendent-governance\TRANSCENDENT_GOVERNANCE_EVOLUTION_RECORD.md","DOCUMENTATION",".md","1062","9BBEB68C0FC6D68570AB68BA2536EBF8EFC1FBBE84EE4ABC476841381552A775","ELIGIBLE"
"architecture-transcendent-coherence-framework\recursive-transcendent-governance\TRANSCENDENT_GOVERNANCE_STATE_REGISTER.md","DOCUMENTATION",".md","1059","CC7B365545BC4F15EB6D10946BA78202FD9ABDA9ED51838694E12EBECEDA6FDE","ELIGIBLE"
"architecture-transcendent-coherence-framework\transcendent-architecture-continuum\CONTINUUM_EVOLUTION_RECORD.md","DOCUMENTATION",".md","1025","464D2E992DC3D6E4CF5A2C0A8797B8A7D1F2D2D4288424A6BA0B36BA89ED8F11","ELIGIBLE"
"architecture-transcendent-coherence-framework\transcendent-architecture-continuum\CONTINUUM_STATE_REGISTER.md","DOCUMENTATION",".md","1081","785EF3C42BFD53039D74DF1BED40616B917C1A295F94B57580B6FC1A88A95967","ELIGIBLE"
"architecture-transcendent-coherence-framework\transcendent-architecture-continuum\TRANSCENDENT_ARCHITECTURE_CONTINUUM.md","DOCUMENTATION",".md","2018","CBAA5D036AADCC788387DE9D0F8FA424B9CE156FA55A2B7FE0966BFC65CA821D","ELIGIBLE"
"architecture-transcendent-coherence-framework\unified-coherence-field-modeling\FIELD_EVOLUTION_RECORD.md","DOCUMENTATION",".md","980","C7CDD5CE14279FDAE3144D525150021DEDF8B6F256B1F40063DBEC3E03D4CFB5","ELIGIBLE"
"architecture-transcendent-coherence-framework\unified-coherence-field-modeling\FIELD_STATE_REGISTER.md","DOCUMENTATION",".md","1010","FF9417DFA92ABB75334F9C31AF006C3BA7C6D29E907C82099A819A6A4C9F01EA","ELIGIBLE"
"architecture-transcendent-coherence-framework\unified-coherence-field-modeling\UNIFIED_COHERENCE_FIELD_MODELING.md","DOCUMENTATION",".md","1803","2951154DAC8018E91C0B8F093CE1B7ED0AC6F044011ECBC6E2E723B361FF8878","ELIGIBLE"
"architecture-transcendent-intelligence-framework\architecture-transcendent-intelligence-integration-mapping\ARCHITECTURE_TRANSCENDENT_INTELLIGENCE_INTEGRATION_MAPPING.md","DOCUMENTATION",".md","1898","2DA53664602F6A08BC7E8707185EC217DC2C28B4C3805ECC62BEFA0E4EF2203C","ELIGIBLE"
"architecture-transcendent-intelligence-framework\architecture-transcendent-intelligence-integration-mapping\TRANSCENDENT_INTELLIGENCE_INTEGRATION_RECORD.md","DOCUMENTATION",".md","1056","FBDA10315C7C852E8F1AF774D00A98BA92E71E0DD05ABDF11D22AC6FDA918B1A","ELIGIBLE"
"architecture-transcendent-intelligence-framework\architecture-transcendent-intelligence-integration-mapping\TRANSCENDENT_INTELLIGENCE_INTEGRATION_STATE_REGISTER.md","DOCUMENTATION",".md","1148","7711641D2FFFAAF958639BE82EF801045D863E6AF4B4C6DFAB8B0B0DA9B84A51","ELIGIBLE"
"architecture-transcendent-intelligence-framework\final-consolidation\ARCHITECTURE_TRANSCENDENT_INTELLIGENCE_COMPLETION_RECORD.md","DOCUMENTATION",".md","1175","8C59F577838342F1D3A78042CAF33B7CD2666133FCEEF5D180F6D4E28606701D","ELIGIBLE"
"architecture-transcendent-intelligence-framework\final-consolidation\ARCHITECTURE_TRANSCENDENT_INTELLIGENCE_VALIDATION_REPORT.md","DOCUMENTATION",".md","1115","07940003AC6808283148B52AEB1950E69892ED827F2C60AD26D223AC30770711","ELIGIBLE"
"architecture-transcendent-intelligence-framework\final-consolidation\COMPLETE_TRANSCENDENT_INTELLIGENCE_STATE.md","DOCUMENTATION",".md","1317","13148312DF402A424B090DFB991EE9102A4A8510626A8429CB01FC1244380F2C","ELIGIBLE"
"architecture-transcendent-intelligence-framework\recursive-transcendent-intelligence-governance\RECURSIVE_TRANSCENDENT_INTELLIGENCE_GOVERNANCE.md","DOCUMENTATION",".md","1956","9F31E423BEF29B76DDF4F7C79B66A44EE352C085B2D426E9A5C008C435696227","ELIGIBLE"
"architecture-transcendent-intelligence-framework\recursive-transcendent-intelligence-governance\TRANSCENDENT_INTELLIGENCE_GOVERNANCE_RECORD.md","DOCUMENTATION",".md","1059","5E26F457BC0164A0D16AB2FFD1E687ADC9A3EA35575BFD203C9CAFF92F7B35E0","ELIGIBLE"
"architecture-transcendent-intelligence-framework\recursive-transcendent-intelligence-governance\TRANSCENDENT_INTELLIGENCE_GOVERNANCE_STATE_REGISTER.md","DOCUMENTATION",".md","1146","2D2721FE818464052B4F1DD32CDAD18662658E69F65CBBBE66132D88DC6AF806","ELIGIBLE"
"architecture-transcendent-intelligence-framework\transcendent-architecture-continuum\CONTINUUM_EVOLUTION_RECORD.md","DOCUMENTATION",".md","1084","85F44A7B277F688AD0ABDA13C5FA9BCED00993ED9EE97B8D23D78DAFD617F280","ELIGIBLE"
"architecture-transcendent-intelligence-framework\transcendent-architecture-continuum\CONTINUUM_STATE_REGISTER.md","DOCUMENTATION",".md","1213","7246A2361F0F6BA57979590757C2F5AAF36FC1D79FF09DA3252BD99D92B2DA38","ELIGIBLE"
"architecture-transcendent-intelligence-framework\transcendent-architecture-continuum\TRANSCENDENT_ARCHITECTURE_CONTINUUM.md","DOCUMENTATION",".md","2243","2F7D5D4D14EC4BCE41ACD94D66A425B515D36BD19F164F52603FACBECBA1B1D8","ELIGIBLE"
"architecture-transcendent-intelligence-framework\unified-transcendent-intelligence-modeling\TRANSCENDENT_INTELLIGENCE_EVOLUTION_RECORD.md","DOCUMENTATION",".md","1089","FDA8E35C8E2173CC5C8EF0AEC9D4F16756EFBCDD6BE79E5580BDDF60475347CC","ELIGIBLE"
"architecture-transcendent-intelligence-framework\unified-transcendent-intelligence-modeling\TRANSCENDENT_INTELLIGENCE_STATE_REGISTER.md","DOCUMENTATION",".md","1110","58243E263BBBBF7DEBEF51A9832FCBD8E7C89533EE07878F5161655F04EA67B5","ELIGIBLE"
"architecture-transcendent-intelligence-framework\unified-transcendent-intelligence-modeling\UNIFIED_TRANSCENDENT_INTELLIGENCE_MODELING.md","DOCUMENTATION",".md","1978","2E7E193DEE6188E5BEF486E2AFD1F6CE3E329145983B5605DF4C508D4595E6ED","ELIGIBLE"
"architecture-transcendent-synthesis\cross-layer-architecture-integration\CROSS_LAYER_ARCHITECTURE_INTEGRATION.md","DOCUMENTATION",".md","1788","E4EA77C767517C7AEB22541D0CE81F78210095C27B2236C4266186147F9F7156","ELIGIBLE"
"architecture-transcendent-synthesis\cross-layer-architecture-integration\INTEGRATION_EVOLUTION_RECORD.md","DOCUMENTATION",".md","992","D048F31780CA148B39DBD6824C21AAA676C2842B6A5AE0615D3AED158338DF05","ELIGIBLE"
"architecture-transcendent-synthesis\cross-layer-architecture-integration\INTEGRATION_STATE_REGISTER.md","DOCUMENTATION",".md","1052","9956F74FFC9EA60B2DC5041EAD2A9233BD2C7C66E58A2E69B2680189E4CB14A8","ELIGIBLE"
"architecture-transcendent-synthesis\final-consolidation\ARCHITECTURE_TRANSCENDENT_SYNTHESIS_COMPLETION_RECORD.md","DOCUMENTATION",".md","1092","23CE3A33BED52BD00234C3C536E99F190023B454284FCA52CDB077513CE3341F","ELIGIBLE"
"architecture-transcendent-synthesis\final-consolidation\ARCHITECTURE_TRANSCENDENT_SYNTHESIS_VALIDATION_REPORT.md","DOCUMENTATION",".md","1021","87E7DCDAA089BC2C045A709E69E5CADECCF8F7A15128B54C53D58588207BA080","ELIGIBLE"
"architecture-transcendent-synthesis\final-consolidation\COMPLETE_TRANSCENDENT_SYNTHESIS_STATE.md","DOCUMENTATION",".md","1033","D2D6609AC4D3A55FFA3006ACE7CADE17475CF6683BA41EB5A30BEB7A34F651CB","ELIGIBLE"
"architecture-transcendent-synthesis\recursive-system-harmonization\HARMONIZATION_EVOLUTION_RECORD.md","DOCUMENTATION",".md","1001","0D8653EAFF8BA242F21129B62604BFFCF63ECE924C883BC1460B5912275E3BE9","ELIGIBLE"
"architecture-transcendent-synthesis\recursive-system-harmonization\HARMONIZATION_STATE_REGISTER.md","DOCUMENTATION",".md","1068","A1E4C23CA3B23FE88EB1AB0080E249DD5AFCDD4B0FFF29DE1F7E00744D305F8D","ELIGIBLE"
"architecture-transcendent-synthesis\recursive-system-harmonization\RECURSIVE_SYSTEM_HARMONIZATION.md","DOCUMENTATION",".md","1784","22CEBFAF4526BC53936EAF0BC4FF2440BC36BBC5892824B096A695F04EEAE7F2","ELIGIBLE"
"architecture-transcendent-synthesis\unified-architecture-continuity-model\UNIFIED_ARCHITECTURE_CONTINUITY_MODEL.md","DOCUMENTATION",".md","1861","AA4A58BFA5F93112F18FAD0D99249697F6784A1F0647BFFC87567337467265F1","ELIGIBLE"
"architecture-transcendent-synthesis\unified-architecture-continuity-model\UNIFIED_CONTINUITY_EVOLUTION_RECORD.md","DOCUMENTATION",".md","1012","2D8C3A6E755C38C7ECB6E35E62A9638A081AF8B0FB0AAC8FC4758EA8B8176AE6","ELIGIBLE"
"architecture-transcendent-synthesis\unified-architecture-continuity-model\UNIFIED_CONTINUITY_STATE_REGISTER.md","DOCUMENTATION",".md","1103","3CD8DDCCE31BA51EF75D895CA6E939862130296CE1CC1DCE9AC78A83A1A9FBDD","ELIGIBLE"
"architecture-transcendent-synthesis\unified-intelligence-convergence\CONVERGENCE_EVOLUTION_RECORD.md","DOCUMENTATION",".md","1012","80455DB9D55EDF8590F90886F5E2D7AE98211A2F3FE1B5118930E80744B4FC45","ELIGIBLE"
"architecture-transcendent-synthesis\unified-intelligence-convergence\CONVERGENCE_STATE_REGISTER.md","DOCUMENTATION",".md","1056","CB4FE2178FB0CFAAD2E0643A4C061245B3D8BB28A960A6C5C2CBA3BFC27A6209","ELIGIBLE"
"architecture-transcendent-synthesis\unified-intelligence-convergence\UNIFIED_INTELLIGENCE_CONVERGENCE.md","DOCUMENTATION",".md","1810","09FA4CBCAE3B6CEAC889489D88F0E24E48DB797565055F4542CB43F82F50A897","ELIGIBLE"
"architecture-unified-continuity\architecture-state-unification\ARCHITECTURE_STATE_UNIFICATION.md","DOCUMENTATION",".md","1709","5BBF72DC3AD88932DAE83BFF604FBE455AF3A213E0FE9A4BB818A924E75976E2","ELIGIBLE"
"architecture-unified-continuity\architecture-state-unification\STATE_UNIFICATION_EVOLUTION_RECORD.md","DOCUMENTATION",".md","979","5B43ABFBA0C2FEA0CE5699E6151E498D00BF8422550C293D92D31B0E156AC984","ELIGIBLE"
"architecture-unified-continuity\architecture-state-unification\STATE_UNIFICATION_REGISTER.md","DOCUMENTATION",".md","985","B2AEA780EE19E287C470B74981EBEF228B9CB627B2E3DFF6F04B926C7E90C291","ELIGIBLE"
"architecture-unified-continuity\cross-system-continuity-preservation\CONTINUITY_EVOLUTION_RECORD.md","DOCUMENTATION",".md","990","25415F30BBC5C44EBB692FDA74A771FC951E08722DB8D3AB943C372C0A17D64C","ELIGIBLE"
"architecture-unified-continuity\cross-system-continuity-preservation\CONTINUITY_STATE_REGISTER.md","DOCUMENTATION",".md","1003","7F6B17D56C7E9ED34A737B84FD581DA526464978AA5EB2467314760A89200968","ELIGIBLE"
"architecture-unified-continuity\cross-system-continuity-preservation\CROSS_SYSTEM_CONTINUITY_PRESERVATION.md","DOCUMENTATION",".md","1691","0850C5226F1DEAD4349D59F5086E85F1122AED30DF3499E845C6D64AE84339FB","ELIGIBLE"
"architecture-unified-continuity\final-consolidation\ARCHITECTURE_UNIFIED_CONTINUITY_COMPLETION_RECORD.md","DOCUMENTATION",".md","1062","5A5A57CE94A88CBB720FEB91A508ED300C5D75A4CE970F74A07276EABCC302E3","ELIGIBLE"
"architecture-unified-continuity\final-consolidation\ARCHITECTURE_UNIFIED_CONTINUITY_VALIDATION_REPORT.md","DOCUMENTATION",".md","975","B2800AD84AD741DCF385CD90180893F57255966A6471AD5A337107D638E9EA27","ELIGIBLE"
"architecture-unified-continuity\final-consolidation\COMPLETE_UNIFIED_CONTINUITY_STATE.md","DOCUMENTATION",".md","1010","4CAF5DCDF72D1764DC7A368F23EEB2631B1DF9A0B505685F4ED85A877C0CC6FB","ELIGIBLE"
"architecture-unified-continuity\recursive-evolution-governance\EVOLUTION_GOVERNANCE_RECORD.md","DOCUMENTATION",".md","993","459090ACEE8870D1129D5CEBBEA8BDFB9ADD092886EEFCB42D8BEE344BC87561","ELIGIBLE"
"architecture-unified-continuity\recursive-evolution-governance\EVOLUTION_GOVERNANCE_STATE_REGISTER.md","DOCUMENTATION",".md","1010","8E47F4A4ED7F30681BE5362460BF21DCE02D5A057CF72C1BADFB8407345F1485","ELIGIBLE"
"architecture-unified-continuity\recursive-evolution-governance\RECURSIVE_EVOLUTION_GOVERNANCE.md","DOCUMENTATION",".md","1663","2B9B8EFF74ACCEA8DB5D4EAB11DFBDD7AD2E33BF9DD6C58D36D1692B3A766C22","ELIGIBLE"
"architecture-unified-continuity\unified-architecture-continuum-model\CONTINUUM_EVOLUTION_RECORD.md","DOCUMENTATION",".md","974","44131F7C6A2A536895E88BF66F1761D84137A27BC2711625C5D91869E850041F","ELIGIBLE"
"architecture-unified-continuity\unified-architecture-continuum-model\CONTINUUM_STATE_REGISTER.md","DOCUMENTATION",".md","1032","5A52989A059A549EF04DE2DEB9354194F7015D0A93C1DA5335876CFAA298B216","ELIGIBLE"
"architecture-unified-continuity\unified-architecture-continuum-model\UNIFIED_ARCHITECTURE_CONTINUUM_MODEL.md","DOCUMENTATION",".md","1800","7A2C0BF6AE5EF8F69E1CDA9F2C67AB370AF2A278B550300139EED4AABE4D9464","ELIGIBLE"
"architecture-unified-continuity\unified-continuity-model\CONTINUUM_EVOLUTION_RECORD.md","DOCUMENTATION",".md","0","E3B0C44298FC1C149AFBF4C8996FB92427AE41E4649B934CA495991B7852B855","ELIGIBLE"
"architecture-unified-continuity\unified-continuity-model\CONTINUUM_STATE_REGISTER.md","DOCUMENTATION",".md","0","E3B0C44298FC1C149AFBF4C8996FB92427AE41E4649B934CA495991B7852B855","ELIGIBLE"
"architecture-unified-synthesis-framework\complete-architecture-integration-model\ARCHITECTURE_RELATIONSHIP_MAP.md","DOCUMENTATION",".md","1033","47E2B6490FACB34AF4494A7DA436117B86FA05F95293B95C30B509489E440FF6","ELIGIBLE"
"architecture-unified-synthesis-framework\complete-architecture-integration-model\COMPLETE_ARCHITECTURE_INTEGRATION_MODEL.md","DOCUMENTATION",".md","1874","2F576A9DF9B27BD75E409C4F08DBAA729DA96F78A965601E6AFF35B42C7A53B6","ELIGIBLE"
"architecture-unified-synthesis-framework\complete-architecture-integration-model\UNIFIED_ARCHITECTURE_STATE.md","DOCUMENTATION",".md","922","4622294DD0974DF8C64F1BDFC77262D478A668B26E8A5188C4DEFA0C5009CCFC","ELIGIBLE"
"architecture-unified-synthesis-framework\constitutional-architecture-closure\ARCHITECTURAL_INVARIANTS.md","DOCUMENTATION",".md","964","631EC8E7E7F1D2A30E97857510C4B45BEADF4C6D9436E533301247035EC3BA92","ELIGIBLE"
"architecture-unified-synthesis-framework\constitutional-architecture-closure\CONSTITUTIONAL_ARCHITECTURE_CLOSURE.md","DOCUMENTATION",".md","1235","0D034FC3227BB60ACA164D06B6CDF4432DB6AE3AA60005A6F4B5F615296F090B","ELIGIBLE"
"architecture-unified-synthesis-framework\constitutional-architecture-closure\IDENTITY_PRESERVATION_MODEL.md","DOCUMENTATION",".md","859","215876F09E1B2BC42DAE25FFBE70773B4A269F88B21EE3D2AA33F75D8F33E09A","ELIGIBLE"
"architecture-unified-synthesis-framework\final-consolidation\ARCHITECTURE_UNIFIED_SYNTHESIS_COMPLETION_RECORD.md","DOCUMENTATION",".md","1287","EC6A7EBC22385AD0FAD5EEF33B006286DECED7B364B81D8CFA9729C06E203A63","ELIGIBLE"
"architecture-unified-synthesis-framework\final-consolidation\ARCHITECTURE_UNIFIED_SYNTHESIS_VALIDATION_REPORT.md","DOCUMENTATION",".md","980","A39A7A77195C2332D2EB384127C44FD9DE1C88C8928D476A4DAEE5E2A812CAD5","ELIGIBLE"
"architecture-unified-synthesis-framework\final-consolidation\COMPLETE_MORNING_STAR_ARCHITECTURE_STATE.md","DOCUMENTATION",".md","1075","ECB7D6BD3569AF433DD2F2FCB544ED6D7ED07435EDEFB01A5E2A2A84EFFED7DB","ELIGIBLE"
"architecture-unified-synthesis-framework\intelligence-layer-dependency-resolution\ARCHITECTURE_ORDERING_MODEL.md","DOCUMENTATION",".md","937","F6A7ACB71217C6B04E955EA737C582231CD44395755E137330453131A4941162","ELIGIBLE"
"architecture-unified-synthesis-framework\intelligence-layer-dependency-resolution\DEPENDENCY_GRAPH.md","DOCUMENTATION",".md","868","F8A7E3B70293785F8291966B46986669E9A5333BB22BCB3DDDB2CF60C95A4AA0","ELIGIBLE"
"architecture-unified-synthesis-framework\intelligence-layer-dependency-resolution\INTELLIGENCE_LAYER_DEPENDENCY_RESOLUTION.md","DOCUMENTATION",".md","1664","7DEDDBE6C80AB87D17C00F37649C29E4263803F5A703B35176A1A9DC725C4CA1","ELIGIBLE"
"architecture-unified-synthesis-framework\morning-star-final-continuum\COMPLETION_RECORD.md","DOCUMENTATION",".md","1018","B32ADC4ECE9D55DFE2575E155F7382F21EDA175C644430BFE0806CBC48E734CA","ELIGIBLE"
"architecture-unified-synthesis-framework\morning-star-final-continuum\FINAL_ARCHITECTURE_STATE.md","DOCUMENTATION",".md","769","26C0B5D0FC26158927FFEBF43E64560EEF69DDE2FD2E517CB2C0B84B88DB1DD1","ELIGIBLE"
"architecture-unified-synthesis-framework\morning-star-final-continuum\MORNING_STAR_FINAL_CONTINUUM.md","DOCUMENTATION",".md","1462","2259F99D8A5B5B2915D264DC7E3DBC0ED1B4D1A5BFAF01CFB37CC2BE25132C11","ELIGIBLE"
"architecture-universal-intelligence-framework\architecture-universal-intelligence-integration-mapping\ARCHITECTURE_UNIVERSAL_INTELLIGENCE_INTEGRATION_MAPPING.md","DOCUMENTATION",".md","1870","EB0ACF253272AF2921E9CAF7DFEE69C5CFEFBE40853F06AA4071CA0B73E2347D","ELIGIBLE"
"architecture-universal-intelligence-framework\architecture-universal-intelligence-integration-mapping\UNIVERSAL_INTELLIGENCE_INTEGRATION_RECORD.md","DOCUMENTATION",".md","1057","818A76C09E4A0A8DA2F5250FCC39A128D678C078C836E4C7816AFA14FA0F4391","ELIGIBLE"
"architecture-universal-intelligence-framework\architecture-universal-intelligence-integration-mapping\UNIVERSAL_INTELLIGENCE_INTEGRATION_STATE_REGISTER.md","DOCUMENTATION",".md","1102","9F9FA1F63FD7087083BB28022DF36EB8C46715775EC294B149CD424ECFC7A45B","ELIGIBLE"
"architecture-universal-intelligence-framework\final-consolidation\ARCHITECTURE_UNIVERSAL_INTELLIGENCE_COMPLETION_RECORD.md","DOCUMENTATION",".md","1169","0460AD190E23A965D6C3830CBA656B282D52FC72A4994A4948DC3D492F62CFDA","ELIGIBLE"
"architecture-universal-intelligence-framework\final-consolidation\ARCHITECTURE_UNIVERSAL_INTELLIGENCE_VALIDATION_REPORT.md","DOCUMENTATION",".md","1117","120C85460E66C22528619701E52D3BCF1DF323F5F54FDD8F1FFC05468919B70D","ELIGIBLE"
"architecture-universal-intelligence-framework\final-consolidation\COMPLETE_UNIVERSAL_INTELLIGENCE_STATE.md","DOCUMENTATION",".md","1184","20752055F72F3B5723CCBB8FBFF83D276EF2A03ACF1A318CBBD75A122C3687F1","ELIGIBLE"
"architecture-universal-intelligence-framework\recursive-universal-intelligence-governance\RECURSIVE_UNIVERSAL_INTELLIGENCE_GOVERNANCE.md","DOCUMENTATION",".md","1907","3B1CBBF3A064C7856F0A05C28452E7A9569BE360634F6C3890F3E85F8BEC95AF","ELIGIBLE"
"architecture-universal-intelligence-framework\recursive-universal-intelligence-governance\UNIVERSAL_INTELLIGENCE_GOVERNANCE_RECORD.md","DOCUMENTATION",".md","1061","6C9523677FB5FD1CDEA25866AD60100FC1A87B130D7D26E3F02F231202E7424C","ELIGIBLE"
"architecture-universal-intelligence-framework\recursive-universal-intelligence-governance\UNIVERSAL_INTELLIGENCE_GOVERNANCE_STATE_REGISTER.md","DOCUMENTATION",".md","1117","E02D6C311B24A114E6087AB8B289D5DEFD5424DF58E60CA8CF252A8DD64B8509","ELIGIBLE"
"architecture-universal-intelligence-framework\unified-universal-intelligence-modeling\UNIFIED_UNIVERSAL_INTELLIGENCE_MODELING.md","DOCUMENTATION",".md","1997","A095CC7E366C176F240C69B6FF96E6C2E88622FAD066A57C215A94F6EA56F7CE","ELIGIBLE"
"architecture-universal-intelligence-framework\unified-universal-intelligence-modeling\UNIVERSAL_INTELLIGENCE_EVOLUTION_RECORD.md","DOCUMENTATION",".md","1070","54DCC11855C3289D7495465BE6D56EC28ADAF89455C3FE356FD6A25DEDDAD61B","ELIGIBLE"
"architecture-universal-intelligence-framework\unified-universal-intelligence-modeling\UNIVERSAL_INTELLIGENCE_STATE_REGISTER.md","DOCUMENTATION",".md","1057","03AA4061F3889C0D402E614A145B446E2F59505290004469BD093941D94DF705","ELIGIBLE"
"architecture-universal-intelligence-framework\universal-architecture-continuum\CONTINUUM_EVOLUTION_RECORD.md","DOCUMENTATION",".md","1036","C93E097F2B355E41C5C005D5CC5E52A46A5888C88DF1ED962F5678C79C9E08F2","ELIGIBLE"
"architecture-universal-intelligence-framework\universal-architecture-continuum\CONTINUUM_STATE_REGISTER.md","DOCUMENTATION",".md","1135","416F5DD0B66AFCB93DCE73EECDE248B9FFBC4ADB520DAB872A513F381716FDA1","ELIGIBLE"
"architecture-universal-intelligence-framework\universal-architecture-continuum\UNIVERSAL_ARCHITECTURE_CONTINUUM.md","DOCUMENTATION",".md","2170","0CE4330980F654ED841B023A32DD706C185FFD3F16EC78B996DBF3CBCA6C7FCA","ELIGIBLE"
"architecture-universal-synthesis-framework\final-consolidation\ARCHITECTURE_UNIVERSAL_SYNTHESIS_COMPLETION_RECORD.md","DOCUMENTATION",".md","1120","D922369A0E5150D39600E4A7A0185B23B945CFA230A581C1320F9D2BEE538E37","ELIGIBLE"
"architecture-universal-synthesis-framework\final-consolidation\ARCHITECTURE_UNIVERSAL_SYNTHESIS_VALIDATION_REPORT.md","DOCUMENTATION",".md","1035","5EF90075113ABBE8DBCC76994968C3771FDF9D4B24B172B296C20ECD5FEB4E5A","ELIGIBLE"
"architecture-universal-synthesis-framework\final-consolidation\COMPLETE_UNIVERSAL_SYNTHESIS_STATE.md","DOCUMENTATION",".md","1040","82C53F8289785696EADFB2FB769AC047D5CAFD017B80C0969DABC3387AA43ACC","ELIGIBLE"
"architecture-universal-synthesis-framework\global-intelligence-relationship-model\GLOBAL_INTELLIGENCE_RELATIONSHIP_MODEL.md","DOCUMENTATION",".md","1810","966FFF12CC1AEB36B711F28352ECF30833393B7B0AD0932CB50DFE560859E81A","ELIGIBLE"
"architecture-universal-synthesis-framework\global-intelligence-relationship-model\RELATIONSHIP_EVOLUTION_RECORD.md","DOCUMENTATION",".md","1026","58026C8DEA6B668AA3D83AEC225CF905347B708E0133A984CD44AEAED8E51824","ELIGIBLE"
"architecture-universal-synthesis-framework\global-intelligence-relationship-model\RELATIONSHIP_STATE_REGISTER.md","DOCUMENTATION",".md","1076","99C3F91BBEEBD7EB142AF69902368D8C9BA54AB4BE1BDEFA73899965C25C24A7","ELIGIBLE"
"architecture-universal-synthesis-framework\recursive-universal-governance\GOVERNANCE_EVOLUTION_RECORD.md","DOCUMENTATION",".md","992","8663F031F57EC3B6A99E307FF49468F8B3D2CF9D168EC151D042608C1A6BC22A","ELIGIBLE"
"architecture-universal-synthesis-framework\recursive-universal-governance\GOVERNANCE_STATE_REGISTER.md","DOCUMENTATION",".md","1079","245DE86DD64F265652ED55528D0F8E2379A4B3A664BBCD146D23BE92D29653E4","ELIGIBLE"
"architecture-universal-synthesis-framework\recursive-universal-governance\RECURSIVE_UNIVERSAL_GOVERNANCE.md","DOCUMENTATION",".md","1846","6957B6C0A80B76756E14E80A73FA0373CCF5BECE997DED5C10C57EDEAE8A55B1","ELIGIBLE"
"architecture-universal-synthesis-framework\universal-architecture-continuity\UNIVERSAL_ARCHITECTURE_CONTINUITY.md","DOCUMENTATION",".md","1865","7AD9ED78C331AB218A460927027874691D3B1809B2A71BC95E01B014AC9E9D9B","ELIGIBLE"
"architecture-universal-synthesis-framework\universal-architecture-continuity\UNIVERSAL_CONTINUITY_EVOLUTION_RECORD.md","DOCUMENTATION",".md","1025","F8E6244723EFDBD2116CBAF1AB417B2D2C1FCBD7CE0614D5D412B464A0946D27","ELIGIBLE"
"architecture-universal-synthesis-framework\universal-architecture-continuity\UNIVERSAL_CONTINUITY_STATE_REGISTER.md","DOCUMENTATION",".md","1110","07179D9CF0697C49DA8B08334404AA93940B4A0EC4E7BE38992293649F64985F","ELIGIBLE"
"architecture-universal-synthesis-framework\universal-architecture-mapping\MAPPING_EVOLUTION_RECORD.md","DOCUMENTATION",".md","1001","CB35BC7FB8609F2EF8D9625DB66605B5B5DD38B5E495F2152D06038814A53C55","ELIGIBLE"
"architecture-universal-synthesis-framework\universal-architecture-mapping\MAPPING_STATE_REGISTER.md","DOCUMENTATION",".md","1026","EDA1162F29365C58C5831FC580735204B7CF717D5B23793B0B844AE88361C588","ELIGIBLE"
"architecture-universal-synthesis-framework\universal-architecture-mapping\UNIVERSAL_ARCHITECTURE_MAPPING.md","DOCUMENTATION",".md","1806","5767766C14EA2F009172F4A839AF391048BC17270207720AE9C191197972F414","ELIGIBLE"
"audit\CONSTITUTIONAL_AUDIT_REPORT.md","DOCUMENTATION",".md","2546","01F1CFBA41EE70054B04A3D9D54004C075DC1A24E77D191B6EA3F856398928EB","ELIGIBLE"
"autonomous-ecosystem-architecture\autonomous-civilization-infrastructure-model\AUTONOMOUS_CIVILIZATION_INFRASTRUCTURE_MODEL.md","DOCUMENTATION",".md","1474","8D28DA2D4C0BA45ECD9E38449F826B73259C29229CA1CE691449894D230F0A71","ELIGIBLE"
"autonomous-ecosystem-architecture\autonomous-civilization-infrastructure-model\INFRASTRUCTURE_EVOLUTION_RECORD.md","DOCUMENTATION",".md","1027","11521361A3252848CEF8E88EC32C6C70D22BDFFBB0992025973E2AD369B8AA1E","ELIGIBLE"
"autonomous-ecosystem-architecture\autonomous-civilization-infrastructure-model\INFRASTRUCTURE_STATE_REGISTER.md","DOCUMENTATION",".md","1049","F9658D0254313A75259DB8A8781F844CF2BD8539EBC65F3204CF302E495D9AF0","ELIGIBLE"
"autonomous-ecosystem-architecture\autonomous-system-integration\AUTONOMOUS_SYSTEM_EVOLUTION_RECORD.md","DOCUMENTATION",".md","989","FDDA8270E9EA818925420E7230E2F7610B5D38D61C8B368DF78CF69FEC71382A","ELIGIBLE"
"autonomous-ecosystem-architecture\autonomous-system-integration\AUTONOMOUS_SYSTEM_INTEGRATION.md","DOCUMENTATION",".md","1298","36F82CF2B3415582D3D44040330F0C6E0968A24AB506DD5D56AD928AE1AD5FE3","ELIGIBLE"
"autonomous-ecosystem-architecture\autonomous-system-integration\AUTONOMOUS_SYSTEM_STATE_REGISTER.md","DOCUMENTATION",".md","971","82E906E887F5B1ADE9397A92DC10FA554D12058CD3112FFC65E8ECC5AB95FFA7","ELIGIBLE"
"autonomous-ecosystem-architecture\distributed-intelligence-ecosystem-expansion\DISTRIBUTED_INTELLIGENCE_ECOSYSTEM_EXPANSION.md","DOCUMENTATION",".md","1343","3809A16943A7F39733AD7D8339B769729E8473AF8C932D089631523949D15651","ELIGIBLE"
"autonomous-ecosystem-architecture\distributed-intelligence-ecosystem-expansion\DISTRIBUTION_EVOLUTION_RECORD.md","DOCUMENTATION",".md","999","27E3E5DBE11DD4CBDC25972AEC5B441D3948F8CC09F4D9CA5F1058B909EE76BB","ELIGIBLE"
"autonomous-ecosystem-architecture\distributed-intelligence-ecosystem-expansion\DISTRIBUTION_STATE_REGISTER.md","DOCUMENTATION",".md","1027","DDA9772867AD0326E5434BF78DE0811DC0D47AC6B6824A80711296DFD45E6129","ELIGIBLE"
"autonomous-ecosystem-architecture\final-consolidation\AUTONOMOUS_ECOSYSTEM_COMPLETION_RECORD.md","DOCUMENTATION",".md","1141","23A22F1E7DA125D5B787F3C35EB274F53096E0E4035CEACD8AA33DE4BF642CA3","ELIGIBLE"
"autonomous-ecosystem-architecture\final-consolidation\AUTONOMOUS_ECOSYSTEM_VALIDATION_REPORT.md","DOCUMENTATION",".md","975","3E1B2727B03E51F053E4BEC92D8EC4EA88461F2C3BF873BA9B0E521EB80B2B33","ELIGIBLE"
"autonomous-ecosystem-architecture\final-consolidation\COMPLETE_AUTONOMOUS_ECOSYSTEM_STATE.md","DOCUMENTATION",".md","967","E025EED7D9AFC82FE20C6EC7686022A4CCAB041CDB0AF7C5C5865541716F57BD","ELIGIBLE"
"autonomous-ecosystem-architecture\self-optimizing-architecture-management\OPTIMIZATION_EVOLUTION_RECORD.md","DOCUMENTATION",".md","964","4CAE8FF58C6529491E3C4FA8B432A61ADF26CB391EC3B0C69A767DA275A5EC28","ELIGIBLE"
"autonomous-ecosystem-architecture\self-optimizing-architecture-management\OPTIMIZATION_STATE_REGISTER.md","DOCUMENTATION",".md","971","64493D14266E6C93E614B6B94C4C804A89E5FCE2495CECE6B5B80CC946A9F498","ELIGIBLE"
"autonomous-ecosystem-architecture\self-optimizing-architecture-management\SELF_OPTIMIZING_ARCHITECTURE_MANAGEMENT.md","DOCUMENTATION",".md","1293","450B736AC62460712A2264818E02C89890E02D781AFF9A1D0879655588A57AEA","ELIGIBLE"
"autonomous-evolution\adaptive-governance-intelligence\ADAPTATION_DECISION_RECORD.md","DOCUMENTATION",".md","729","0F42592252685A0CEC2C3A75B1755D46C32890240BF8E765EDF14D774B85B32D","ELIGIBLE"
"autonomous-evolution\adaptive-governance-intelligence\ADAPTIVE_GOVERNANCE_INTELLIGENCE_MODEL.md","DOCUMENTATION",".md","937","A9DA55ACAA82759C229360994659CD3B513A2831693AA8064356C19EB319F507","ELIGIBLE"
"autonomous-evolution\adaptive-governance-intelligence\GOVERNANCE_LEARNING_REGISTER.md","DOCUMENTATION",".md","736","81B63745C416BD28FA7E3BED24341405A75345A844F033461FAB0AD49567BDCD","ELIGIBLE"
"autonomous-evolution\evolution-memory-architecture\EVOLUTION_HISTORY_RECORD.md","DOCUMENTATION",".md","740","94AA9B1FACAF6C19CA06D6031DB9D48C508CC84A3647C117BBE8B56880EA4174","ELIGIBLE"
"autonomous-evolution\evolution-memory-architecture\EVOLUTION_MEMORY_MODEL.md","DOCUMENTATION",".md","816","A2A973AD3099BC6451DDD658F4999D1132F6E62B61AF68FB6512A365E6F7B12E","ELIGIBLE"
"autonomous-evolution\evolution-memory-architecture\KNOWLEDGE_CONTINUITY_REGISTER.md","DOCUMENTATION",".md","762","13C7B14591A784A81B9F37789B91134BDB25C09FFBE1873837541FE61F387771","ELIGIBLE"
"autonomous-evolution\final-consolidation\AUTONOMOUS_EVOLUTION_COMPLETION_RECORD.md","DOCUMENTATION",".md","833","3579308523ADD9DA1CA4784F50C675DFE7DE75BAFB4DF1E9E8D231BD22E3A22D","ELIGIBLE"
"autonomous-evolution\final-consolidation\AUTONOMOUS_EVOLUTION_VALIDATION_REPORT.md","DOCUMENTATION",".md","848","A4C69A2E7072FF2A3826D63A0C2BC5C546930889912F73DD82C68025DD4F9D7E","ELIGIBLE"
"autonomous-evolution\final-consolidation\LONG_TERM_EVOLUTION_MODEL.md","DOCUMENTATION",".md","709","4E927D9287275D3C2DB0C5695186B1E73842C050F1FDC6A1CAE6846E2782AF4C","ELIGIBLE"
"autonomous-evolution\recursive-ecosystem-optimization\OPTIMIZATION_FEEDBACK_REGISTER.md","DOCUMENTATION",".md","766","391DE2E113A2160500EE7AEA194DAE9AC62A1074448743DAA9E437DB35133747","ELIGIBLE"
"autonomous-evolution\recursive-ecosystem-optimization\RECURSIVE_OPTIMIZATION_MODEL.md","DOCUMENTATION",".md","899","E806304FA35AB6A7C80C6037CF53A9DB2C4C1AA6FAB13A47DDF7A13D8A0AA250","ELIGIBLE"
"autonomous-evolution\recursive-ecosystem-optimization\SYSTEM_EVOLUTION_RECORD.md","DOCUMENTATION",".md","793","46903115C8A0BC535A9C0805C834B158BCE0872FE6382E6DF3F442D8CBF884FF","ELIGIBLE"
"autonomous-evolution\self-improving-validation-systems\SELF_IMPROVING_VALIDATION_MODEL.md","DOCUMENTATION",".md","930","C1B6F3ABD743E6F6AA38B956F03A6781706C8172EB8A300796EA72A26A16C9CB","ELIGIBLE"
"autonomous-evolution\self-improving-validation-systems\VALIDATION_ADAPTATION_RECORD.md","DOCUMENTATION",".md","774","7E18F6D64DADFF35EE6E5EC86DCF4E9668E9402D76499705778658F1392257F0","ELIGIBLE"
"autonomous-evolution\self-improving-validation-systems\VALIDATION_EVOLUTION_REGISTER.md","DOCUMENTATION",".md","776","AF0AD2E9B03BB01074D2DE647155BEA73060D4E95D66303EE1B11D5172EA3AB8","ELIGIBLE"
"autonomous-evolution-governance\autonomous-evolutionary-ecosystem\AUTONOMOUS_EVOLUTIONARY_ECOSYSTEM.md","DOCUMENTATION",".md","1090","E7D543AD22945158D53DB93E1B75D25E0EDF4EDC7B29422E6362807A7FB6765B","ELIGIBLE"
"autonomous-evolution-governance\autonomous-evolutionary-ecosystem\EVOLUTIONARY_ECOSYSTEM_EVOLUTION_RECORD.md","DOCUMENTATION",".md","865","DF0E721C2E21F3CBC88061575CC0EE104C77D33BA0A942FA7512FE890A7E8BDF","ELIGIBLE"
"autonomous-evolution-governance\autonomous-evolutionary-ecosystem\EVOLUTIONARY_ECOSYSTEM_STATE_REGISTER.md","DOCUMENTATION",".md","968","BAD3FE2B83ECD196A5750FCA8540C27FCFC3268AC7800A1E2BAD99D69983C46A","ELIGIBLE"
"autonomous-evolution-governance\autonomous-governance-operations\AUTONOMOUS_GOVERNANCE_OPERATIONS.md","DOCUMENTATION",".md","1116","F64762AAE359AFA6922B545D36F3D6807DB2078411DC223065A714CA4B87C2F4","ELIGIBLE"
"autonomous-evolution-governance\autonomous-governance-operations\GOVERNANCE_OPERATIONS_EVOLUTION_RECORD.md","DOCUMENTATION",".md","869","C8FB93CB0590C38D0F0961898DC4D972FD43A399D973D0035E56EB479452B31F","ELIGIBLE"
"autonomous-evolution-governance\autonomous-governance-operations\GOVERNANCE_OPERATIONS_STATE_REGISTER.md","DOCUMENTATION",".md","905","908C118FD9F52004603B7D1EEBFF5E4E71DE59F2249CD7BEDCE836CF51E00AE2","ELIGIBLE"
"autonomous-evolution-governance\final-consolidation\AUTONOMOUS_EVOLUTION_GOVERNANCE_COMPLETION_RECORD.md","DOCUMENTATION",".md","1006","22964C818810F886F3A95E716944E3193C3E6B5745197E2CBACD18A494712B30","ELIGIBLE"
"autonomous-evolution-governance\final-consolidation\AUTONOMOUS_EVOLUTION_GOVERNANCE_VALIDATION_REPORT.md","DOCUMENTATION",".md","994","54BE382EAE527FA6C961896ED038788EBE33C27CC73CE03F82534865A5A27DBD","ELIGIBLE"
"autonomous-evolution-governance\final-consolidation\COMPLETE_AUTONOMOUS_EVOLUTION_GOVERNANCE_REFERENCE_STATE.md","DOCUMENTATION",".md","1038","AA9720DBBF1580C7D3DCB9C7E2DD451CDF30387A41AD42794B22B681EBED3B73","ELIGIBLE"
"autonomous-evolution-governance\recursive-intelligence-governance\INTELLIGENCE_GOVERNANCE_EVOLUTION_RECORD.md","DOCUMENTATION",".md","887","870B9CB7B493234CE85E63A2A995EDE004EE5BB124758EADEC67136566C6AAA1","ELIGIBLE"
"autonomous-evolution-governance\recursive-intelligence-governance\INTELLIGENCE_GOVERNANCE_STATE_REGISTER.md","DOCUMENTATION",".md","971","4C5A734353C1A2D8189E144C001506CFDEBD107E1E800F0A5DBDC4E7F23A9BCA","ELIGIBLE"
"autonomous-evolution-governance\recursive-intelligence-governance\RECURSIVE_INTELLIGENCE_GOVERNANCE.md","DOCUMENTATION",".md","1112","F7E720DD9E2EBAA9B89A8609B0D926D56AB672BF00B31AB27C114E2670F66987","ELIGIBLE"
"autonomous-evolution-governance\self-adaptive-architecture-control\ARCHITECTURE_CONTROL_EVOLUTION_RECORD.md","DOCUMENTATION",".md","874","3D608FA31413D1F36D1934489013A6D05996D1CF657AACD607FE1668A2365994","ELIGIBLE"
"autonomous-evolution-governance\self-adaptive-architecture-control\ARCHITECTURE_CONTROL_STATE_REGISTER.md","DOCUMENTATION",".md","924","85A42E311579B7FC32AE503CC57A9747FBF49FE3D2598EAC6DD4AD4206F40C78","ELIGIBLE"
"autonomous-evolution-governance\self-adaptive-architecture-control\SELF_ADAPTIVE_ARCHITECTURE_CONTROL.md","DOCUMENTATION",".md","1122","71271F49E6FD329ADC2F6BAB75F7A0CE252879397773C724E66C102715716674","ELIGIBLE"
"autonomous-governance\constitutional-runtime\CONSTITUTIONAL_RUNTIME_MODEL.md","DOCUMENTATION",".md","820","72A92F1685239833AAC200866D4F9386AFC1E67BF67A5AF7DDC8AE9BE791D72D","ELIGIBLE"
"autonomous-governance\constitutional-runtime\CONSTITUTIONAL_STATE_MODEL.md","DOCUMENTATION",".md","720","DDB4D81316E2690237DA15C0EF1407DBA918BCB828865210AF8AD81345FD01F0","ELIGIBLE"
"autonomous-governance\constitutional-runtime\INVARIANT_EXECUTION_MODEL.md","DOCUMENTATION",".md","706","492ABE078A4B5A76D4B4CCB198575EC305C2BBCF296278B9631A0F4407B1F3D6","ELIGIBLE"
"autonomous-governance\governance-intelligence\DECISION_ANALYSIS_MODEL.md","DOCUMENTATION",".md","683","88FC1EF43CF70E5379A2812F3406BDC697E6482E84C272C8818EFE7254425323","ELIGIBLE"
"autonomous-governance\governance-intelligence\GOVERNANCE_INTELLIGENCE_MODEL.md","DOCUMENTATION",".md","806","F86C0F7FE8ED6ED066279342BDAA05E759D8BD95AE1088C1BB1B020E0CF8F473","ELIGIBLE"
"autonomous-governance\governance-intelligence\GOVERNANCE_REASONING_FRAMEWORK.md","DOCUMENTATION",".md","729","3EA592BBA76DCCE5E65C25312F7BF6F1231935322291C24B71D2FF8BCBC88A8F","ELIGIBLE"
"autonomous-governance\governance-monitoring\COMPLIANCE_SIGNAL_MODEL.md","DOCUMENTATION",".md","718","E6268DFC37ED439C70624500435D4F34E70B8E3DEA8FEDD30EA27C10C8029344","ELIGIBLE"
"autonomous-governance\governance-monitoring\GOVERNANCE_HEALTH_MODEL.md","DOCUMENTATION",".md","737","440499E8AFF9FA1B60524C3187A5F1B2C76634DAF48ADD154C0596D3FBC23390","ELIGIBLE"
"autonomous-governance\governance-monitoring\GOVERNANCE_MONITORING_MODEL.md","DOCUMENTATION",".md","795","93A769304D8F78575F35F1494C650B0A6284373A5B010801A034D6600642D206","ELIGIBLE"
"autonomous-governance\policy-automation\POLICY_AUTOMATION_MODEL.md","DOCUMENTATION",".md","794","F171CE41CD4B005C40FA9E4DFE632385BF882F11999D6B8D92B5E82341EE586F","ELIGIBLE"
"autonomous-governance\policy-automation\POLICY_CHANGE_ENGINE_MODEL.md","DOCUMENTATION",".md","687","96B2EB77C5EB8D511FD78264B7B55B0801A1F814EFD3CA122C84EFC0F9A40D7B","ELIGIBLE"
"autonomous-governance\policy-automation\POLICY_VALIDATION_FRAMEWORK.md","DOCUMENTATION",".md","763","3477801A63E4CB2685E631C53D5CF80DA8ACB7B38D62548C7854346CC4F1EFF6","ELIGIBLE"
"autonomous-governance\stewardship-automation\CONTINUITY_AUTOMATION_MODEL.md","DOCUMENTATION",".md","749","EFA817144666751EFF7C564A018D1BF84BEB9E162C25B34C88E6D220C0750237","ELIGIBLE"
"autonomous-governance\stewardship-automation\KNOWLEDGE_STEWARDSHIP_MODEL.md","DOCUMENTATION",".md","803","9BB17909EAD55A9310F223DE4BA23338E7546051540866B0CCCBA609B57D29C8","ELIGIBLE"
"autonomous-governance\stewardship-automation\STEWARDSHIP_AUTOMATION_MODEL.md","DOCUMENTATION",".md","830","6B9E4E4D0112ED3A3E34579671834B856A0950845E81B38C49DB27CF8A88887F","ELIGIBLE"
"autonomous-intelligence\agent-coordination\AGENT_COORDINATION_MODEL.md","DOCUMENTATION",".md","763","BAA40A2BE6216253C598209E897B76B40018EF99333E4E731F12751D8F91C7D5","ELIGIBLE"
"autonomous-intelligence\agent-coordination\AGENT_ROLE_MODEL.md","DOCUMENTATION",".md","659","DD18CFC21E3F1673B5E93B79787FCDF04503DA70FFB41A12BBCD4D09CFD54433","ELIGIBLE"
"autonomous-intelligence\agent-coordination\MULTI_AGENT_INTERACTION_FRAMEWORK.md","DOCUMENTATION",".md","686","9548C53C933C7EF6BCC73F15AF493EEE2C9FD376E8969108FBECF97A5C46178E","ELIGIBLE"
"autonomous-intelligence\autonomous-analysis\ANALYTICAL_REASONING_MODEL.md","DOCUMENTATION",".md","743","D5ABD0B01F7B9C9A87056741E9DA290F3ACE9F7EBAE4180BA7A778A7F29D7C9A","ELIGIBLE"
"autonomous-intelligence\autonomous-analysis\AUTONOMOUS_ANALYSIS_MODEL.md","DOCUMENTATION",".md","811","B3151AF212FBD4773DAA279DDE6EB39E4A27E034EDCDF64D9B529DFD470883C3","ELIGIBLE"
"autonomous-intelligence\autonomous-analysis\PATTERN_DISCOVERY_FRAMEWORK.md","DOCUMENTATION",".md","730","EA56697FB443CB4F641C1DA433F736EFAE35737C3E6918A970DCB99993D2C5B5","ELIGIBLE"
"autonomous-intelligence\decision-automation\ACTION_SELECTION_FRAMEWORK.md","DOCUMENTATION",".md","714","9E91DA8AB54E56F2F02466C8FF5586F9CAB0BA2C059E6A9056C4F6A655EBC053","ELIGIBLE"
"autonomous-intelligence\decision-automation\DECISION_AUTOMATION_MODEL.md","DOCUMENTATION",".md","761","0BEE38A717C25F0D5CD32628E93862B7F001CD7B99D71ED370AA8B10C1112EAF","ELIGIBLE"
"autonomous-intelligence\decision-automation\DECISION_VERIFICATION_MODEL.md","DOCUMENTATION",".md","711","A8CB54A310E69C4480C5C9E48737CF6EA172903D197BF234AFE44131B92A0895","ELIGIBLE"
"autonomous-intelligence\intelligence-core\INTELLIGENCE_CORE_MODEL.md","DOCUMENTATION",".md","832","780B01F47354A351B9CD80613C4276F7A4084EB06370EC099A604AE3F3A0B168","ELIGIBLE"
"autonomous-intelligence\intelligence-core\INTELLIGENCE_PROCESSING_FRAMEWORK.md","DOCUMENTATION",".md","736","48774F8C5FB9275C719B407F88DAD83DAE8F690A446D1B925DBE00C1407740DE","ELIGIBLE"
"autonomous-intelligence\intelligence-core\INTELLIGENCE_STATE_MODEL.md","DOCUMENTATION",".md","707","5D86B1F4F37EADED7A5A39333AC98886535A4E8715D4C4E22414CAC4F3608009","ELIGIBLE"
"autonomous-intelligence\intelligence-governance\AUTONOMOUS_BOUNDARY_MODEL.md","DOCUMENTATION",".md","709","8846AC48A388D687BFAD3362B0429B13D8680549CACD21C26E7D5C7B34F95E28","ELIGIBLE"
"autonomous-intelligence\intelligence-governance\INTELLIGENCE_AUDIT_MODEL.md","DOCUMENTATION",".md","715","BF8F76326003832A22551CD1437EC552B83463985AE645FE078EC8BBD9BBA2FC","ELIGIBLE"
"autonomous-intelligence\intelligence-governance\INTELLIGENCE_GOVERNANCE_MODEL.md","DOCUMENTATION",".md","847","286C9A3779E0C843C16586EAE76886A84B340C8E5F7DC9132BB58A53F22ABCA2","ELIGIBLE"
"autonomous-systems-architecture\adaptive-operational-intelligence\ADAPTIVE_OPERATIONAL_INTELLIGENCE.md","DOCUMENTATION",".md","1077","73749CBA4BA054AB652FE7F6AE49E174ECAE019E5924AF7B3AF348318C21B48D","ELIGIBLE"
"autonomous-systems-architecture\adaptive-operational-intelligence\OPERATIONAL_EVOLUTION_RECORD.md","DOCUMENTATION",".md","856","7429285A0F3B3D95C03803FFCA62C86FFADC303C14B50A80452643FC090C164E","ELIGIBLE"
"autonomous-systems-architecture\adaptive-operational-intelligence\OPERATIONAL_INTELLIGENCE_REGISTER.md","DOCUMENTATION",".md","904","C09C275B98B4F903708F0DB557230703CEA9312649B20D97A5C9299091824F51","ELIGIBLE"
"autonomous-systems-architecture\autonomous-ecosystem-runtime\AUTONOMOUS_ECOSYSTEM_RUNTIME.md","DOCUMENTATION",".md","1044","8576FC997B78EC6E8B7ABBC9EC0D9ACEE67C9F74D0BB0F8FCA8B55A1B2052A50","ELIGIBLE"
"autonomous-systems-architecture\autonomous-ecosystem-runtime\RUNTIME_EVOLUTION_RECORD.md","DOCUMENTATION",".md","814","93080CEF37DC312D0708036C784C7E3DE14053F38CD885269EEBC8E10A577C02","ELIGIBLE"
"autonomous-systems-architecture\autonomous-ecosystem-runtime\RUNTIME_STATE_REGISTER.md","DOCUMENTATION",".md","854","7A6D2908C683D3C125987F359FC76C3EB95EA143DF567FAEECDCEA7818E69AB8","ELIGIBLE"
"autonomous-systems-architecture\autonomous-execution-framework\AUTONOMOUS_EXECUTION_FRAMEWORK.md","DOCUMENTATION",".md","1052","CA99393FC979854A68B041418E9DAF4B85B2632D25347731DAEC5E1107FD310B","ELIGIBLE"
"autonomous-systems-architecture\autonomous-execution-framework\EXECUTION_EVOLUTION_RECORD.md","DOCUMENTATION",".md","825","1838344527D01A4173CCA42416251A994C98B032BE3447A6FEF698218DCC1EFF","ELIGIBLE"
"autonomous-systems-architecture\autonomous-execution-framework\EXECUTION_STATE_REGISTER.md","DOCUMENTATION",".md","802","D8165821919B9C7A276E6D8A1E86EDFF271365C2E6377B38CABE75D6F5F9C303","ELIGIBLE"
"autonomous-systems-architecture\final-consolidation\AUTONOMOUS_SYSTEMS_COMPLETION_RECORD.md","DOCUMENTATION",".md","972","FB94C98940C2413B9B068633F20298165E215BC699A005B9FEAF6A81A2BE5267","ELIGIBLE"
"autonomous-systems-architecture\final-consolidation\AUTONOMOUS_SYSTEMS_VALIDATION_REPORT.md","DOCUMENTATION",".md","870","0612092E23CFD443ED19B0412F9EF41136CE8CD26AF6356EF30CE8863650722C","ELIGIBLE"
"autonomous-systems-architecture\final-consolidation\COMPLETE_AUTONOMOUS_ARCHITECTURE_REFERENCE_STATE.md","DOCUMENTATION",".md","936","B13C064295D86D0C7F3E6AADE940C85E05B17659551B0815941392A8FFCE7820","ELIGIBLE"
"autonomous-systems-architecture\self-governing-system-architecture\GOVERNANCE_EVOLUTION_RECORD.md","DOCUMENTATION",".md","834","A2B381FEC75333099EA27F3813F561FA72C44816075DB6E9A2D82C8EED3F35FD","ELIGIBLE"
"autonomous-systems-architecture\self-governing-system-architecture\GOVERNANCE_STATE_REGISTER.md","DOCUMENTATION",".md","857","F1BF84CB9C86B3FB11F67073D10446A0A75ED43A7963F79BB4C6D33AA47C3ABA","ELIGIBLE"
"autonomous-systems-architecture\self-governing-system-architecture\SELF_GOVERNING_SYSTEM_ARCHITECTURE.md","DOCUMENTATION",".md","1053","4771801B507C777693A658EC085202B61F7D179DA400D9C15A31FAF769457168","ELIGIBLE"
"cognitive-architecture-evolution\adaptive-knowledge-intelligence\ADAPTIVE_KNOWLEDGE_INTELLIGENCE.md","DOCUMENTATION",".md","949","D1C21B5632BA9BB644CA5B5D1707015F32E435A713534CF9CC3157E2961BBFE0","ELIGIBLE"
"cognitive-architecture-evolution\adaptive-knowledge-intelligence\KNOWLEDGE_INTELLIGENCE_EVOLUTION_RECORD.md","DOCUMENTATION",".md","819","96AD45EF11225E3DD7BD4974ABAF1DCEAF40852E1CB8BDAC20D7EF01FD550F3D","ELIGIBLE"
"cognitive-architecture-evolution\adaptive-knowledge-intelligence\KNOWLEDGE_INTELLIGENCE_REGISTER.md","DOCUMENTATION",".md","844","9E814EF572439730AB57B88862DC34331019A8EE90E415612F4BB3E0CC02A001","ELIGIBLE"
"cognitive-architecture-evolution\autonomous-cognitive-ecosystem\AUTONOMOUS_COGNITIVE_ECOSYSTEM.md","DOCUMENTATION",".md","0","E3B0C44298FC1C149AFBF4C8996FB92427AE41E4649B934CA495991B7852B855","ELIGIBLE"
"cognitive-architecture-evolution\autonomous-cognitive-ecosystem\COGNITIVE_ECOSYSTEM_EVOLUTION_RECORD.md","DOCUMENTATION",".md","0","E3B0C44298FC1C149AFBF4C8996FB92427AE41E4649B934CA495991B7852B855","ELIGIBLE"
"cognitive-architecture-evolution\autonomous-cognitive-ecosystem\COGNITIVE_ECOSYSTEM_STATE_REGISTER.md","DOCUMENTATION",".md","0","E3B0C44298FC1C149AFBF4C8996FB92427AE41E4649B934CA495991B7852B855","ELIGIBLE"
"cognitive-architecture-evolution\cognitive-framework-integration\COGNITIVE_FRAMEWORK_EVOLUTION_RECORD.md","DOCUMENTATION",".md","841","311382788EF693C6EB7A8AC54D0AEE4F8D520ECB9FA9655F8CAF7249C27E6829","ELIGIBLE"
"cognitive-architecture-evolution\cognitive-framework-integration\COGNITIVE_FRAMEWORK_INTEGRATION.md","DOCUMENTATION",".md","1039","C90A7644610C67CB59F002A802D7B211F1FD4C822088018107EB61FCB78A99A8","ELIGIBLE"
"cognitive-architecture-evolution\cognitive-framework-integration\COGNITIVE_FRAMEWORK_STATE_REGISTER.md","DOCUMENTATION",".md","845","1ABC2A76E7BEFDF55B7202C2C03F8CFFD03A3E0228C5EA925CA6BC6A1F47626A","ELIGIBLE"
"cognitive-architecture-evolution\final-consolidation\COGNITIVE_EVOLUTION_COMPLETION_RECORD.md","DOCUMENTATION",".md","966","5950CA6DE5440AE53F3623F78745AFE9FB8611EE25402D04DD3AF7010E447B1B","ELIGIBLE"
"cognitive-architecture-evolution\final-consolidation\COGNITIVE_EVOLUTION_VALIDATION_REPORT.md","DOCUMENTATION",".md","888","4D09B69B4B202E226A8C34CA82D7EBB4F54D34910F73E708D6B606B825BB3F83","ELIGIBLE"
"cognitive-architecture-evolution\final-consolidation\COMPLETE_COGNITIVE_ARCHITECTURE_REFERENCE_STATE.md","DOCUMENTATION",".md","971","287EE66D023A3227325144329D6820BC77A3ACCA7FF5EF79FA561FFB861E5D10","ELIGIBLE"
"cognitive-architecture-evolution\recursive-learning-architecture\LEARNING_EVOLUTION_RECORD.md","DOCUMENTATION",".md","785","FC73A370ABC8F7FBD5905B69CDFDB4899AD5BEB08DC0EC77D07FDA4D3EB42E6C","ELIGIBLE"
"cognitive-architecture-evolution\recursive-learning-architecture\LEARNING_STATE_REGISTER.md","DOCUMENTATION",".md","813","D7A2C6009048CACB3093D5C09FC712085AF8225F2F220BA8F81AC145BFA111FD","ELIGIBLE"
"cognitive-architecture-evolution\recursive-learning-architecture\RECURSIVE_LEARNING_ARCHITECTURE.md","DOCUMENTATION",".md","976","7668582FB65BD4E2F62A9AF73B39CD4F3A4D0D82B70FE490C9A1F8176A54EFF1","ELIGIBLE"
"cognitive-infrastructure\cognitive-memory\COGNITIVE_MEMORY_MODEL.md","DOCUMENTATION",".md","797","3D5B5374AF302AB93B7E56460CE8A67765759DD7AE9BFEDF21F1BC1DBAC44C60","ELIGIBLE"
"cognitive-infrastructure\cognitive-memory\CONTEXT_RETENTION_MODEL.md","DOCUMENTATION",".md","757","A13F5E097612877C4E4D8AC461DF58C9C82BF5A0D13791DFA49A9A1AE9469AD5","ELIGIBLE"
"cognitive-infrastructure\cognitive-memory\KNOWLEDGE_RECALL_FRAMEWORK.md","DOCUMENTATION",".md","692","D11868E14270E0C3374AE8CDCC92CCF8D7774C3BF3B0A6358004D5F764F29176","ELIGIBLE"
"cognitive-infrastructure\knowledge-processing\INFORMATION_TRANSFORMATION_MODEL.md","DOCUMENTATION",".md","752","A9CBE693278227938FDE73F51F72B5B52B4BFE7C24069E18F2E9CC67D51E8395","ELIGIBLE"
"cognitive-infrastructure\knowledge-processing\KNOWLEDGE_CLASSIFICATION_FRAMEWORK.md","DOCUMENTATION",".md","773","C500E49F1AD6740F7FF7E3C444008B62564BB6439E1278DCAD88E824281022E7","ELIGIBLE"
"cognitive-infrastructure\knowledge-processing\KNOWLEDGE_PROCESSING_MODEL.md","DOCUMENTATION",".md","777","99ADF2DC422EFEE50126597214DACC06EF09F6A844D521298B3567F7A36A3D86","ELIGIBLE"
"cognitive-infrastructure\learning-systems\ADAPTIVE_LEARNING_FRAMEWORK.md","DOCUMENTATION",".md","737","1B598D6356869479BDFA425661DC1AEFBD7DDEAAC5467388776AFCFC2E9CA8A4","ELIGIBLE"
"cognitive-infrastructure\learning-systems\KNOWLEDGE_IMPROVEMENT_MODEL.md","DOCUMENTATION",".md","742","2B0146031D4F9236AA476C3A0F41A28F34618B75FDE135F23F38F57EB00BE34D","ELIGIBLE"
"cognitive-infrastructure\learning-systems\LEARNING_SYSTEM_MODEL.md","DOCUMENTATION",".md","725","3F42CF177842E89D5B918087A24000FFD343B535EF87DD46D4445EEC44121B72","ELIGIBLE"
"cognitive-infrastructure\reasoning-framework\DECISION_REASONING_MODEL.md","DOCUMENTATION",".md","761","A8A76BA6EBFCD0EE15CFB3884D002ECF0764097C0C45016BEE5BF91512575824","ELIGIBLE"
"cognitive-infrastructure\reasoning-framework\LOGICAL_ALIGNMENT_FRAMEWORK.md","DOCUMENTATION",".md","719","F9C5B9EBE8FBE8360BF354DB9931C24C9B202FAAF8768975B635E1D43B30650E","ELIGIBLE"
"cognitive-infrastructure\reasoning-framework\REASONING_FRAMEWORK_MODEL.md","DOCUMENTATION",".md","774","62D374B84DE71F5DC0E1D0A38A5EE5CC0D1F4A00E07BEEBE8F8E32251A2A04D6","ELIGIBLE"
"cognitive-infrastructure\synthesis-engine\CROSS_DOMAIN_SYNTHESIS_MODEL.md","DOCUMENTATION",".md","732","A51ECAA88302A45374DCD4825A657691AB2192D04D06BE2606F3377B3AB8E9D7","ELIGIBLE"
"cognitive-infrastructure\synthesis-engine\INSIGHT_GENERATION_FRAMEWORK.md","DOCUMENTATION",".md","720","1F5644892DC52C4D91BFEC535EB8848A922927F3E177B2392304946DF19C7299","ELIGIBLE"
"cognitive-infrastructure\synthesis-engine\SYNTHESIS_ENGINE_MODEL.md","DOCUMENTATION",".md","766","0EE6438C08FC2A13904401C315AF2A66D41B4897C78F4289CB4FE487E7905952","ELIGIBLE"
"complete-architecture-integration\cross-domain-interface-architecture\DOMAIN_INTERFACE_REGISTER.md","DOCUMENTATION",".md","752","8E98208925B73BC9A8F5A562C43C9A1B52F1EEE5B11FE12650B50D45DBD0B0B9","ELIGIBLE"
"complete-architecture-integration\cross-domain-interface-architecture\INTERFACE_ALIGNMENT_RECORD.md","DOCUMENTATION",".md","776","60A31ED6B1129A61836AADBB09B7162B348B311EC61B118C77674417892A7D7E","ELIGIBLE"
"complete-architecture-integration\cross-domain-interface-architecture\INTERFACE_ARCHITECTURE_MODEL.md","DOCUMENTATION",".md","831","CBAABA0EE4B1CC8BCC6A0A13C7E8F3860756E4D53F00546542D4D9D6C9F861BC","ELIGIBLE"
"complete-architecture-integration\ecosystem-integration-validation\COMPLETE_ARCHITECTURE_VALIDATION_RECORD.md","DOCUMENTATION",".md","874","F93EED9A4344672F217CA911A72F14CDD5FDE4DAD05B3C9EEF3887173429B2EA","ELIGIBLE"
"complete-architecture-integration\ecosystem-integration-validation\INTEGRATION_VALIDATION_MODEL.md","DOCUMENTATION",".md","892","C63FD8214F2C3E5040D48A38619EE83874B04C2DB17E7623CED117AFAFE08132","ELIGIBLE"
"complete-architecture-integration\ecosystem-integration-validation\SYSTEM_INTEGRATION_TEST_RECORD.md","DOCUMENTATION",".md","789","5F8EC032C4FF37ED41681A030817535C503C63C5368E313C2859881C8E046C6E","ELIGIBLE"
"complete-architecture-integration\final-consolidation\COMPLETE_INTEGRATION_COMPLETION_RECORD.md","DOCUMENTATION",".md","833","7D00BAEB471D2243AAF8C927DF56ED3E462A684BC9F454E498BB9C69DF7557A3","ELIGIBLE"
"complete-architecture-integration\final-consolidation\COMPLETE_INTEGRATION_VALIDATION_REPORT.md","DOCUMENTATION",".md","848","1FF7E13BD8C981A61F65563088D82F342ACE77DA441FF461E115E25D564EF98D","ELIGIBLE"
"complete-architecture-integration\final-consolidation\UNIFIED_ARCHITECTURE_OPERATIONAL_STATE.md","DOCUMENTATION",".md","797","2D454F7F9356113CF378AFDFA403A6CF70A12C7A6282D26822C9E547FD6D4FF4","ELIGIBLE"
"complete-architecture-integration\system-unification-layer\ARCHITECTURE_COMPONENT_REGISTRY.md","DOCUMENTATION",".md","754","FD253DEA1A614AFB5F1E272BEB4C1E39F8E599B175ABDD40BC3CD2C1810EC999","ELIGIBLE"
"complete-architecture-integration\system-unification-layer\SYSTEM_UNIFICATION_MODEL.md","DOCUMENTATION",".md","802","870D39860F52FCAF2B99CDB3605B267E7E2D2DE38C76174B1B2BA3AF460A7D72","ELIGIBLE"
"complete-architecture-integration\system-unification-layer\UNIFICATION_STATE_RECORD.md","DOCUMENTATION",".md","755","5F798804D0A78B3B2D227F98C1A9EE500BC54D985D7A22697DF01326FFBFA97D","ELIGIBLE"
"complete-architecture-integration\unified-execution-environment\EXECUTION_ENVIRONMENT_REGISTER.md","DOCUMENTATION",".md","781","DBDBD43B1F291B38F0842336010959B03EF85400DC6450AFEE252092D6199C1E","ELIGIBLE"
"complete-architecture-integration\unified-execution-environment\RUNTIME_INTEGRATION_RECORD.md","DOCUMENTATION",".md","804","7237AF0712CE90F0A0D39E3DA96A0872AF014C1FDF18AD351EE6351AFAE3DF42","ELIGIBLE"
"complete-architecture-integration\unified-execution-environment\UNIFIED_EXECUTION_MODEL.md","DOCUMENTATION",".md","848","65D4E4FD53DCDA06DC3D57512B71D885D58CDC3CC025108457E86057386C7A17","ELIGIBLE"
"complete-ecosystem-reference-architecture\architecture-inventory-consolidation\ARCHITECTURE_INVENTORY_CONSOLIDATION.md","DOCUMENTATION",".md","1148","6B0F21870F6E9E838149C1268A8DB215518ED5B692006248870FD95FCE44A95E","ELIGIBLE"
"complete-ecosystem-reference-architecture\architecture-inventory-consolidation\ARCHITECTURE_INVENTORY_EVOLUTION_RECORD.md","DOCUMENTATION",".md","851","BC55C2A32D5038FD44E0EE806EC9789AFDF4D6774B6A07E6F0703C06DAD04A0D","ELIGIBLE"
"complete-ecosystem-reference-architecture\architecture-inventory-consolidation\ARCHITECTURE_INVENTORY_STATE_REGISTER.md","DOCUMENTATION",".md","936","B7E36371E617C9D32A2511729578B9AC590BE1D7E2B885D7C73743D18847FB4E","ELIGIBLE"
"complete-ecosystem-reference-architecture\dependency-relationship-mapping\DEPENDENCY_EVOLUTION_RECORD.md","DOCUMENTATION",".md","818","707AB3CB6189312BCD11624AFCFD5F1E8A89B524E037A1D0B3A4308E9E3D568F","ELIGIBLE"
"complete-ecosystem-reference-architecture\dependency-relationship-mapping\DEPENDENCY_RELATIONSHIP_MAPPING.md","DOCUMENTATION",".md","1045","D8611A57190B1094A3C40B833C42D12EEE2D33339EA0B6FB5754509D3424B72E","ELIGIBLE"
"complete-ecosystem-reference-architecture\dependency-relationship-mapping\DEPENDENCY_STATE_REGISTER.md","DOCUMENTATION",".md","872","DCFD17772B49ECB49493C642DC4AC5FEE7CE3B61050B3598E481B374050E76AD","ELIGIBLE"
"complete-ecosystem-reference-architecture\ecosystem-reference-architecture-definition\ECOSYSTEM_REFERENCE_ARCHITECTURE.md","DOCUMENTATION",".md","1390","669723A2F5FB2EFC28585251ED8C5A0F227CD2F762E411C400F80258DF992BDC","ELIGIBLE"
"complete-ecosystem-reference-architecture\ecosystem-reference-architecture-definition\ECOSYSTEM_REFERENCE_EVOLUTION_RECORD.md","DOCUMENTATION",".md","856","21464845BA33CE192124264F75F675CF995EA07743E3DA1652D296B41E52D219","ELIGIBLE"
"complete-ecosystem-reference-architecture\ecosystem-reference-architecture-definition\ECOSYSTEM_REFERENCE_STATE_REGISTER.md","DOCUMENTATION",".md","890","E7E36E2D8A090347D6F8FF855C6EA05970024434C963815CE8B1CA22E420F72E","ELIGIBLE"
"complete-ecosystem-reference-architecture\final-consolidation\COMPLETE_ECOSYSTEM_COMPLETION_RECORD.md","DOCUMENTATION",".md","1022","0BF2EBA64EC7AAD26DEA73AB52F084F9EDA46EDB737424CA8F232F28CCCB7C95","ELIGIBLE"
"complete-ecosystem-reference-architecture\final-consolidation\COMPLETE_ECOSYSTEM_VALIDATION_REPORT.md","DOCUMENTATION",".md","886","3655B794F27CD96CE84F7A7595DB5C364FC3B6D84E6D2092433CAFB36CE59698","ELIGIBLE"
"complete-ecosystem-reference-architecture\final-consolidation\COMPLETE_ORYNTH_REFERENCE_ARCHITECTURE_STATE.md","DOCUMENTATION",".md","1016","2B9406ED743E884656D71507E7FF2ED49C77F713402DB41E85DF774B922664A7","ELIGIBLE"
"complete-ecosystem-reference-architecture\unified-reference-model-construction\REFERENCE_MODEL_EVOLUTION_RECORD.md","DOCUMENTATION",".md","839","C4A0A55DA332084EE1693D7084CB29F1868DD0C69573FAFEBFB36F560D1CF5E0","ELIGIBLE"
"complete-ecosystem-reference-architecture\unified-reference-model-construction\REFERENCE_MODEL_STATE_REGISTER.md","DOCUMENTATION",".md","907","94FA5C63D62D06CC58DC87FB2B4AD36F9AEAACB7DF46A54F7F1D880E9E2314FD","ELIGIBLE"
"complete-ecosystem-reference-architecture\unified-reference-model-construction\UNIFIED_REFERENCE_MODEL_CONSTRUCTION.md","DOCUMENTATION",".md","1154","82461520C23C5B8B93111B375660FF329F6733921CDA1867BF3073B919A8CE70","ELIGIBLE"
"continuous-architecture-stewardship\architecture-health-assessment\ARCHITECTURE_HEALTH_ASSESSMENT.md","DOCUMENTATION",".md","0","E3B0C44298FC1C149AFBF4C8996FB92427AE41E4649B934CA495991B7852B855","ELIGIBLE"
"continuous-architecture-stewardship\architecture-health-assessment\HEALTH_EVOLUTION_RECORD.md","DOCUMENTATION",".md","0","E3B0C44298FC1C149AFBF4C8996FB92427AE41E4649B934CA495991B7852B855","ELIGIBLE"
"continuous-architecture-stewardship\architecture-health-assessment\HEALTH_STATE_REGISTER.md","DOCUMENTATION",".md","0","E3B0C44298FC1C149AFBF4C8996FB92427AE41E4649B934CA495991B7852B855","ELIGIBLE"
"continuous-architecture-stewardship\architecture-state-preservation\ARCHITECTURE_STATE_PRESERVATION.md","DOCUMENTATION",".md","1232","81504D86AE5AFE0BF64800FD1A40D192AE54A3CE071FDC8E63D0462B497F7225","ELIGIBLE"
"continuous-architecture-stewardship\architecture-state-preservation\STATE_PRESERVATION_EVOLUTION_RECORD.md","DOCUMENTATION",".md","917","66B1037490C81B27CDE15002641FA5137274D87B7F483EACF20ED8F36A7B0F2A","ELIGIBLE"
"continuous-architecture-stewardship\architecture-state-preservation\STATE_PRESERVATION_REGISTER.md","DOCUMENTATION",".md","924","9FF20E2BDC80726A9D34C81365C1C228D6B871C642777675DC48EB566BD1737D","ELIGIBLE"
"continuous-architecture-stewardship\cross-system-integrity-monitoring\CROSS_SYSTEM_INTEGRITY_MONITORING.md","DOCUMENTATION",".md","1287","A528DD677FC8C0C430764B1DB1271162A40FD1BD42C9EF59F11955EDD8F308F9","ELIGIBLE"
"continuous-architecture-stewardship\cross-system-integrity-monitoring\INTEGRITY_EVOLUTION_RECORD.md","DOCUMENTATION",".md","930","6424FF6CBC57A0A113BA1B9A7E62C1DE4749FDBD18B876A9CB5586C30CF75AEB","ELIGIBLE"
"continuous-architecture-stewardship\cross-system-integrity-monitoring\INTEGRITY_STATE_REGISTER.md","DOCUMENTATION",".md","972","2831954732A80B34877E95F1A5D39F27DA4ABB6D90BA36615F3C8D22277F6B60","ELIGIBLE"
"continuous-architecture-stewardship\ecosystem-monitoring\ECOSYSTEM_EVOLUTION_RECORD.md","DOCUMENTATION",".md","857","700B5C283E2693AB76B09A2CBA0CD207130E6E6E7E3F32DC5ED1D9B3688423F0","ELIGIBLE"
"continuous-architecture-stewardship\ecosystem-monitoring\ECOSYSTEM_MONITORING.md","DOCUMENTATION",".md","1000","3F3A6FEB399FE032E79252BB0E4ECC91241A7814FB7D4E0BDEB1D580FB032C61","ELIGIBLE"
"continuous-architecture-stewardship\ecosystem-monitoring\ECOSYSTEM_STATE_REGISTER.md","DOCUMENTATION",".md","878","2319A0D11A3EF2388CB6A2A88E8D13360F57DE8ADF246C95CDC5A07CCA27EE1D","ELIGIBLE"
"continuous-architecture-stewardship\evolutionary-readiness-assessment\EVOLUTIONARY_READINESS_ASSESSMENT.md","DOCUMENTATION",".md","1219","A5C7DE2CF8B200AD97AD59B8A59E1AA8F6BB50B8374B237F9769705C5A2D98F8","ELIGIBLE"
"continuous-architecture-stewardship\evolutionary-readiness-assessment\READINESS_EVOLUTION_RECORD.md","DOCUMENTATION",".md","934","F47CA9C5DF3788F20A8BC00169647FB97F4DEE5316E30DBEA8C40E06BAF0DAD3","ELIGIBLE"
"continuous-architecture-stewardship\evolutionary-readiness-assessment\READINESS_STATE_REGISTER.md","DOCUMENTATION",".md","988","C62F39607D53D0A4A47F01B762E5033734D2816D18C05881C03CD6AEDB7E2351","ELIGIBLE"
"continuous-architecture-stewardship\final-consolidation\COMPLETE_CONTINUOUS_ARCHITECTURE_STEWARDSHIP_STATE.md","DOCUMENTATION",".md","1068","EDD5EAC53FCB7137A2179BDA500A26C35FAD21E4C6B658C33EE56607690EB8D9","ELIGIBLE"
"continuous-architecture-stewardship\final-consolidation\COMPLETE_STEWARDSHIP_STATE.md","DOCUMENTATION",".md","864","E27D7E3CC6C1E981163F7730F823AF3D09B41BC98513B44449B59A772150722E","ELIGIBLE"
"continuous-architecture-stewardship\final-consolidation\CONTINUOUS_ARCHITECTURE_STEWARDSHIP_COMPLETION_RECORD.md","DOCUMENTATION",".md","1093","BCD2546F041775A7CC8542E3FCB891209C5344E480C5108EA5A41B3608399654","ELIGIBLE"
"continuous-architecture-stewardship\final-consolidation\CONTINUOUS_ARCHITECTURE_STEWARDSHIP_VALIDATION_REPORT.md","DOCUMENTATION",".md","987","BD502D165DA035F5642A625609254366B67C82F5C906D379EC4C6686BC48672D","ELIGIBLE"
"continuous-architecture-stewardship\final-consolidation\STEWARDSHIP_COMPLETION_RECORD.md","DOCUMENTATION",".md","909","F0A47DD3E0598FE409F0443D9B470C8C8789FA2AFDF8579ADC0C220F967D23B0","ELIGIBLE"
"continuous-architecture-stewardship\final-consolidation\STEWARDSHIP_VALIDATION_REPORT.md","DOCUMENTATION",".md","916","3B1C4AD080A25D13BF54E1EE8A9762D3217EBC8D418447D03CCEDDFB77E8F5C1","ELIGIBLE"
"continuous-architecture-stewardship\long-term-architecture-stewardship\LONG_TERM_ARCHITECTURE_STEWARDSHIP.md","DOCUMENTATION",".md","1263","370DE14BBA6E5963DA596025A4CF38D2DD4281D424A4C159665D077BF1C15E41","ELIGIBLE"
"continuous-architecture-stewardship\long-term-architecture-stewardship\STEWARDSHIP_EVOLUTION_RECORD.md","DOCUMENTATION",".md","948","E021A51A54402E9FDC5A2086379BF5796E3E8751D0F7DE56A0BD214987105126","ELIGIBLE"
"continuous-architecture-stewardship\long-term-architecture-stewardship\STEWARDSHIP_STATE_REGISTER.md","DOCUMENTATION",".md","996","BC85139C1CB7C52BFFEB6CF42697964A222E5B66FE2683FB77113FC32D813644","ELIGIBLE"
"continuous-architecture-stewardship\next-generation-architecture-development\NEXT_GENERATION_ARCHITECTURE_DEVELOPMENT.md","DOCUMENTATION",".md","1155","BE246999B592180847EDC3A0846129D1B4870A8603F0665B07A470B77E8A053D","ELIGIBLE"
"continuous-architecture-stewardship\next-generation-architecture-development\NEXT_GENERATION_EVOLUTION_RECORD.md","DOCUMENTATION",".md","866","ADF97648D1544BBF2F6B83354852BFB9BF91E78AF1D267F5C0BF7A5C8DCACEB9","ELIGIBLE"
"continuous-architecture-stewardship\next-generation-architecture-development\NEXT_GENERATION_STATE_REGISTER.md","DOCUMENTATION",".md","985","0E0E0EDDB9D9EA013C61A340023603C6E1D8D2F27E495684ED8665AF47C077BE","ELIGIBLE"
"continuous-architecture-stewardship\strategic-evolution-planning\EVOLUTION_STRATEGY_EVOLUTION_RECORD.md","DOCUMENTATION",".md","892","F3965593802E3F5825E7DE39BA61CF73256866D9EC26402F4BCB446C23626971","ELIGIBLE"
"continuous-architecture-stewardship\strategic-evolution-planning\EVOLUTION_STRATEGY_STATE_REGISTER.md","DOCUMENTATION",".md","896","89CED31B9CD1B021F48BAFB15D16BC05C73C200E4307047E5B01119D40B7C0C9","ELIGIBLE"
"continuous-architecture-stewardship\strategic-evolution-planning\STRATEGIC_EVOLUTION_PLANNING.md","DOCUMENTATION",".md","1028","A0F49B1E23469488ED762DDEBE8F14208FA8319E7159CF461F9856A5A9816C65","ELIGIBLE"
"continuous-evolution\architecture-evolution\ARCHITECTURAL_IMPROVEMENT_MODEL.md","DOCUMENTATION",".md","634","FAA42577515AE917262712F2C351236D790AFE15AD1678EE927C00A9486DED67","ELIGIBLE"
"continuous-evolution\architecture-evolution\ARCHITECTURE_EVOLUTION_MODEL.md","DOCUMENTATION",".md","872","9F4435726D35AA0BE5F044787A3340FD51DA2E0F061A3FFF9C21FBBD07652FE5","ELIGIBLE"
"continuous-evolution\architecture-evolution\COMPONENT_EVOLUTION_MODEL.md","DOCUMENTATION",".md","703","35585CFEEBFF6B4C709153207AA2C3CFD97F1B7C0D4A867EFF5D5B7859AFE6EC","ELIGIBLE"
"continuous-evolution\ecosystem-growth\ADOPTION_EVOLUTION_MODEL.md","DOCUMENTATION",".md","829","16D050CD22D0BDF19DDCA18F51DF9503F11AAFD0D6422EC0269DD84F500A8DB7","ELIGIBLE"
"continuous-evolution\ecosystem-growth\ECOSYSTEM_GROWTH_MODEL.md","DOCUMENTATION",".md","815","09BBE496128DA3FF6638F0CD7ADB4E9869BCFD1FF5AFC74EF3DE0696F0B95975","ELIGIBLE"
"continuous-evolution\ecosystem-growth\PARTNERSHIP_EXPANSION_MODEL.md","DOCUMENTATION",".md","811","8757BEED4C4EB696B226F002D71CFA5A4BDFAFD33B0219B52A119BCCA714CD5B","ELIGIBLE"
"continuous-evolution\future-architecture\EXPERIMENTAL_ARCHITECTURE_FRAMEWORK.md","DOCUMENTATION",".md","716","2ADF92F51C66C3E987DABCDAD7D3EBF9535FC9CCC162D614D12849DA52728D1F","ELIGIBLE"
"continuous-evolution\future-architecture\FUTURE_SYSTEM_DESIGN_MODEL.md","DOCUMENTATION",".md","643","7DA8ADA00AA12BB343B238AC093F44E12FABEA11C967E6D54F0C6A15A65B999B","ELIGIBLE"
"continuous-evolution\future-architecture\SUCCESSOR_ARCHITECTURE_MODEL.md","DOCUMENTATION",".md","768","8136DCA452BF1942FA687C115374461E3C5E0304D0FE9E9956E827243F981B70","ELIGIBLE"
"continuous-evolution\research-expansion\DISCOVERY_PIPELINE_MODEL.md","DOCUMENTATION",".md","481","82D478126058C7816E7EAA6D28357FA83443EBF199563F1CE0A51BA53F984510","ELIGIBLE"
"continuous-evolution\research-expansion\NEW_RESEARCH_TRACK_MODEL.md","DOCUMENTATION",".md","603","7D42029907451C8CB1F5526BD8D19F2067D6EFDB610B2227F22B70CC3151E2BF","ELIGIBLE"
"continuous-evolution\research-expansion\RESEARCH_EXPANSION_MODEL.md","DOCUMENTATION",".md","631","F458C4BFBC5B9F91CBDBD5E7D824A6A721AA9548BFFAA2C52F130D1055D8118E","ELIGIBLE"
"continuous-evolution\technology-watch\EMERGING_SYSTEMS_TRACKING.md","DOCUMENTATION",".md","602","2183DF4C698F434C0622D8552C751C60EA5A3E4807D16BA0FA2911DCEA3C8581","ELIGIBLE"
"continuous-evolution\technology-watch\TECHNOLOGY_ALIGNMENT_MODEL.md","DOCUMENTATION",".md","720","65A9E78212C8AF57066B0117EBD4003DF976190202E67DBB91EE83FF78C09612","ELIGIBLE"
"continuous-evolution\technology-watch\TECHNOLOGY_ASSESSMENT_MODEL.md","DOCUMENTATION",".md","849","71AB7BA00D9B1C0EC65B5A2E7EAFAC1625C600D72603637C665A92BCA381338F","ELIGIBLE"
"continuous-evolution-architecture\adaptive-system-optimization\ADAPTIVE_SYSTEM_OPTIMIZATION.md","DOCUMENTATION",".md","1072","37E74C5E49BA196260F66C444A44EAFC6D8FC5851BB94B63467D191CBD5F6DEC","ELIGIBLE"
"continuous-evolution-architecture\adaptive-system-optimization\OPTIMIZATION_EVOLUTION_RECORD.md","DOCUMENTATION",".md","847","84E07E1BDDA9110B1E55C27E7160EFE6942F0C86219C4CE2A2158A920662CD42","ELIGIBLE"
"continuous-evolution-architecture\adaptive-system-optimization\OPTIMIZATION_STATE_REGISTER.md","DOCUMENTATION",".md","902","689FD986F1887EE9BEEA017DCC77A280DE648AF9E02C3770C3E5ABD743CB6106","ELIGIBLE"
"continuous-evolution-architecture\final-consolidation\COMPLETE_CONTINUOUS_EVOLUTION_REFERENCE_STATE.md","DOCUMENTATION",".md","921","701DB5659D2ECE0D1BAE251A4FC907E37264B712E134BD7D071F0AB31693562D","ELIGIBLE"
"continuous-evolution-architecture\final-consolidation\CONTINUOUS_EVOLUTION_COMPLETION_RECORD.md","DOCUMENTATION",".md","972","93CD7685848A09F186C67F0A5BC7CC919C0982C93C652E111A2173541C9D32F3","ELIGIBLE"
"continuous-evolution-architecture\final-consolidation\CONTINUOUS_EVOLUTION_VALIDATION_REPORT.md","DOCUMENTATION",".md","890","6FD4C3142D565B2BE48F035BEDDB62E524B7A19400BFBE3C7F3A5F483F65BAB9","ELIGIBLE"
"continuous-evolution-architecture\knowledge-evolution-framework\KNOWLEDGE_EVOLUTION_FRAMEWORK.md","DOCUMENTATION",".md","1031","31C7B604209E320A3FBAD9D514DC397EE583CF75DCA1821696390F717EC1AC36","ELIGIBLE"
"continuous-evolution-architecture\knowledge-evolution-framework\KNOWLEDGE_EVOLUTION_RECORD.md","DOCUMENTATION",".md","790","5A2CCAE0806D556C137F85971B90AEF47A7F667F3CF7CE9D09B71C0B6332932E","ELIGIBLE"
"continuous-evolution-architecture\knowledge-evolution-framework\KNOWLEDGE_STATE_REGISTER.md","DOCUMENTATION",".md","875","91F49571930D577424CBE28F6861345319B70B48D0CBB1DD46E7477B807405F1","ELIGIBLE"
"continuous-evolution-architecture\perpetual-architecture-advancement\ADVANCEMENT_EVOLUTION_RECORD.md","DOCUMENTATION",".md","833","F3CA12DBD32076E636523AF53B7BBC2EB486808C068176C48C79157F9E084F32","ELIGIBLE"
"continuous-evolution-architecture\perpetual-architecture-advancement\ADVANCEMENT_STATE_REGISTER.md","DOCUMENTATION",".md","935","CB093E790ED0071F3D1E4DF4439E8999E3D7233CE72EE9F6A9B3500258BD4E7D","ELIGIBLE"
"continuous-evolution-architecture\perpetual-architecture-advancement\PERPETUAL_ARCHITECTURE_ADVANCEMENT.md","DOCUMENTATION",".md","1114","BB6C85BCD0E1A0AC443D7BA032B6A9B2EA5FA0816EE9ACEDD73F76E0C9C31D2D","ELIGIBLE"
"continuous-evolution-architecture\recursive-architecture-monitoring\MONITORING_EVOLUTION_RECORD.md","DOCUMENTATION",".md","852","EA284B21E49009384629524674E43CABD607ECEC3620DBD436BD2F2E0BE1717D","ELIGIBLE"
"continuous-evolution-architecture\recursive-architecture-monitoring\MONITORING_STATE_REGISTER.md","DOCUMENTATION",".md","889","7A7AFAFD1DED5A0F16D7CDDB7686E902EDCAF9AFD22ED11EFE24BF38141F30A8","ELIGIBLE"
"continuous-evolution-architecture\recursive-architecture-monitoring\RECURSIVE_ARCHITECTURE_MONITORING.md","DOCUMENTATION",".md","1039","653462A4A0A96B0AA8DE2E45418C5F4DEDF83CC5C533FFCA093804A8BB341053","ELIGIBLE"
"continuous-governance\architecture-drift-detection\ALIGNMENT_VERIFICATION_FRAMEWORK.md","DOCUMENTATION",".md","830","F4CAC11C88C5164DBA1C45EC0288D7BB5FC84DAD4DB693F7A64C1F1AA86CB785","ELIGIBLE"
"continuous-governance\architecture-drift-detection\ARCHITECTURE_DRIFT_MODEL.md","DOCUMENTATION",".md","769","7D8A64E4AB6E0CADFF23D3D9B882C65F1099195688A310CB65EAE591971282C7","ELIGIBLE"
"continuous-governance\architecture-drift-detection\DRIFT_ASSESSMENT_RECORD.md","DOCUMENTATION",".md","681","9B131C2DFDB06D8E49D5D99E350CC0F9DCA499053A4C981A15BFF76AF80A48E6","ELIGIBLE"
"continuous-governance\final-consolidation\CONTINUOUS_GOVERNANCE_COMPLETION_RECORD.md","DOCUMENTATION",".md","807","961E6DE7A8072E5CA3A0C35459FB253DCAD4A975B22578B0E9A3DA5248B3D7DC","ELIGIBLE"
"continuous-governance\final-consolidation\GOVERNANCE_CYCLE_VALIDATION_REPORT.md","DOCUMENTATION",".md","802","E92A8441F8F3E8F61EA8E37FB46CE3B688172B1B4FF271FF35E7B6A44906334A","ELIGIBLE"
"continuous-governance\final-consolidation\LONG_TERM_OPERATIONS_READINESS.md","DOCUMENTATION",".md","758","30E01D60FC3AC31F6B9E7A9767FF3A5C83DCEE65E8A9831AF2421897343231CD","ELIGIBLE"
"continuous-governance\future-research-intake\KNOWLEDGE_EXPANSION_REGISTER.md","DOCUMENTATION",".md","802","F8C5BFCB3C4F58A13F9ED83D4492EC71752794DB75D892528D88590C159B5EBA","ELIGIBLE"
"continuous-governance\future-research-intake\RESEARCH_EVALUATION_RECORD.md","DOCUMENTATION",".md","760","0A2658653D82FD26DEAC8A0E3A31F376C641DD768C078D707044FE60D3826B1F","ELIGIBLE"
"continuous-governance\future-research-intake\RESEARCH_INTAKE_MODEL.md","DOCUMENTATION",".md","829","C734D2AC00DB6486B2936D706EB6AC7C448A6772EACD20052CF41816A8900A71","ELIGIBLE"
"continuous-governance\governance-monitoring-framework\CONTINUITY_MONITORING_RECORD.md","DOCUMENTATION",".md","788","50F345439B70D0C2CB9D9698D420C51E0BD4CB590EB48F4F552D955E9F46F50D","ELIGIBLE"
"continuous-governance\governance-monitoring-framework\GOVERNANCE_MONITORING_MODEL.md","DOCUMENTATION",".md","880","962B3E5508693885A6718BFAF28A8C00111F868895C6302642B2EA48C2902781","ELIGIBLE"
"continuous-governance\governance-monitoring-framework\GOVERNANCE_STATE_REGISTER.md","DOCUMENTATION",".md","739","AEB046B4ACFA2438F8339478322311FAD670229BE780A89EA6FD02F2B8010AF2","ELIGIBLE"
"continuous-governance\validation-renewal-pipeline\EVIDENCE_REFRESH_PIPELINE.md","DOCUMENTATION",".md","768","BF376D4ED7E97A9D97F158FD28AC3FC5FF025FF6AC9496A9037EFDEB685EFB8C","ELIGIBLE"
"continuous-governance\validation-renewal-pipeline\REVALIDATION_SCHEDULE_RECORD.md","DOCUMENTATION",".md","763","194FDC5BA15569F15619BB125DA01729F10242276B6E0E42BBE6BDC344B93772","ELIGIBLE"
"continuous-governance\validation-renewal-pipeline\VALIDATION_RENEWAL_MODEL.md","DOCUMENTATION",".md","834","9E98B4AE08BCB8F0068B3E15DDD8299D41D0F95489CC38697A63E6A110288EDA","ELIGIBLE"
"cosmological-architecture-integration\cross-domain-architecture-mapping\CROSS_DOMAIN_ARCHITECTURE_MAPPING.md","DOCUMENTATION",".md","1293","3C3DF586DA26B26364B9F8B2316EA72C4B18EA542CEA1536682572886336DB7B","ELIGIBLE"
"cosmological-architecture-integration\cross-domain-architecture-mapping\DOMAIN_MAPPING_EVOLUTION_RECORD.md","DOCUMENTATION",".md","971","F5D296DCB7934ED3429C50D9FF2AD260481CAC39AC61C66509FEB83431DC8C69","ELIGIBLE"
"cosmological-architecture-integration\cross-domain-architecture-mapping\DOMAIN_MAPPING_STATE_REGISTER.md","DOCUMENTATION",".md","918","DB0FAAA698873F017D8C61A76B99F25910257106C93D06F242C355B741D312CE","ELIGIBLE"
"cosmological-architecture-integration\final-consolidation\COMPLETE_COSMOLOGICAL_ARCHITECTURE_STATE.md","DOCUMENTATION",".md","952","48658159EB4E53B75B968BD1BDF7F7EB726EAD1DF581BBC9868DFCBE42582547","ELIGIBLE"
"cosmological-architecture-integration\final-consolidation\COSMOLOGICAL_ARCHITECTURE_COMPLETION_RECORD.md","DOCUMENTATION",".md","1128","A049BDD9207FE56C2CB8823BA9192033915927F1DEC9626A35DCBA17E9886113","ELIGIBLE"
"cosmological-architecture-integration\final-consolidation\COSMOLOGICAL_ARCHITECTURE_VALIDATION_REPORT.md","DOCUMENTATION",".md","990","5475095876729E81F17844AA045147353D7984B6DA3A809CC2552AE7D1F2C60F","ELIGIBLE"
"cosmological-architecture-integration\foundational-principle-convergence\FOUNDATIONAL_PRINCIPLE_CONVERGENCE.md","DOCUMENTATION",".md","1161","6CACE8D51482FC7FDDB9AE1CE30BB21BE86D3C7C578264D1465F28041E35E9E9","ELIGIBLE"
"cosmological-architecture-integration\foundational-principle-convergence\PRINCIPLE_EVOLUTION_RECORD.md","DOCUMENTATION",".md","954","54A5194B71522F2A02D8E884187D1856558F2E20998A3270F5AAC79BCB60A23C","ELIGIBLE"
"cosmological-architecture-integration\foundational-principle-convergence\PRINCIPLE_STATE_REGISTER.md","DOCUMENTATION",".md","955","8E126EE35BF056067144A88B3C7BA78D175EE4BC1ACC3AEFB24BCF642427890C","ELIGIBLE"
"cosmological-architecture-integration\integrated-reality-architecture-model\INTEGRATED_REALITY_ARCHITECTURE_MODEL.md","DOCUMENTATION",".md","1318","0461BA95AF3601CD38E822F70AEB9C137DA13EB8F1B01EA61FD33CE6D73AE07D","ELIGIBLE"
"cosmological-architecture-integration\integrated-reality-architecture-model\REALITY_MODEL_EVOLUTION_RECORD.md","DOCUMENTATION",".md","1017","6A0DCBD024FACD55A979ED6A966DB7223874FD33320AF0AD209CF2B9E96FC94A","ELIGIBLE"
"cosmological-architecture-integration\integrated-reality-architecture-model\REALITY_MODEL_STATE_REGISTER.md","DOCUMENTATION",".md","946","EC88FCEC12A6B0242926C3B66973A8D3B0D4F17C8E8965A46F488E586BB8793D","ELIGIBLE"
"cosmological-architecture-integration\universal-pattern-recognition-framework\PATTERN_EVOLUTION_RECORD.md","DOCUMENTATION",".md","983","54910211342A354485B799FAFD373D007D3B3BBFECA42C66B6D14C1C3E99E3C1","ELIGIBLE"
"cosmological-architecture-integration\universal-pattern-recognition-framework\PATTERN_STATE_REGISTER.md","DOCUMENTATION",".md","907","024E8A8DF5ADC9283706EBBCD8639897B28B35C8805F5AD58A91E3B0E76948F0","ELIGIBLE"
"cosmological-architecture-integration\universal-pattern-recognition-framework\UNIVERSAL_PATTERN_RECOGNITION_FRAMEWORK.md","DOCUMENTATION",".md","1178","31FDAF2DABB8F3F6DC69DE0E446464BEC7FB37FAE4280CB9537FC925F0BFD632","ELIGIBLE"
"deployment-activation\deployment-records\DEPLOYMENT_HISTORY_RECORD.md","DOCUMENTATION",".md","601","32723227B733815269627D9DC882B31E6E4AD9593D5FE8EAA5DB37FBE402C5CF","ELIGIBLE"
"deployment-activation\deployment-records\DEPLOYMENT_OUTCOME_ARCHIVE.md","DOCUMENTATION",".md","588","08D2E4B6E55DFF84BBD1EC741BFF41934F2BDC466890A6AB35E1FD608FBC597C","ELIGIBLE"
"deployment-activation\deployment-records\IMPLEMENTATION_TRACKING_MODEL.md","DOCUMENTATION",".md","611","45AF4063085934CA653045FF8C7A042922C2028D6D5C9658C5895BD5A41BADE9","ELIGIBLE"
"deployment-activation\domain-validation\DOMAIN_VALIDATION_MODEL.md","DOCUMENTATION",".md","941","10F9D41CB087ADF305B3A4AAE9ACE049B2A1DE71086D2A708248C7BD6E889C0C","ELIGIBLE"
"deployment-activation\domain-validation\FIELD_VALIDATION_RECORD.md","DOCUMENTATION",".md","608","FB275BD56EFE699485BFF46BCFEA2F90DA58A5E48E3D95DF7ACD9C1DC9A09104","ELIGIBLE"
"deployment-activation\domain-validation\USE_CASE_VALIDATION_MODEL.md","DOCUMENTATION",".md","630","BDE99062EB186286A9A241E20A3B4E11211475977F401184ADF234244BEE451B","ELIGIBLE"
"deployment-activation\implementation-pathways\IMPLEMENTATION_PATHWAY_MODEL.md","DOCUMENTATION",".md","699","7B24A00B6ED44C01F105D621AEB4E9F2223E73EB1591B581A34E54D225524CDC","ELIGIBLE"
"deployment-activation\implementation-pathways\INTEGRATION_EXECUTION_MODEL.md","DOCUMENTATION",".md","676","C241B47988D1BC73792C5A0A58B471C3DCF82AF12A191EFDA315AF6907360A43","ELIGIBLE"
"deployment-activation\implementation-pathways\SYSTEM_ADOPTION_MODEL.md","DOCUMENTATION",".md","593","C8064EFC0801A28367F31111E738606A2EE132905A73D757622B794093B39988","ELIGIBLE"
"deployment-activation\operational-deployment\DEPLOYMENT_GOVERNANCE_MODEL.md","DOCUMENTATION",".md","634","60FDFB1E9C9CF435B746B5CF8FC30DC5105E226E4AB1055554BF052A413E41D4","ELIGIBLE"
"deployment-activation\operational-deployment\DEPLOYMENT_MODEL.md","DOCUMENTATION",".md","828","A8A79B55BCB351CF10F023FDE48783C90156C7686402BCC641541081CE1C42D0","ELIGIBLE"
"deployment-activation\operational-deployment\OPERATIONAL_READINESS_MODEL.md","DOCUMENTATION",".md","637","CB275AC1BED10EF31CDC06E83CA1A7C406B0245702EB19A8554578BF68F61EDA","ELIGIBLE"
"deployment-activation\pilot-programs\PILOT_EVALUATION_MODEL.md","DOCUMENTATION",".md","798","F46CBA61FC2C077961F4E34A8068BBFAC3A8DC6A61B1BB6050DEFE3A8CEFF060","ELIGIBLE"
"deployment-activation\pilot-programs\PILOT_PROGRAM_FRAMEWORK.md","DOCUMENTATION",".md","672","4F40512006713CF18B90637638050C1A6989CA2DD466BC821F8F41AD2977FA26","ELIGIBLE"
"deployment-activation\pilot-programs\PILOT_SELECTION_MODEL.md","DOCUMENTATION",".md","610","71B3A53BAA3ECA4660696EB33FAA56753AE1FDFB3DDD22413B62566C13397F97","ELIGIBLE"
"domain-ecosystems\DOMAIN_APPLICATION_REGISTRY.md","DOCUMENTATION",".md","755","AB88494C6F9C449531A1F0744A9B53BFF2AFA5E1B123E715835360FFF94D9FCC","ELIGIBLE"
"domain-ecosystems\DOMAIN_DEPLOYMENT_STRATEGY.md","DOCUMENTATION",".md","584","C61EFCE2680F9D061FD1CF2208A3A312CE75BFF49825AB105028AC9EB987E26C","ELIGIBLE"
"domain-ecosystems\DOMAIN_INTEGRATION_MODEL.md","DOCUMENTATION",".md","809","229D2CAEDDA75977A56BBDDAFEE306EE461363281692F7F77CA652B62A3602BF","ELIGIBLE"
"domain-ecosystems\DOMAIN_VALIDATION_FRAMEWORK.md","DOCUMENTATION",".md","736","10BE8BEA622AE192198C0495D77EBAC5D0132CDFBDE83C5E6607DB757951D2E2","ELIGIBLE"
"domain-ecosystems\aviation-aerospace\AEROSPACE_SYSTEM_VALIDATION.md","DOCUMENTATION",".md","637","F672D503319F622FEC38655E5496B12B4E1272D5276A635D51AF1ECB5226B521","ELIGIBLE"
"domain-ecosystems\aviation-aerospace\AUTONOMOUS_FLIGHT_ASSURANCE.md","DOCUMENTATION",".md","734","5BF5A289A9CD04058BE580850A4EE6E3EF0032D2D6A4CFCA63F04B8E34A55BF0","ELIGIBLE"
"domain-ecosystems\aviation-aerospace\AVIATION_DEPLOYMENT_FRAMEWORK.md","DOCUMENTATION",".md","503","939A02EC8957F2AFE046B6A944AFAED4D1003A409A07FC0CC339B38E2309C63F","ELIGIBLE"
"domain-ecosystems\aviation-aerospace\SAFETY_GOVERNANCE_MODEL.md","DOCUMENTATION",".md","530","ABF61478B6EAC35FB75A6ECB17190D6EC3269B308C7F4327754A20A6E5055CDF","ELIGIBLE"
"domain-ecosystems\defense-security\AUTONOMOUS_SYSTEM_ASSURANCE.md","DOCUMENTATION",".md","682","77D20C392BEBCA2C1695E42F28D259058C2162C9395912EE9828C11A68510583","ELIGIBLE"
"domain-ecosystems\defense-security\DEFENSE_DEPLOYMENT_FRAMEWORK.md","DOCUMENTATION",".md","542","D3077556D3D255A8ACEE937000C1624E69B454B007FDC12CA3671D010CD3CDF5","ELIGIBLE"
"domain-ecosystems\defense-security\MISSION_INTEGRITY_MODEL.md","DOCUMENTATION",".md","520","22D596123F8F5661DC19FEDE301CBE68DF692C54AE2EDC5965A09C8F018FB6C6","ELIGIBLE"
"domain-ecosystems\defense-security\SECURITY_GOVERNANCE_MODEL.md","DOCUMENTATION",".md","490","1DC6DAB93DD365D4961F4831D3DC0CDA742A519BC6C214DCD4539AA8D8DF2671","ELIGIBLE"
"domain-ecosystems\education\EDUCATION_APPLICATION_MODEL.md","DOCUMENTATION",".md","548","DE27A9143ABBDCC98AFD2CDC649198F2F13129756C53E73485294F154E163BBB","ELIGIBLE"
"domain-ecosystems\education\EDUCATION_DEPLOYMENT_MODEL.md","DOCUMENTATION",".md","384","E2C86C8C4C4D5641872404FF31CF2FCC6FBA58D3DEFB8B84E3A0854B0AF3404E","ELIGIBLE"
"domain-ecosystems\education\KNOWLEDGE_SYSTEM_MODEL.md","DOCUMENTATION",".md","384","EA9F75DBA852D7170DD0D767E9C5C47BB99BF527CA070DF098CB783D81F52529","ELIGIBLE"
"domain-ecosystems\education\LEARNING_ASSURANCE_FRAMEWORK.md","DOCUMENTATION",".md","397","067797418300C8C6586FFEC8721E33F6C18C1A0D64E8ECBDC618BA448459AC1F","ELIGIBLE"
"domain-ecosystems\finance\FINANCE_GOVERNANCE_FRAMEWORK.md","DOCUMENTATION",".md","478","26E71BC99831D9979491179046D0CF8744FF1066E4FB039EA51162E676411B07","ELIGIBLE"
"domain-ecosystems\finance\FINANCIAL_DEPLOYMENT_MODEL.md","DOCUMENTATION",".md","521","368A511FC2E0BB57A8458CA451025D690EE2A2B131D81F1D748C73F886C16E5C","ELIGIBLE"
"domain-ecosystems\finance\FINANCIAL_INTEGRITY_MODEL.md","DOCUMENTATION",".md","589","67EDBFAC1D491376A2025666D0A2E9ADBF8946BA4658D00ED477DCEA01B7F66C","ELIGIBLE"
"domain-ecosystems\finance\FINANCIAL_SYSTEM_ASSURANCE.md","DOCUMENTATION",".md","690","A757B2EB0E785A007967D05798ED086599D4D7EC550A418AE3695AB8794130AE","ELIGIBLE"
"domain-ecosystems\government\GOVERNMENT_GOVERNANCE_FRAMEWORK.md","DOCUMENTATION",".md","0","E3B0C44298FC1C149AFBF4C8996FB92427AE41E4649B934CA495991B7852B855","ELIGIBLE"
"domain-ecosystems\government\POLICY_INTEGRATION_MODEL.md","DOCUMENTATION",".md","0","E3B0C44298FC1C149AFBF4C8996FB92427AE41E4649B934CA495991B7852B855","ELIGIBLE"
"domain-ecosystems\government\PUBLIC_DEPLOYMENT_MODEL.md","DOCUMENTATION",".md","0","E3B0C44298FC1C149AFBF4C8996FB92427AE41E4649B934CA495991B7852B855","ELIGIBLE"
"domain-ecosystems\government\PUBLIC_SYSTEM_ASSURANCE.md","DOCUMENTATION",".md","0","E3B0C44298FC1C149AFBF4C8996FB92427AE41E4649B934CA495991B7852B855","ELIGIBLE"
"domain-ecosystems\healthcare\CLINICAL_ASSURANCE_MODEL.md","DOCUMENTATION",".md","756","8E2786F5AF77E7257F48986F4EC387F44D867AFD323739344692DBCA0464CAF5","ELIGIBLE"
"domain-ecosystems\healthcare\HEALTHCARE_APPLICATION_MODEL.md","DOCUMENTATION",".md","817","56FF62B6BBA20C58A4A9F7CF4E6A4F7F6CDC2CFDFB0F2F57599523F2CBC8CBB0","ELIGIBLE"
"domain-ecosystems\healthcare\HEALTHCARE_DEPLOYMENT_FRAMEWORK.md","DOCUMENTATION",".md","497","ECA098C76FE9505284D2A90A5FCEB2B3D30815396F671F6E3B3B4D439057504A","ELIGIBLE"
"domain-ecosystems\healthcare\MEDICAL_SYSTEM_VALIDATION_MODEL.md","DOCUMENTATION",".md","619","69B744DB539E9BB24D8D202B9A184A359DCE407C0E49234240E72A8B9C4D435B","ELIGIBLE"
"domain-ecosystems\infrastructure\CRITICAL_INFRASTRUCTURE_ASSURANCE.md","DOCUMENTATION",".md","501","5B46860FB4D0B6BB40D288524E1CB3F7F1EAF19242E16A72C0F33E3B62AF7CA8","ELIGIBLE"
"domain-ecosystems\infrastructure\INFRASTRUCTURE_DEPLOYMENT_FRAMEWORK.md","DOCUMENTATION",".md","422","2856A514C6799655A1591EF069BF6E53E2DDCEF5A93D338A2CBAA0EF11067985","ELIGIBLE"
"domain-ecosystems\infrastructure\INFRASTRUCTURE_RESILIENCE_MODEL.md","DOCUMENTATION",".md","485","8F929A82B8D802EAB7961DADC26C8136D4CF46385FF011C20FF0DAE38E2DEC9E","ELIGIBLE"
"domain-ecosystems\infrastructure\SMART_SYSTEM_INTEGRATION_MODEL.md","DOCUMENTATION",".md","415","C3A71824838A232A1ED1675E1EA1CAD49BEF1213FC2596E1FD65CC3B1F60333B","ELIGIBLE"
"ecosystem\community\COMMUNITY_PARTICIPATION_MODEL.md","DOCUMENTATION",".md","959","D0BB847A6EB365AD992685B85609E3D214BB8D1AB881F99DDB5A61FF6B38E046","ELIGIBLE"
"ecosystem\community\CONTRIBUTOR_FRAMEWORK.md","DOCUMENTATION",".md","914","D197899316FFDC942858F19B36A814C65883E7D8844CED537C0A4893C7A9702F","ELIGIBLE"
"ecosystem\community\ECOSYSTEM_GOVERNANCE_MODEL.md","DOCUMENTATION",".md","958","786719A5DFA72BC62ECFFB14822E125F6963A3A509CFAC75E17DCF160EF53DB3","ELIGIBLE"
"ecosystem\community\KNOWLEDGE_SHARING_MODEL.md","DOCUMENTATION",".md","830","A13776C368BA245468B2B729579075D2DDAF1AC23286705F140E164C50307BEC","ELIGIBLE"
"ecosystem\deployment\DEPLOYMENT_ASSURANCE_FRAMEWORK.md","DOCUMENTATION",".md","885","8E0F7C00B873F29E8E435096817EBC4E8B9DF37D2E837F408FAFAA7C31977D16","ELIGIBLE"
"ecosystem\deployment\DEPLOYMENT_ECOSYSTEM_MODEL.md","DOCUMENTATION",".md","990","1078F9BFE59BC474BD99691B32752CF0B7C68646AC617B8A869D99A793DAEFF9","ELIGIBLE"
"ecosystem\deployment\IMPLEMENTATION_PIPELINE_MODEL.md","DOCUMENTATION",".md","993","6C7C3F654EBDFE305CFCEA592BA0A79B682914E881CFF53EED6A09F7D9E1A054","ELIGIBLE"
"ecosystem\deployment\OPERATIONAL_SCALE_MODEL.md","DOCUMENTATION",".md","833","C17CC1CE940F8188A4D1B216F3DFEC3D5F82B655701CA98571E46618E8C677CD","ELIGIBLE"
"ecosystem\funding\FUNDING_STRATEGY_MODEL.md","DOCUMENTATION",".md","1035","540CE486A58AC9E8BA358B39CCF1629FEDE760DA7FDB32FA0CB181E81296DCDE","ELIGIBLE"
"ecosystem\funding\INVESTMENT_RELATIONSHIP_MODEL.md","DOCUMENTATION",".md","878","5DDEBDDAEE0DE6087C10926E2EEFA9DDE95298D4124E9C61A8E5E0959106B314","ELIGIBLE"
"ecosystem\funding\RESOURCE_ALLOCATION_MODEL.md","DOCUMENTATION",".md","966","42D6D6374BF81663D519E12AFBBCBEAF9CA4EE79E04E039D526258DF3784D845","ELIGIBLE"
"ecosystem\funding\SUSTAINABILITY_FRAMEWORK.md","DOCUMENTATION",".md","976","176154A3D7DF3407879936C60A869E02A021401CC0A1C6111FAE93A5D0A21C2D","ELIGIBLE"
"ecosystem\institutions\GOVERNANCE_RELATIONSHIP_MODEL.md","DOCUMENTATION",".md","1016","DD743057178E8017A1FD4D3932FF23C3F260CEA681692E9691B1B152AB4A740B","ELIGIBLE"
"ecosystem\institutions\INSTITUTIONAL_PARTNERSHIP_MODEL.md","DOCUMENTATION",".md","996","8568BA8CCEC324EADA90E3C6B801935742872F1A078E1A68C13A50D5EC53459F","ELIGIBLE"
"ecosystem\institutions\INSTITUTIONAL_VALIDATION_FRAMEWORK.md","DOCUMENTATION",".md","957","2385EFC50918738959C9D92329D62DA0C16691B3FECBCB6068B45F1AADC1308B","ELIGIBLE"
"ecosystem\institutions\ORGANIZATIONAL_ADOPTION_MODEL.md","DOCUMENTATION",".md","936","2DDD03801A75803701074B54F50191A5241500F051631E201B61F9F675DC60AD","ELIGIBLE"
"ecosystem\integration\ECOSYSTEM_CONNECTIVITY_MODEL.md","DOCUMENTATION",".md","925","16F278DC23B1FA8D3CF58D6DC8B742B22D44ECCBD9083AA596F3C470018BF8C6","ELIGIBLE"
"ecosystem\integration\EXTERNAL_INTERFACE_MODEL.md","DOCUMENTATION",".md","855","C34EFE0DCEBBD0EBB1856B1A1CBF23999F4DDB60FB5A4C9402BAF80147803688","ELIGIBLE"
"ecosystem\integration\INTEROPERABILITY_FRAMEWORK.md","DOCUMENTATION",".md","873","770BD750E659B162997E96C674A45A97B52E8A11D500895DEDB50400D14A7B75","ELIGIBLE"
"ecosystem\integration\SYSTEM_INTEGRATION_MODEL.md","DOCUMENTATION",".md","968","88E3D116486DEC04827BB22531AAABFC8325ADE69B07F4D04BF55F160F285DE1","ELIGIBLE"
"ecosystem\research\COLLABORATION_FRAMEWORK.md","DOCUMENTATION",".md","961","225F0CF2323D8C7F259DD26C6E205357D8672239D085B2A39C5410DA891986A1","ELIGIBLE"
"ecosystem\research\DISCOVERY_NETWORK_MODEL.md","DOCUMENTATION",".md","867","38B167CE71A823ECD60160B74352630BDE4D8220FE07FDD9E039E400A427D420","ELIGIBLE"
"ecosystem\research\PUBLICATION_PIPELINE_MODEL.md","DOCUMENTATION",".md","806","93F2D467914B64E02CA2A55ABC7C1EA2811195A03F169159E4E16953A4564C13","ELIGIBLE"
"ecosystem\research\RESEARCH_PROGRAM_MODEL.md","DOCUMENTATION",".md","974","E596571740E4414C6B6888C7FEBA049A345EC49D08F8C5CAD70F2C9C6E0B8A04","ELIGIBLE"
"ecosystem-intelligence\ecosystem-memory\COLLECTIVE_KNOWLEDGE_MODEL.md","DOCUMENTATION",".md","782","42966F94C6D4427C2B036D479EB20F9A1ADF679A982CE0F40DB588EE41434816","ELIGIBLE"
"ecosystem-intelligence\ecosystem-memory\ECOSYSTEM_MEMORY_MODEL.md","DOCUMENTATION",".md","759","A8427AC24E687E29DE76B89B3E81424F9B612F8CE76208373FDE845A87B74748","ELIGIBLE"
"ecosystem-intelligence\ecosystem-memory\HISTORICAL_CONTEXT_MODEL.md","DOCUMENTATION",".md","736","7B14BE640CB2A9A419DC60EAA34C3ABC63DC49C5D1773FB5DB6B2BFF803B5100","ELIGIBLE"
"ecosystem-intelligence\ecosystem-modeling\ECOSYSTEM_MODELING_FRAMEWORK.md","DOCUMENTATION",".md","778","44534A36C3C2D0824D21B565F270203A0382B00D898F539E17233A494C18E43C","ELIGIBLE"
"ecosystem-intelligence\ecosystem-modeling\ECOSYSTEM_STRUCTURE_MODEL.md","DOCUMENTATION",".md","685","0DE59CAC44ACF98FA75F60C3096F3B69DF39CF0CB49416FB6D31FDA1D364DAE8","ELIGIBLE"
"ecosystem-intelligence\ecosystem-modeling\SYSTEM_RELATIONSHIP_MODEL.md","DOCUMENTATION",".md","705","72DF7200BDE441EF6DA39187402C97F2D4DA336512546ECF990178F77D50C33D","ELIGIBLE"
"ecosystem-intelligence\ecosystem-monitoring\CHANGE_SIGNAL_FRAMEWORK.md","DOCUMENTATION",".md","720","D665EEA1BF2B3A93D00A3A55323D1598FAEFCB472A66C8B777623EF00185ECC7","ELIGIBLE"
"ecosystem-intelligence\ecosystem-monitoring\ECOSYSTEM_HEALTH_MODEL.md","DOCUMENTATION",".md","744","78958AED5C0E4488331A36D5C5EE879C0F8956D7787E10AF90041D6EA11B9D37","ELIGIBLE"
"ecosystem-intelligence\ecosystem-monitoring\ECOSYSTEM_MONITORING_MODEL.md","DOCUMENTATION",".md","780","661183726E9B187D2D87D3473E6F3D0AF6F97D807D420FD228B136F78FD31623","ELIGIBLE"
"ecosystem-intelligence\relationship-intelligence\COLLABORATION_SIGNAL_MODEL.md","DOCUMENTATION",".md","729","DBE3A1719A2DBE38B454D229FF3731F0690637D5D69A5AA096353496924B7465","ELIGIBLE"
"ecosystem-intelligence\relationship-intelligence\PARTNER_ANALYSIS_FRAMEWORK.md","DOCUMENTATION",".md","730","A0F4EA9AC479E21D2BADCAD6E9C4AA5872031472CE83D8B2EAC13AA61C098689","ELIGIBLE"
"ecosystem-intelligence\relationship-intelligence\RELATIONSHIP_INTELLIGENCE_MODEL.md","DOCUMENTATION",".md","821","A6A451A682D05453E609AC5CFB39AEADB460228676A99FE62E5687275905D68A","ELIGIBLE"
"ecosystem-intelligence\strategic-analysis\FUTURE_SCENARIO_MODEL.md","DOCUMENTATION",".md","713","187E453DB48CB6CFBF4D245867FBFFC18A1C5D653D2C55410894CEC74C0C5227","ELIGIBLE"
"ecosystem-intelligence\strategic-analysis\OPPORTUNITY_ASSESSMENT_MODEL.md","DOCUMENTATION",".md","730","143ECDAEB521076DB36857E09835838B23BEEFD06E8D50F288B2F60B019E23F4","ELIGIBLE"
"ecosystem-intelligence\strategic-analysis\STRATEGIC_ANALYSIS_MODEL.md","DOCUMENTATION",".md","767","BD5409F4A74339C4A167AC5A8F93EC4128C356A446B56391B6DFE01697488D19","ELIGIBLE"
"ecosystem-release\architecture-summary\CAPABILITY_MAP.md","DOCUMENTATION",".md","788","BE6BF71D31EE961013232DEA61D01D9B279968C09829C70B9DD61B321AE1D1E1","ELIGIBLE"
"ecosystem-release\architecture-summary\ORYNTH_ARCHITECTURE_SUMMARY.md","DOCUMENTATION",".md","965","BE2CE30149B3809DEA24FDC4ECC4704FD62D2CC67B3D38ADC42C48A8C5A37AEB","ELIGIBLE"
"ecosystem-release\architecture-summary\SYSTEM_LAYER_OVERVIEW.md","DOCUMENTATION",".md","684","8114FF6D966BB88A983295E5352B86BE3B5B14BE256B60DAC9634AFD56C3C8C5","ELIGIBLE"
"ecosystem-release\dependency-lineage\ECOSYSTEM_DEPENDENCY_LINEAGE.md","DOCUMENTATION",".md","834","97E450B2DE5F0F0B474CD229307C334F298AB19DF35362A469FAACAAFA49A062","ELIGIBLE"
"ecosystem-release\dependency-lineage\EVOLUTION_PATHWAY_RECORD.md","DOCUMENTATION",".md","747","3DE6324600663FD32268D504DDEE9CE77C1F02A77C2A5665CB33D6C6612B9B88","ELIGIBLE"
"ecosystem-release\dependency-lineage\RELEASE_RELATIONSHIP_MAP.md","DOCUMENTATION",".md","745","C4C4BF206B34DB28D5A2CB0F1BB8982007AD7F568F3448C91830F78A7BC94544","ELIGIBLE"
"ecosystem-release\final-publication\ECOSYSTEM_RELEASE_RECORD.md","DOCUMENTATION",".md","703","CBE10085ECCC5B2A1097F615B9BFFCF35C1136A8BD86184DD132701835972962","ELIGIBLE"
"ecosystem-release\final-publication\ORYNTH_V1_COMPLETION_RECORD.md","DOCUMENTATION",".md","855","018BD12BD56C496B679024FC2CFCF76F941EF744C41963F7AB2544A2C04D67E7","ELIGIBLE"
"ecosystem-release\final-publication\PUBLICATION_READINESS_RECORD.md","DOCUMENTATION",".md","795","16C1BA8FC1157621DB1F556CC440875CC645AB1EEF4E2EEACB8DDAC9F2B0D002","ELIGIBLE"
"ecosystem-release\final-publication\RELEASE_MANIFEST_INDEX.md","DOCUMENTATION",".md","1250","69A310CABC5B5D1B20BE0408F474228DFE591FD5F67FC630B309299EDFF2E1DF","ELIGIBLE"
"ecosystem-release\release-manifest\ECOSYSTEM_RELEASE_MANIFEST.md","DOCUMENTATION",".md","982","4962A6DF819549182EF71753F6F842759C741B86B1E57261FCE21DDD14AC086D","ELIGIBLE"
"ecosystem-release\release-manifest\RELEASE_SCOPE_RECORD.md","DOCUMENTATION",".md","735","9770030AD4DA12718B5F32216BE7EF599DBCFE3CB3EE1E05FC717D32BA1218D8","ELIGIBLE"
"ecosystem-release\release-manifest\RELEASE_VALIDATION_STATUS.md","DOCUMENTATION",".md","751","0D8D9AE7804D0A2C90AD204F8B49E149712CBFEDBC065EE9F5B88529B31A94C7","ELIGIBLE"
"ecosystem-release\version-registry\ARCHITECTURE_VERSION_HISTORY.md","DOCUMENTATION",".md","710","F4E859B357CD6AD82313960556A349B8DB6AE337666C114E6B36CF9ACE0F49C0","ELIGIBLE"
"ecosystem-release\version-registry\FRAMEWORK_RELEASE_INDEX.md","DOCUMENTATION",".md","763","E54E19B021E7A150A63FA03FF0B2B9BE97DEDAE15F260C69067BED9E9589C045","ELIGIBLE"
"ecosystem-release\version-registry\VERSION_REGISTRY.md","DOCUMENTATION",".md","683","13D009F0709E473C71DDE795FE9DFDEC1A806B8AB9269D9E4EAF79F49085F5C8","ELIGIBLE"
"ecosystem-scale-readiness\deployment-readiness-framework\DEPLOYMENT_READINESS_MODEL.md","DOCUMENTATION",".md","831","E281E850A2C4C5EB061D3320F3C521F7D10DF0496B7D8D4161F9CFA1D4A0754D","ELIGIBLE"
"ecosystem-scale-readiness\deployment-readiness-framework\DEPLOYMENT_REQUIREMENTS_REGISTER.md","DOCUMENTATION",".md","806","00720A156F57FA881ACE1D780242E660E06088F588F5C55616D9F3574877E337","ELIGIBLE"
"ecosystem-scale-readiness\deployment-readiness-framework\DEPLOYMENT_VALIDATION_RECORD.md","DOCUMENTATION",".md","742","224CD79F9A12C952D2A7F0EBB42D7C3BDABEFA61E60F7B96CA75ACCD060BAB6A","ELIGIBLE"
"ecosystem-scale-readiness\ecosystem-impact-measurement\IMPACT_MEASUREMENT_MODEL.md","DOCUMENTATION",".md","818","E8BC061B81BE72A7F4697A9A27A9D5262C2A731034AE31B1E29DECAB2B68511C","ELIGIBLE"
"ecosystem-scale-readiness\ecosystem-impact-measurement\IMPACT_METRIC_REGISTER.md","DOCUMENTATION",".md","713","CEDCA2F21FDDA74D5B533C3C35D1DE5E55B4B91D6057AB10A86461F742B2842B","ELIGIBLE"
"ecosystem-scale-readiness\ecosystem-impact-measurement\OUTCOME_VALIDATION_RECORD.md","DOCUMENTATION",".md","707","750842BA65C4E953053F2864738B27AF54B0CF3F91F314D3E420650C8D4A935C","ELIGIBLE"
"ecosystem-scale-readiness\final-consolidation\ECOSYSTEM_SCALE_VALIDATION_REPORT.md","DOCUMENTATION",".md","763","435A6D7FC8C661960CA68501E5A7BBEF9A092A42F9EA97381F0A6C3BC4EC6752","ELIGIBLE"
"ecosystem-scale-readiness\final-consolidation\LONG_TERM_SCALE_OPERATIONS_MODEL.md","DOCUMENTATION",".md","716","8D3AC00DC963CCFBFB527BA91CC489BFDF60C9489BC91D94C80F4B4475C14E0E","ELIGIBLE"
"ecosystem-scale-readiness\final-consolidation\SCALE_READINESS_COMPLETION_RECORD.md","DOCUMENTATION",".md","770","BDDF1B277514A40CA4C5E9773ED2F849A88683BA63E3F27BC571BDA2BCA2D83D","ELIGIBLE"
"ecosystem-scale-readiness\global-knowledge-distribution\KNOWLEDGE_DISTRIBUTION_MODEL.md","DOCUMENTATION",".md","817","852866E99E438432A73CFB71C991CF072A2619AE648C8025970CF79D85ED892F","ELIGIBLE"
"ecosystem-scale-readiness\global-knowledge-distribution\KNOWLEDGE_REACH_RECORD.md","DOCUMENTATION",".md","720","5A85A23DD33FC56F8E2910523B64E270B5898EF52C96F063F745922FE5F31F8E","ELIGIBLE"
"ecosystem-scale-readiness\global-knowledge-distribution\REFERENCE_ACCESS_FRAMEWORK.md","DOCUMENTATION",".md","775","794B431A17CFB04B573D83A6D0FE2C1EDCEC84E5E930A4FAFCEFADDDE3F7A4C3","ELIGIBLE"
"ecosystem-scale-readiness\operational-scaling-model\OPERATIONAL_SCALING_MODEL.md","DOCUMENTATION",".md","846","9B50E90E959201FEE42505287C97564471676AF4363CE89D1FDF6ACCA04E1098","ELIGIBLE"
"ecosystem-scale-readiness\operational-scaling-model\SCALING_CAPACITY_REGISTER.md","DOCUMENTATION",".md","759","031D0C62D65004A2F164C404D003422438B011A99026AC4A20D48A6691B72A7B","ELIGIBLE"
"ecosystem-scale-readiness\operational-scaling-model\SCALING_VALIDATION_FRAMEWORK.md","DOCUMENTATION",".md","816","8CCC9F19682A2895B7A0E80CF88BB86F8217DACC491C9503D1134EBAA82EA90D","ELIGIBLE"
"ecosystem-scaling\domain-expansion\APPLICATION_GROWTH_FRAMEWORK.md","DOCUMENTATION",".md","667","0E0BE095C99E993D408D34005003176C55A2364247C4332E407FA7D5E666ECBF","ELIGIBLE"
"ecosystem-scaling\domain-expansion\DOMAIN_EXPANSION_MODEL.md","DOCUMENTATION",".md","827","3EDCAAF9F2580BFD87FD32AD2E5E9349C8496198FD21B903C963282B49930DA0","ELIGIBLE"
"ecosystem-scaling\domain-expansion\DOMAIN_PRIORITY_MODEL.md","DOCUMENTATION",".md","672","30214736688FA70DC4C84C6885607035DE2BA6B6F628F5BA7606A98F4D57F4F0","ELIGIBLE"
"ecosystem-scaling\future-capability-planning\FUTURE_CAPABILITY_MODEL.md","DOCUMENTATION",".md","731","42FB88A9D31AF11734E3AFFA498EB95833C4CB2810F84C171FE88DF4E6932F94","ELIGIBLE"
"ecosystem-scaling\future-capability-planning\STRATEGIC_EXPANSION_FRAMEWORK.md","DOCUMENTATION",".md","724","C825958894A240ECBB615862E855C30FA0131A1069493725A54AC1353262EC93","ELIGIBLE"
"ecosystem-scaling\future-capability-planning\SUCCESSOR_CAPABILITY_PLANNING.md","DOCUMENTATION",".md","785","5CE42E767E1757298E934C18408937C51B67B7D630B35ACCEBE3BEB07EC2AAFC","ELIGIBLE"
"ecosystem-scaling\institutional-expansion\INSTITUTIONAL_MATURITY_PATHWAY.md","DOCUMENTATION",".md","640","3DE8CFB75536B7E71945D420FDB1A81C8C99647E5D78C398A71F7F21F2EFAA72","ELIGIBLE"
"ecosystem-scaling\institutional-expansion\INSTITUTIONAL_SCALING_MODEL.md","DOCUMENTATION",".md","761","3A0D81DE3C465A7EE407336071A76D7DB3320EC1F40D6ED496B8DB4171D2F43F","ELIGIBLE"
"ecosystem-scaling\institutional-expansion\ORGANIZATIONAL_EXPANSION_FRAMEWORK.md","DOCUMENTATION",".md","660","E63F91F9DF7A55D77A7AD4AAB6F86F77A9A4022618D827D0F79D2C95136AF12C","ELIGIBLE"
"ecosystem-scaling\maturity-model\CAPABILITY_ASSESSMENT_FRAMEWORK.md","DOCUMENTATION",".md","860","FCDEFC0959480B8CD7B3B432413966142CA2CEF6EB9D69D3209F7E30BE7F7AAD","ELIGIBLE"
"ecosystem-scaling\maturity-model\ECOSYSTEM_MATURITY_MODEL.md","DOCUMENTATION",".md","883","09DF9A3F910A5D0D5FB8179AAFFDCE37C13EE604DBC0CAD96625B7BE55BD0C65","ELIGIBLE"
"ecosystem-scaling\maturity-model\MATURITY_PROGRESSION_MODEL.md","DOCUMENTATION",".md","766","DF0575B142E55E554919DD208CC47CA03CF31B9F3803AE8C380E3D84968AD917","ELIGIBLE"
"ecosystem-scaling\partnership-growth\COLLABORATION_EXPANSION_MODEL.md","DOCUMENTATION",".md","630","8C5BEB5F1EC3B5E25E6180F0035BE57B0F68814F72EB1E7B931612C33EACF66A","ELIGIBLE"
"ecosystem-scaling\partnership-growth\ECOSYSTEM_PARTNER_FRAMEWORK.md","DOCUMENTATION",".md","636","0DAE4C0A5D7E866908993B92C083C7451E6E5C4992F58DE722A0FFDC33BA1158","ELIGIBLE"
"ecosystem-scaling\partnership-growth\PARTNERSHIP_GROWTH_MODEL.md","DOCUMENTATION",".md","771","68189391AC62BD8A4B5E5188D95C8C5C0C20AF2D95DC6FEEDB715CF0F4E75772","ELIGIBLE"
"eternal-architecture-stewardship\autonomous-evolution-governance\AUTONOMOUS_EVOLUTION_GOVERNANCE.md","DOCUMENTATION",".md","1213","4C03CD94143C8D7709421A94D2AC70D5C88627E783E06944CF3AEB044147956D","ELIGIBLE"
"eternal-architecture-stewardship\autonomous-evolution-governance\EVOLUTION_GOVERNANCE_EVOLUTION_RECORD.md","DOCUMENTATION",".md","1002","EEA8556B5F6D1FABE2D42EC51529990F0CD5B0152EFFB65D9183AB4102B71450","ELIGIBLE"
"eternal-architecture-stewardship\autonomous-evolution-governance\EVOLUTION_GOVERNANCE_STATE_REGISTER.md","DOCUMENTATION",".md","952","86697586DD6075DEBD78941E6D5363DAF6133B04F7068BE71B4EBE57474E913B","ELIGIBLE"
"eternal-architecture-stewardship\final-consolidation\COMPLETE_ETERNAL_STEWARDSHIP_STATE.md","DOCUMENTATION",".md","870","7E9D4B8C65DD362404CE0812B1B21D28AE45EB00268B6401227E479A75A092AB","ELIGIBLE"
"eternal-architecture-stewardship\final-consolidation\ETERNAL_STEWARDSHIP_COMPLETION_RECORD.md","DOCUMENTATION",".md","1024","0D91C0E786F2FB5365DC5D65CF6A9D853F35B7AE614AFF218FCA071A9FA931BB","ELIGIBLE"
"eternal-architecture-stewardship\final-consolidation\ETERNAL_STEWARDSHIP_VALIDATION_REPORT.md","DOCUMENTATION",".md","958","A9A568E1B23C4571030BD92213713EC39FDC17ABDFF8E6C3FA17A5A023B2D95C","ELIGIBLE"
"eternal-architecture-stewardship\infinite-architecture-renewal\INFINITE_ARCHITECTURE_RENEWAL.md","DOCUMENTATION",".md","1230","360229F8D89903D7989ACAD8F8CF0E24FFED29227CF86F1F97D67A963AC74C1F","ELIGIBLE"
"eternal-architecture-stewardship\infinite-architecture-renewal\RENEWAL_EVOLUTION_RECORD.md","DOCUMENTATION",".md","943","992CF81AC56B024028916E3D39B166AC297F9AC99C4C4C0F90A5069B27299DD2","ELIGIBLE"
"eternal-architecture-stewardship\infinite-architecture-renewal\RENEWAL_STATE_REGISTER.md","DOCUMENTATION",".md","923","BEBBAAFB526615D302915CA589616610308B2CF3856E8F982D4FD9F70899511E","ELIGIBLE"
"eternal-architecture-stewardship\recursive-ecosystem-intelligence\ECOSYSTEM_INTELLIGENCE_EVOLUTION_RECORD.md","DOCUMENTATION",".md","1004","ADA244B3826D04E10318770F13C854459678D73FF6D0980C9FD5144CD158422A","ELIGIBLE"
"eternal-architecture-stewardship\recursive-ecosystem-intelligence\ECOSYSTEM_INTELLIGENCE_STATE_REGISTER.md","DOCUMENTATION",".md","992","96098776A5691F747C2891FCEA42D99A8ADF11BF9DB91746FEA433EC8CFF0011","ELIGIBLE"
"eternal-architecture-stewardship\recursive-ecosystem-intelligence\RECURSIVE_ECOSYSTEM_INTELLIGENCE.md","DOCUMENTATION",".md","1201","C3C94CA21020460A1DD572691E0D7A028F896AC0025EA6C6C992778700C9A8E3","ELIGIBLE"
"eternal-architecture-stewardship\universal-knowledge-continuity\KNOWLEDGE_EVOLUTION_RECORD.md","DOCUMENTATION",".md","938","F4AAE7EB99D54A4EFA878010D43DD69CB0195BD6F2E0940F571C14BE470AA2AF","ELIGIBLE"
"eternal-architecture-stewardship\universal-knowledge-continuity\KNOWLEDGE_STATE_REGISTER.md","DOCUMENTATION",".md","932","B208DB29425416397DFC613B432DED03F00B37B3BD003B8D6BC9CC5617D3C063","ELIGIBLE"
"eternal-architecture-stewardship\universal-knowledge-continuity\UNIVERSAL_KNOWLEDGE_CONTINUITY.md","DOCUMENTATION",".md","1195","DC016E598F1693561D2097A18AA904F81308312C05969E22BD53FD5E798E5339","ELIGIBLE"
"execution-assurance\assurance-reporting\ASSURANCE_OUTCOME_MODEL.md","DOCUMENTATION",".md","670","FFA406CE09A47CDF6CC71B8AE5EBBC4818E8CFB1FA7D403B0C313CDC61D9A513","ELIGIBLE"
"execution-assurance\assurance-reporting\ASSURANCE_REPORT_MODEL.md","DOCUMENTATION",".md","828","F44AC575316A380D80EDC75CBC27D0399DCF756A6E7C89ABCBC0E4DF8C47924B","ELIGIBLE"
"execution-assurance\assurance-reporting\EXECUTION_HISTORY_MODEL.md","DOCUMENTATION",".md","692","DCCF51EE888E5AB31C6CB262BE255738F79E442BDBC3BEDF39044E02B3812781","ELIGIBLE"
"execution-assurance\execution-controls\CONSTRAINT_ENFORCEMENT_MODEL.md","DOCUMENTATION",".md","732","DB14C6608820D239DEB9D7BC007569F3E543E50D758B455835732831E9B5D0B9","ELIGIBLE"
"execution-assurance\execution-controls\EXECUTION_BOUNDARY_MODEL.md","DOCUMENTATION",".md","719","3399EA3818CD0AC5BD058F3498F9833B55516490545201FB50E3F3592A5AF164","ELIGIBLE"
"execution-assurance\execution-controls\EXECUTION_CONTROL_MODEL.md","DOCUMENTATION",".md","759","DF859E5187511817E059C0E5BCC5C43760183C69CB548C24E61796F45012BADC","ELIGIBLE"
"execution-assurance\execution-governance\AUTHORITY_EXECUTION_MODEL.md","DOCUMENTATION",".md","732","3FF06E213614F42EC091E8F11771B5FC221681AF6003FE9C508FB14046FB9B83","ELIGIBLE"
"execution-assurance\execution-governance\EXECUTION_DECISION_RECORD.md","DOCUMENTATION",".md","595","74B0DF292114A07BEB3F92117B5FBA064D4EC0A44CA5C554CCE0131B86C846BD","ELIGIBLE"
"execution-assurance\execution-governance\EXECUTION_GOVERNANCE_MODEL.md","DOCUMENTATION",".md","824","FD4FBC0D0B32374CC92ECB23FF922DD26EBF845B31EC3FCBEB1C2865C2E5E661","ELIGIBLE"
"execution-assurance\runtime-assurance\EXECUTION_STATE_MODEL.md","DOCUMENTATION",".md","647","8A3BC60169B45B3402358D26C158EC340875267E0CBE8C72E389DA4A68B8A1A8","ELIGIBLE"
"execution-assurance\runtime-assurance\RECONSTRUCTION_MODEL.md","DOCUMENTATION",".md","750","BB9876A73F978779E5C6B640129000F68EE3ABA039A0982E0AD58BB7EBBA3AE5","ELIGIBLE"
"execution-assurance\runtime-assurance\RUNTIME_ASSURANCE_MODEL.md","DOCUMENTATION",".md","793","33703685989969EEE025C0E6025438B4DAB9F0D5949C54BEC4D79B3FB05BB445","ELIGIBLE"
"execution-assurance\verification-framework\EVIDENCE_VERIFICATION_MODEL.md","DOCUMENTATION",".md","709","C0336A81110A8B0B1152C6149A203FE4E023649550ACF0D3AB53BBCB405B2D4F","ELIGIBLE"
"execution-assurance\verification-framework\VALIDATION_PATHWAY_MODEL.md","DOCUMENTATION",".md","708","6AD7D4D34AAA31202AEE63B92F7BCAE5C3A730D3565FDB3C0976EB0909BA7DEF","ELIGIBLE"
"execution-assurance\verification-framework\VERIFICATION_FRAMEWORK_MODEL.md","DOCUMENTATION",".md","751","4F2C7352C54450CCBC9047F1E7C4D322017038B8A97B57189180C883DAAFE92F","ELIGIBLE"
"external-engagement\COLLABORATION_HISTORY_RECORD.md","DOCUMENTATION",".md","0","E3B0C44298FC1C149AFBF4C8996FB92427AE41E4649B934CA495991B7852B855","ELIGIBLE"
"external-engagement\COLLABORATION_OPPORTUNITY_MODEL.md","DOCUMENTATION",".md","0","E3B0C44298FC1C149AFBF4C8996FB92427AE41E4649B934CA495991B7852B855","ELIGIBLE"
"external-engagement\ENGAGEMENT_RESPONSE_TRACKING.md","DOCUMENTATION",".md","0","E3B0C44298FC1C149AFBF4C8996FB92427AE41E4649B934CA495991B7852B855","ELIGIBLE"
"external-engagement\FEEDBACK_CLASSIFICATION_MODEL.md","DOCUMENTATION",".md","0","E3B0C44298FC1C149AFBF4C8996FB92427AE41E4649B934CA495991B7852B855","ELIGIBLE"
"external-engagement\INSTITUTIONAL_CONTACT_RECORD.md","DOCUMENTATION",".md","0","E3B0C44298FC1C149AFBF4C8996FB92427AE41E4649B934CA495991B7852B855","ELIGIBLE"
"external-engagement\collaborators\COLLABORATION_HISTORY_RECORD.md","DOCUMENTATION",".md","415","D84BD0952D6CB7C8F870F64D0B13ACAF7AD9C7B187BB42E8AF2E67C264416FAA","ELIGIBLE"
"external-engagement\collaborators\COLLABORATION_OPPORTUNITY_MODEL.md","DOCUMENTATION",".md","550","1E51A3C256227E539F3F633794FFD50CFD7B40692EBCC282405DFEF3BE219460","ELIGIBLE"
"external-engagement\collaborators\COLLABORATOR_FRAMEWORK.md","DOCUMENTATION",".md","463","65884C304D7A2FBAF5AA455A90E0F665C2831AC2983DF82FF74DC7881347054B","ELIGIBLE"
"external-engagement\feedback-management\ENGAGEMENT_RESPONSE_TRACKING.md","DOCUMENTATION",".md","579","7FFDFCF309E2BFF07D0A0D0BB1A4E340D31D392427B0CA13DCEAAC50008EC318","ELIGIBLE"
"external-engagement\feedback-management\FEEDBACK_CLASSIFICATION_MODEL.md","DOCUMENTATION",".md","557","0AA3FC9E1BC2E42F54BE83490C7736E2494ABECEC0BC13DF2BCFCC924CB2469E","ELIGIBLE"
"external-engagement\feedback-management\FEEDBACK_INTAKE_MODEL.md","DOCUMENTATION",".md","544","8DDF41D9AD1D88B66B708C47D872957A5B5EE119EC2DD6537CEB4C0C6D587425","ELIGIBLE"
"external-engagement\institutions\INSTITUTIONAL_CONTACT_RECORD.md","DOCUMENTATION",".md","308","299733143EC0248051FA45A704E9FD6745008CF7557CD133F2E0D18E97623C4F","ELIGIBLE"
"external-engagement\institutions\INSTITUTIONAL_ENGAGEMENT_MODEL.md","DOCUMENTATION",".md","635","261557CAAFE563EB220EBAE9773B03F072DE9238CA5536ABACABEE76EEC66331","ELIGIBLE"
"external-engagement\institutions\RESEARCH_INSTITUTION_PATHWAY.md","DOCUMENTATION",".md","529","F04C527B3266F5000028AF0D03CE8048AFB083E8B68C7776667ABBB13CD0FD78","ELIGIBLE"
"external-engagement\researchers\RESEARCHER_ENGAGEMENT_MODEL.md","DOCUMENTATION",".md","454","F8190377FB7CA027FFA13EE82CE62335121FE93EBD2E14A263ADF4372E21F802","ELIGIBLE"
"external-engagement\researchers\RESEARCH_COLLABORATION_PATHWAY.md","DOCUMENTATION",".md","453","607B0585EDD0F522878E9E1821846EEDE614C071F9266916040571345A6576C1","ELIGIBLE"
"external-engagement\researchers\RESEARCH_NETWORK_MODEL.md","DOCUMENTATION",".md","423","DD3878A11D1C7CE712E078B6D9755C2EB28CE0A7D6FB0CA89BE8B166C4E93CEE","ELIGIBLE"
"external-engagement\reviewers\REVIEWER_DIRECTORY_MODEL.md","DOCUMENTATION",".md","415","385B02F93ACD3A2F332A1518DA437519A446A56C0A2277B766A66511C8BF7C45","ELIGIBLE"
"external-engagement\reviewers\REVIEWER_ENGAGEMENT_MODEL.md","DOCUMENTATION",".md","601","687E35795CEEA92CD2A1727FA772BAA8528D0AA34D93521F63B5D68AD71D2A62","ELIGIBLE"
"external-engagement\reviewers\REVIEW_REQUEST_PROCESS.md","DOCUMENTATION",".md","489","0FC208A71314956BC16E9E260D079D5C59C3B911D72A6C73AE64CDE3E56767D6","ELIGIBLE"
"external-validation\AMENDMENT_TRACKING_MODEL.md","DOCUMENTATION",".md","0","E3B0C44298FC1C149AFBF4C8996FB92427AE41E4649B934CA495991B7852B855","ELIGIBLE"
"external-validation\CHANGE_EVALUATION_PROCESS.md","DOCUMENTATION",".md","0","E3B0C44298FC1C149AFBF4C8996FB92427AE41E4649B934CA495991B7852B855","ELIGIBLE"
"external-validation\collaboration-tracking\COLLABORATION_HISTORY.md","DOCUMENTATION",".md","362","01C5F4F3A802E341C8CB33B598953C6F3005CAC83A481D7D405265AB34536386","ELIGIBLE"
"external-validation\collaboration-tracking\COLLABORATION_TRACKING_MODEL.md","DOCUMENTATION",".md","425","C11CAD85ECA15DD518F46CE1F3B00F4640771ED26DDABA16B2032544D1C17C61","ELIGIBLE"
"external-validation\collaboration-tracking\PARTNERSHIP_ACTIVITY_RECORD.md","DOCUMENTATION",".md","297","18BD4276BB444FF39F308D6A84E960720FC6FB6727CDAD035CF02BB3BEE24F82","ELIGIBLE"
"external-validation\institutional-feedback\ENGAGEMENT_ASSESSMENT_MODEL.md","DOCUMENTATION",".md","510","E359C0DBB96BADA84619BD84665BD585EDE6E74B505FB8F22557F34B7202843B","ELIGIBLE"
"external-validation\institutional-feedback\INSTITUTIONAL_REVIEW_MODEL.md","DOCUMENTATION",".md","648","5E4F1287D0AC50658D3C01CF2686343479C63C00AA1F405BB418A213755988EA","ELIGIBLE"
"external-validation\institutional-feedback\STAKEHOLDER_FEEDBACK_RECORD.md","DOCUMENTATION",".md","447","185B619D1F08396F84A0892FF81C156E7F0D286838463EAECDC49BC79CA3E0C9","ELIGIBLE"
"external-validation\peer-review\PEER_REVIEW_PROCESS.md","DOCUMENTATION",".md","444","416FBB257D9D9CD3E8926CF4E5F490F36388AA7D444FB730893C82EE07C9140E","ELIGIBLE"
"external-validation\peer-review\REVIEW_CRITERIA.md","DOCUMENTATION",".md","525","6ED83CE9188A391739B66BC6E64169252A3184A0FCB9126A7E9378571239E90E","ELIGIBLE"
"external-validation\peer-review\REVIEW_RECORD_TEMPLATE.md","DOCUMENTATION",".md","331","6A7A2868B0A5E2F66441EC6959A838930CBDD9D0227F3FE52DC23A2F2594CE50","ELIGIBLE"
"external-validation\revision-management\AMENDMENT_TRACKING_MODEL.md","DOCUMENTATION",".md","659","C939BF0537C141D85580B8952A8C899A5818DB742E9395ACA4140CAF3E559D96","ELIGIBLE"
"external-validation\revision-management\CHANGE_EVALUATION_PROCESS.md","DOCUMENTATION",".md","631","86E4A5D733DC395CE87CB508250AD517DCFBE9D98D27EB586E0CE70AD3D15E6D","ELIGIBLE"
"external-validation\revision-management\REVISION_CONTROL_MODEL.md","DOCUMENTATION",".md","796","CB4D89F21A0ECF1149B2636D7B66AF921F6E12BE26F4000A09D44D69CFDC64D7","ELIGIBLE"
"external-validation\technical-feedback\ISSUE_CLASSIFICATION_MODEL.md","DOCUMENTATION",".md","425","DC276993F3D161288F5BDFAC90789D79343C6E3DADDF3FB0799652463F795E15","ELIGIBLE"
"external-validation\technical-feedback\TECHNICAL_FEEDBACK_MODEL.md","DOCUMENTATION",".md","419","48EE40BFAF5263DE2F379655C7E9373D127E529DA9E86E1CE4F0733251FF5434","ELIGIBLE"
"external-validation\technical-feedback\VALIDATION_FEEDBACK_RECORD.md","DOCUMENTATION",".md","301","AC63EE3166744C4CCCF0E1ADD4904D32CF69F14A3201B05109CCD760A543E89A","ELIGIBLE"
"final-architecture-certification-framework\complete-repository-audit\ARTIFACT_COMPLETENESS_REPORT.md","DOCUMENTATION",".md","1041","44850C52F087703A069E88F4C40CDD58E3D5860D063F6195FAC5E41D6544595D","ELIGIBLE"
"final-architecture-certification-framework\complete-repository-audit\COMPLETE_REPOSITORY_AUDIT.md","DOCUMENTATION",".md","1222","6F063F285EB81E35E98D1A059B027CB3E97AB4D5D987073713DEE307BFA275AD","ELIGIBLE"
"final-architecture-certification-framework\complete-repository-audit\REPOSITORY_STRUCTURE_VALIDATION.md","DOCUMENTATION",".md","951","A4944BB9B5AB7945BCB355223A0536A89B22DD241F1DF300B6AB3AC8C3234A35","ELIGIBLE"
"final-architecture-certification-framework\cross-framework-consistency-validation\CROSS_FRAMEWORK_CONSISTENCY_VALIDATION.md","DOCUMENTATION",".md","0","E3B0C44298FC1C149AFBF4C8996FB92427AE41E4649B934CA495991B7852B855","ELIGIBLE"
"final-architecture-certification-framework\cross-framework-consistency-validation\DEPENDENCY_CONSISTENCY_REPORT.md","DOCUMENTATION",".md","0","E3B0C44298FC1C149AFBF4C8996FB92427AE41E4649B934CA495991B7852B855","ELIGIBLE"
"final-architecture-certification-framework\cross-framework-consistency-validation\SEMANTIC_ALIGNMENT_REPORT.md","DOCUMENTATION",".md","0","E3B0C44298FC1C149AFBF4C8996FB92427AE41E4649B934CA495991B7852B855","ELIGIBLE"
"final-architecture-certification-framework\final-consolidation\FINAL_ARCHITECTURE_CERTIFICATION_COMPLETION_RECORD.md","DOCUMENTATION",".md","1021","FB2A2A1621C92BE7DE4D7C9DE45CB03E260DFCDEFDC7B6DD91802F7F32FFC7A8","ELIGIBLE"
"final-architecture-certification-framework\final-consolidation\FINAL_ARCHITECTURE_CERTIFICATION_VALIDATION_REPORT.md","DOCUMENTATION",".md","1149","0BE531DFC5736B611CACD8A216634B435B38E197334A66316D2B1FB576DFB612","ELIGIBLE"
"final-architecture-certification-framework\final-consolidation\MORNING_STAR_CERTIFIED_REFERENCE_STATE.md","DOCUMENTATION",".md","1443","5871F78BC041EF6A4A067370210CECC33249360290C2FEF3CFB65FDF36D3E249","ELIGIBLE"
"final-architecture-certification-framework\final-documentation-release-assembly\FINAL_DOCUMENTATION_RELEASE_PLAN.md","DOCUMENTATION",".md","1180","2CDB39DFA58EFA9B4AE2BB467A4175C0880393FBA12A3C667463BBF04C882F86","ELIGIBLE"
"final-architecture-certification-framework\final-documentation-release-assembly\PUBLIC_REFERENCE_DOCUMENT_INDEX.md","DOCUMENTATION",".md","1072","909AB7ABECF0B578545A9D20CC2B9A97D567EDE494B534D630F0FFFA27990F97","ELIGIBLE"
"final-architecture-certification-framework\final-documentation-release-assembly\RELEASE_METADATA.md","DOCUMENTATION",".md","701","1BFB57DAAD1C86DFD8FFF595BF419E6CB85BA67B54588E3D7CC81ED363F89010","ELIGIBLE"
"final-architecture-certification-framework\v1.0.0-public-reference-state\FINAL_CERTIFICATION_RECORD.md","DOCUMENTATION",".md","838","67CBB21BD4C32DC88B9E134D367F7D6D800126A75E36E9F85167DB45EB0FC516","ELIGIBLE"
"final-architecture-certification-framework\v1.0.0-public-reference-state\MORNING_STAR_V1_RELEASE_STATE.md","DOCUMENTATION",".md","964","F42D1FE89319EFFA87B3780A46702A014753220B92C95BC2248760C7400E129E","ELIGIBLE"
"final-architecture-certification-framework\v1.0.0-public-reference-state\PUBLIC_REFERENCE_STATE.md","DOCUMENTATION",".md","1012","E5195A84E981F4B4A7098EB4496EA30E01738175DAB7F44CFFCFC917F4E409BB","ELIGIBLE"
"final-consolidation-publication-state\complete-architecture-validation\COMPLETE_ARCHITECTURE_VALIDATION.md","DOCUMENTATION",".md","1118","902BAEC5ACFC92E031CE7ABECD96486BCAC216ECD675927DEC43174872DBE285","ELIGIBLE"
"final-consolidation-publication-state\complete-architecture-validation\VALIDATION_EVOLUTION_RECORD.md","DOCUMENTATION",".md","837","893807AD933126430276D4C92EC25945F30D90B35BCB6D3E861D50B70023F360","ELIGIBLE"
"final-consolidation-publication-state\complete-architecture-validation\VALIDATION_STATE_REGISTER.md","DOCUMENTATION",".md","880","CCFB448BB13902CA44821C0949E16CBCD52DEA2B90F69222DFEC5F050A5554F7","ELIGIBLE"
"final-consolidation-publication-state\final-documentation-consolidation\DOCUMENTATION_EVOLUTION_RECORD.md","DOCUMENTATION",".md","804","0C703736F5982B7BB5C141C081113960695766D1B35BB6C03A80BD93C1CB3538","ELIGIBLE"
"final-consolidation-publication-state\final-documentation-consolidation\DOCUMENTATION_STATE_REGISTER.md","DOCUMENTATION",".md","872","ABD698554DC8C47B7DE471E0948A39884F8801EF460EE17A7276BE4B60B3FEE1","ELIGIBLE"
"final-consolidation-publication-state\final-documentation-consolidation\FINAL_DOCUMENTATION_CONSOLIDATION.md","DOCUMENTATION",".md","1037","2B5467F02A51F1155C59A65880D991EE4AB046AF41B8C4EBCCAE6375A46AC8FA","ELIGIBLE"
"final-consolidation-publication-state\final-validation\FINAL_CONSOLIDATION_COMPLETION_RECORD.md","DOCUMENTATION",".md","904","C21B0128B6F6A15725A292AFDE9F18BDF0E16D54094C28AA564430F1BA8CB32F","ELIGIBLE"
"final-consolidation-publication-state\final-validation\FINAL_ORYNTH_REFERENCE_STATE.md","DOCUMENTATION",".md","1043","8C5E2CC48684DB73B4065151A37E13DD726E406280754225DE2EF381E21A1007","ELIGIBLE"
"final-consolidation-publication-state\final-validation\FINAL_PUBLICATION_VALIDATION_REPORT.md","DOCUMENTATION",".md","872","119765697B798526A282E9CCB8508EF11163AFC5C7722C432035AD831F455C3C","ELIGIBLE"
"final-consolidation-publication-state\public-release-architecture\PUBLIC_RELEASE_ARCHITECTURE.md","DOCUMENTATION",".md","1002","A3970D33CF0EAFE474246C1FEE2C58A1E25E10B7041538CF304CAA1EA7FA7018","ELIGIBLE"
"final-consolidation-publication-state\public-release-architecture\PUBLIC_RELEASE_EVOLUTION_RECORD.md","DOCUMENTATION",".md","853","51C2FD9A756B48FDD481E0D4C58E233D3E71088F5ED2FD8125D04AAB438CA118","ELIGIBLE"
"final-consolidation-publication-state\public-release-architecture\PUBLIC_RELEASE_STATE_REGISTER.md","DOCUMENTATION",".md","923","99446F8CA6AF3A5EAC3F1FE4E69F6E0417B81449B0543C637B8D6057088959B5","ELIGIBLE"
"final-consolidation-publication-state\reference-state-freeze\REFERENCE_FREEZE_EVOLUTION_RECORD.md","DOCUMENTATION",".md","843","B7662FC4736B2D782933556AFFEB56E57092DF39264A34A53274FCCD410240F8","ELIGIBLE"
"final-consolidation-publication-state\reference-state-freeze\REFERENCE_FREEZE_REGISTER.md","DOCUMENTATION",".md","879","61E6FE4E6670A41B9CE30D16C764C1F125BD2E3A21D555353F3092C9B5F6551B","ELIGIBLE"
"final-consolidation-publication-state\reference-state-freeze\REFERENCE_STATE_FREEZE.md","DOCUMENTATION",".md","955","F362B4487E4F19C29F2CEAF7DEC6EBC9C496E7FEB6B72B32C6B325213E9089E3","ELIGIBLE"
"funding-activation\foundation-outreach\FOUNDATION_ENGAGEMENT_MODEL.md","DOCUMENTATION",".md","530","87946A47F0BBB39D2DCDAEEA7C4E662382F34791E165ADFB9128355A0F790E8B","ELIGIBLE"
"funding-activation\foundation-outreach\FOUNDATION_TARGETING_FRAMEWORK.md","DOCUMENTATION",".md","480","0151B4786915044A98EB9A8B5948C7F4FA184099F48AD8CA58C9EAEE3CF61C75","ELIGIBLE"
"funding-activation\foundation-outreach\OUTREACH_TRACKING_MODEL.md","DOCUMENTATION",".md","378","E0B95E9770A9F96B94D57352BF49F81B6E77D65AFA1ADF17FE964BAA660CE4E8","ELIGIBLE"
"funding-activation\funding-records\FUNDING_DECISION_ARCHIVE.md","DOCUMENTATION",".md","579","0F62179017934A61560728A477B2E5057CEBA5B80A7D0DED6925D9A1700EAB6B","ELIGIBLE"
"funding-activation\funding-records\FUNDING_HISTORY_RECORD.md","DOCUMENTATION",".md","529","328A6F2757AD4A4DBFBCA777263C819CEBEBB2344E7592AC177088E001202749","ELIGIBLE"
"funding-activation\funding-records\SUBMISSION_TRACKING_MODEL.md","DOCUMENTATION",".md","607","322036E623C6B354A8746BF75E6BE9F8DEDB0E1E9AF8CCD0F97786C4872C57B5","ELIGIBLE"
"funding-activation\grant-strategy\FUNDING_APPLICATION_PIPELINE.md","DOCUMENTATION",".md","639","7A249DA6E1ADB154AC91FC2E556BE122ED071859D75FF8E3EC94CD8098328200","ELIGIBLE"
"funding-activation\grant-strategy\GRANT_ALIGNMENT_FRAMEWORK.md","DOCUMENTATION",".md","603","789EB4548085BA04C6B954437346868C85BFC6DC5100F6FC373FF28136F1FEC4","ELIGIBLE"
"funding-activation\grant-strategy\GRANT_STRATEGY_MODEL.md","DOCUMENTATION",".md","864","2D3A9A924C10001376BC7FDFF665371247E441D1EF2805B4566A3FAD27E782FD","ELIGIBLE"
"funding-activation\sponsorship-model\PARTNER_CONTRIBUTION_MODEL.md","DOCUMENTATION",".md","498","B56CEAB23B8307F4392B9F0C3F9CD624A61C2FD54A67CFD476E5CD0999008480","ELIGIBLE"
"funding-activation\sponsorship-model\RESEARCH_SUPPORT_MODEL.md","DOCUMENTATION",".md","642","61687D7D24683BC3BA102C9C32523F3DE5861D6D52A3FAF340B8A3D38ED6F730","ELIGIBLE"
"funding-activation\sponsorship-model\SPONSORSHIP_FRAMEWORK.md","DOCUMENTATION",".md","798","293AF190DDF35522E7A59B8EDFA117DCF7125638FC5C451EDB8E5DC1421342AC","ELIGIBLE"
"funding-activation\sustainability-plan\LONG_TERM_SUSTAINABILITY_MODEL.md","DOCUMENTATION",".md","586","C90F11FA8BF940565A17282BDE346BBB57D89E15855DF8EE1CCCA4660EF0BF5F","ELIGIBLE"
"funding-activation\sustainability-plan\OPERATIONAL_CONTINUITY_MODEL.md","DOCUMENTATION",".md","446","0E57A25C837B7E06F54B35AE4871146E6CF467B7E954779549A206FA5EC2E64F","ELIGIBLE"
"funding-activation\sustainability-plan\RESOURCE_PLANNING_MODEL.md","DOCUMENTATION",".md","467","7AE1B44BFC7B748C779BEB97A502276D8B37D3D989958E3C38929F84158AAF2C","ELIGIBLE"
"global-architecture-operations\continuous-improvement-engine\CONTINUOUS_IMPROVEMENT_MODEL.md","DOCUMENTATION",".md","887","CF949061450A2025672174BD9C2CF55CED198FF6099600927604687B8FB004D6","ELIGIBLE"
"global-architecture-operations\continuous-improvement-engine\IMPROVEMENT_PIPELINE_REGISTER.md","DOCUMENTATION",".md","745","42B9EE6ACBC58A74ACFF818A6CD28EA1245CC8929E88DE9E824B31A78A5077C1","ELIGIBLE"
"global-architecture-operations\continuous-improvement-engine\OPTIMIZATION_HISTORY_RECORD.md","DOCUMENTATION",".md","811","D65D9465D0703D5BCA325FD531186B096C5B77F37606852065A3D265EDAEF8FF","ELIGIBLE"
"global-architecture-operations\ecosystem-governance-network\ECOSYSTEM_GOVERNANCE_NETWORK.md","DOCUMENTATION",".md","863","FE634F74F04782568151A7E54DC5327B6D5C9E565578FA687219DE5F7B3CC8D3","ELIGIBLE"
"global-architecture-operations\ecosystem-governance-network\GOVERNANCE_EVOLUTION_RECORD.md","DOCUMENTATION",".md","748","55138E6975B52DD8BB948552B1C32357AF514EA90238577C6AE4EAEE0F76B7CD","ELIGIBLE"
"global-architecture-operations\ecosystem-governance-network\GOVERNANCE_PARTICIPATION_REGISTER.md","DOCUMENTATION",".md","808","BEF61DBBDE58061A95E1C1F8C57D1D9E6293ACDEB1D784F3348B1B37E5EA459C","ELIGIBLE"
"global-architecture-operations\final-consolidation\GLOBAL_ARCHITECTURE_OPERATIONAL_REFERENCE_STATE.md","DOCUMENTATION",".md","878","1D03D02FED578416D9BB9B589E74744E6B6CC1D81A13ED3982FACF16DD1A17E8","ELIGIBLE"
"global-architecture-operations\final-consolidation\GLOBAL_OPERATIONS_COMPLETION_RECORD.md","DOCUMENTATION",".md","820","90DB6CFBDE2B37B784575B540E6600564D007C5BFB52A33DC6CCD108BEAE0830","ELIGIBLE"
"global-architecture-operations\final-consolidation\GLOBAL_OPERATIONS_VALIDATION_REPORT.md","DOCUMENTATION",".md","873","969D62F8FF3769D5D9225D2B6EE49855F9664E0413226201687DC5F68CE5FB8A","ELIGIBLE"
"global-architecture-operations\global-architecture-stewardship\GLOBAL_STEWARDSHIP_MODEL.md","DOCUMENTATION",".md","941","8328C511992AC44016BEA810C87C78058CFBA4C144883026EE68E66271239691","ELIGIBLE"
"global-architecture-operations\global-architecture-stewardship\LONG_TERM_ARCHITECTURE_RECORD.md","DOCUMENTATION",".md","815","D2BFEFB4926C6D1C420FEDE62CC482CB2BC073A67B1BDA630CAD8D949DA765AC","ELIGIBLE"
"global-architecture-operations\global-architecture-stewardship\STEWARDSHIP_NETWORK_REGISTER.md","DOCUMENTATION",".md","822","C0BEDF4ACD4AE800BE7BB56D89DBB5E18461E4443E2BBB3E49D05F99B13F8602","ELIGIBLE"
"global-architecture-operations\operational-intelligence-framework\INTELLIGENCE_EVOLUTION_RECORD.md","DOCUMENTATION",".md","789","7A13C0BE9C2C70C7D52DE62F5E32CD3C3E0F3B03F5D3E8B8E782A3D11856283E","ELIGIBLE"
"global-architecture-operations\operational-intelligence-framework\OPERATIONAL_INTELLIGENCE_FRAMEWORK.md","DOCUMENTATION",".md","950","30B5D83B76BD08B1D39A640A8E5C670BDF3EDB46BBCFD7654E195129ECC7DB70","ELIGIBLE"
"global-architecture-operations\operational-intelligence-framework\OPERATIONAL_SIGNAL_REGISTER.md","DOCUMENTATION",".md","742","303CA77013CD075838A8F37573C569BD61EBFE6A6C4546515EF2E9D0DFAF0959","ELIGIBLE"
"global-knowledge-infrastructure\global-access-framework\GLOBAL_ACCESS_MODEL.md","DOCUMENTATION",".md","769","10E0615DCAAF5E713CDC53024891515FD4C981F8E4837B7746A13B1CE0BA8EAA","ELIGIBLE"
"global-knowledge-infrastructure\global-access-framework\KNOWLEDGE_AVAILABILITY_FRAMEWORK.md","DOCUMENTATION",".md","753","6D1D8F91C9A340D7E532D941ECECE9C6FADCF4FC8FC74C81C0BAE1A1590DF98C","ELIGIBLE"
"global-knowledge-infrastructure\global-access-framework\OPEN_RESEARCH_CONNECTIVITY_MODEL.md","DOCUMENTATION",".md","809","F870BE43E76A9A19CE02E009914965580F137A12B31E7ED7700216B67C29A617","ELIGIBLE"
"global-knowledge-infrastructure\institutional-memory\HISTORICAL_KNOWLEDGE_MODEL.md","DOCUMENTATION",".md","789","6731853CC364DC5EB4B6FD2EED0CFF55CB85829700F43E1242FEAB349BB0E84D","ELIGIBLE"
"global-knowledge-infrastructure\institutional-memory\INSTITUTIONAL_MEMORY_MODEL.md","DOCUMENTATION",".md","822","4624375527206DF359DEBC201557A909E08092A35640CDBF686DD4695F041B62","ELIGIBLE"
"global-knowledge-infrastructure\institutional-memory\ORGANIZATIONAL_KNOWLEDGE_ARCHIVE.md","DOCUMENTATION",".md","701","6297110E9F066B948B548FC896A963BB8F853DD18FCAF1D1C38532D558A6657B","ELIGIBLE"
"global-knowledge-infrastructure\knowledge-distribution\ACCESS_MANAGEMENT_MODEL.md","DOCUMENTATION",".md","710","EF8AE38E58994AB96423EB88CD3064FA7EF550A8717D19FB470D49A363910D39","ELIGIBLE"
"global-knowledge-infrastructure\knowledge-distribution\DISSEMINATION_FRAMEWORK.md","DOCUMENTATION",".md","737","8A22673F3251E5304D34BC8A80132C58317FC27B5744309C79F97E8A3AB90F1D","ELIGIBLE"
"global-knowledge-infrastructure\knowledge-distribution\KNOWLEDGE_DISTRIBUTION_MODEL.md","DOCUMENTATION",".md","842","E211173D12523B9542520BFC32837594733CBCC558AB800A950294B4FAA13E59","ELIGIBLE"
"global-knowledge-infrastructure\knowledge-network\KNOWLEDGE_CONNECTION_MODEL.md","DOCUMENTATION",".md","716","D985FC44B835067CC11673E0A29615984FF0EF3AB584F1F9E8BF7D4DD4075648","ELIGIBLE"
"global-knowledge-infrastructure\knowledge-network\KNOWLEDGE_NETWORK_MODEL.md","DOCUMENTATION",".md","805","D99B8F6C7B2099F0ADBFBFDCC6D0D575175561C91FFA4F6CDB8B0577FFE52288","ELIGIBLE"
"global-knowledge-infrastructure\knowledge-network\KNOWLEDGE_RELATIONSHIP_FRAMEWORK.md","DOCUMENTATION",".md","743","BBFA96F1C96283BDB35082A6CDFD8B61FF33F43918F6D274AF348E835110AB80","ELIGIBLE"
"global-knowledge-infrastructure\research-aggregation\RESEARCH_AGGREGATION_MODEL.md","DOCUMENTATION",".md","803","A7A83AE11C7E6A104E8B64ED5E6FCB33D19B64C666C127B6498DAA5C519A55C5","ELIGIBLE"
"global-knowledge-infrastructure\research-aggregation\RESEARCH_SYNTHESIS_PIPELINE.md","DOCUMENTATION",".md","721","D73EC765E3A2FB01F4F3AFEEAE2490158B09454FA7F1D0B1450DE17B753BE666","ELIGIBLE"
"global-knowledge-infrastructure\research-aggregation\SOURCE_INTEGRATION_FRAMEWORK.md","DOCUMENTATION",".md","729","D6B906465577F6E7AF8B8EFD1AFE194FF8C854C657853C00DF27B500CDF45ED3","ELIGIBLE"
"global-operating-model\EXECUTION_COORDINATION_FRAMEWORK.md","DOCUMENTATION",".md","0","E3B0C44298FC1C149AFBF4C8996FB92427AE41E4649B934CA495991B7852B855","ELIGIBLE"
"global-operating-model\civilization-scale-architecture-model\CIVILIZATION_SCALE_MODEL.md","DOCUMENTATION",".md","919","1BDEA80C91E11E1BE9AE8F42D35384D1AAB65ED33C72FAD3DB81C377E822DC5F","ELIGIBLE"
"global-operating-model\civilization-scale-architecture-model\LONG_TERM_ARCHITECTURE_RECORD.md","DOCUMENTATION",".md","787","DD6C83D86E32020486FFC44D9B54251EB75218EEF5D0D3C681C60C9B48485479","ELIGIBLE"
"global-operating-model\civilization-scale-architecture-model\SYSTEMIC_INTEGRATION_FRAMEWORK.md","DOCUMENTATION",".md","830","C391576696278B1CDF43E26FD30A8F192253B7FBEB8540DFEB66A6E4AFF8E161","ELIGIBLE"
"global-operating-model\distributed-execution-framework\DISTRIBUTED_EXECUTION_MODEL.md","DOCUMENTATION",".md","872","2C08D62A6A15947525E8DA3A010C926F225C40A37731FACF3C084A5B79E7353B","ELIGIBLE"
"global-operating-model\distributed-execution-framework\EXECUTION_COORDINATION_FRAMEWORK.md","DOCUMENTATION",".md","779","74D2703FD36045562968B5FF1961357B14133A8D00A90FDB1C7145854C743B44","ELIGIBLE"
"global-operating-model\distributed-execution-framework\EXECUTION_NODE_REGISTER.md","DOCUMENTATION",".md","690","6B5C08A0C074FAB9B3EB8702E17595B9A03496A66F55AD950EA5C177134A7F25","ELIGIBLE"
"global-operating-model\final-consolidation\GLOBAL_OPERATING_MODEL_COMPLETION_RECORD.md","DOCUMENTATION",".md","831","F195250AC8C19223F618E23FC1BF99DF5CBBCF60776E3125CB95A4636CC3D34B","ELIGIBLE"
"global-operating-model\final-consolidation\GLOBAL_OPERATING_VALIDATION_REPORT.md","DOCUMENTATION",".md","773","AFE0AF2729F9CDDE74E4317F23CF83E645EC920F90057402F2AFC1859D81F0CA","ELIGIBLE"
"global-operating-model\final-consolidation\LONG_TERM_GLOBAL_OPERATIONS_MODEL.md","DOCUMENTATION",".md","752","E9C381166F54769848FD9D666C6F737CAF8533685E483A4DF4CF955D455CDC75","ELIGIBLE"
"global-operating-model\global-research-coordination\DISCOVERY_COORDINATION_RECORD.md","DOCUMENTATION",".md","751","F5E0F6A50230FDEA376617D9ECF032D5BE099A576E7917CF8FC1A19D767EDBF5","ELIGIBLE"
"global-operating-model\global-research-coordination\RESEARCH_COORDINATION_MODEL.md","DOCUMENTATION",".md","910","0A425DF0EEBD60D2AF882A74DB6258648B9E4C59185DFC1E51001D2038075FA0","ELIGIBLE"
"global-operating-model\global-research-coordination\RESEARCH_NETWORK_REGISTER.md","DOCUMENTATION",".md","706","082BDA325A44B149BE2B79F0C3A9B5F06DD3345EEDA48ADF79E7037DFEC73CAE","ELIGIBLE"
"global-operating-model\operational-governance-network\GOVERNANCE_COORDINATION_RECORD.md","DOCUMENTATION",".md","739","8D744594D4D261062BF908C11E2A5CF43EC49D1C32E02B41E7130F9D18AFEB2C","ELIGIBLE"
"global-operating-model\operational-governance-network\GOVERNANCE_NODE_REGISTER.md","DOCUMENTATION",".md","690","0BE781933645DA2D72453B4DF7C843FB7E4029DD4D34A31D3D6B98A835D1D74B","ELIGIBLE"
"global-operating-model\operational-governance-network\OPERATIONAL_GOVERNANCE_NETWORK_MODEL.md","DOCUMENTATION",".md","869","85ACE4DD3885D1D7150ABC1F46DFD4270326FA6080CF135C450FAF095F303B31","ELIGIBLE"
"governance-stewardship\KNOWLEDGE_CONTINUITY_MODEL.md","DOCUMENTATION",".md","0","E3B0C44298FC1C149AFBF4C8996FB92427AE41E4649B934CA495991B7852B855","ELIGIBLE"
"governance-stewardship\LONG_TERM_STEWARDSHIP_MODEL.md","DOCUMENTATION",".md","0","E3B0C44298FC1C149AFBF4C8996FB92427AE41E4649B934CA495991B7852B855","ELIGIBLE"
"governance-stewardship\accountability-framework\ACCOUNTABILITY_MODEL.md","DOCUMENTATION",".md","762","78BF3535BB4E7ACA8EE4C441A518315338064A122E2EA95B75FAE6A78C42E65F","ELIGIBLE"
"governance-stewardship\accountability-framework\AUDIT_CONTINUITY_MODEL.md","DOCUMENTATION",".md","720","81F40D6695537D497E1E4906FA0705E540D00E38D7A69CF95F664616E2735A36","ELIGIBLE"
"governance-stewardship\accountability-framework\RESPONSIBILITY_FRAMEWORK.md","DOCUMENTATION",".md","859","BA24DFB43E564F20D05E92AD21194494A7DC0D2ACED86D92F6D7D9605D9F669F","ELIGIBLE"
"governance-stewardship\constitutional-maintenance\AMENDMENT_GOVERNANCE_MODEL.md","DOCUMENTATION",".md","687","60E86A5F80410B29EC2A23D51A26510DEA27270BBF79334515832F0BA9860D99","ELIGIBLE"
"governance-stewardship\constitutional-maintenance\CONSTITUTIONAL_MAINTENANCE_MODEL.md","DOCUMENTATION",".md","718","8CF7149AE1E9613D246CD93A080C675399F25F7E9731D435764AC512AA06C359","ELIGIBLE"
"governance-stewardship\constitutional-maintenance\INVARIANT_PRESERVATION_MODEL.md","DOCUMENTATION",".md","826","1D6E09FA659682FF3D64C956EF4DFEA666BA6610A7461DFEEFCACD738DB4ABBC","ELIGIBLE"
"governance-stewardship\governance-operations\DECISION_PROCESS_MODEL.md","DOCUMENTATION",".md","586","915F747853691E1E3916C615B6C4D2466CB18E2D0B0B02243C05A6CD1EFE6EBE","ELIGIBLE"
"governance-stewardship\governance-operations\GOVERNANCE_ACTIVITY_RECORD.md","DOCUMENTATION",".md","455","B23DD65E48A88C0A806EAA8994BFF20A3B8A1061A40409759BCD0B19BBDFDCDF","ELIGIBLE"
"governance-stewardship\governance-operations\GOVERNANCE_OPERATIONS_MODEL.md","DOCUMENTATION",".md","715","0D5A26029B4F333AE56183962746A716E953F8ADC3E27C1613EBDA4CB631BDAC","ELIGIBLE"
"governance-stewardship\policy-management\POLICY_CHANGE_RECORD.md","DOCUMENTATION",".md","451","3FA70693C90CD52CE5DAA8E780BECDF8FA3EDA1E2234F31393C99B72F1985D4F","ELIGIBLE"
"governance-stewardship\policy-management\POLICY_MANAGEMENT_MODEL.md","DOCUMENTATION",".md","663","89DEDABFF655D8F103B6CF7FB09500161052BAC16FF2583DD47C33A2A1BB736E","ELIGIBLE"
"governance-stewardship\policy-management\POLICY_REVIEW_PROCESS.md","DOCUMENTATION",".md","623","CA31BE42CDF94652F76F18CDB5AFFA67B117316A011E96D1D248CC8697DD0AD9","ELIGIBLE"
"governance-stewardship\stewardship-continuity\KNOWLEDGE_CONTINUITY_MODEL.md","DOCUMENTATION",".md","806","BEC133D6A26EB0188C1610D74B8A9B77EB73F68CBB646F77F953D9B54CAA9940","ELIGIBLE"
"governance-stewardship\stewardship-continuity\LONG_TERM_STEWARDSHIP_MODEL.md","DOCUMENTATION",".md","780","20A03F262D162F4431DFD83403020185669B03D58896BA29F6457F95E9C64D1C","ELIGIBLE"
"governance-stewardship\stewardship-continuity\STEWARD_ROLE_MODEL.md","DOCUMENTATION",".md","757","30DD109B45A06F6ABEDF6865214B4C41680A7E8E88F23F58CF3714B6D0685849","ELIGIBLE"
"impact-activation\adoption-analysis\ADOPTION_ANALYSIS_MODEL.md","DOCUMENTATION",".md","711","A3DD2FF2062AFD6643EBB519154D08250029C92431EDCA19F861B3AB34FA9E9C","ELIGIBLE"
"impact-activation\adoption-analysis\ADOPTION_METRICS_FRAMEWORK.md","DOCUMENTATION",".md","729","B4357E092A94F785403BC035BD2D7FAF5A57A90EE2E259E0E978FC3071B26CF5","ELIGIBLE"
"impact-activation\adoption-analysis\INSTITUTIONAL_ADOPTION_MODEL.md","DOCUMENTATION",".md","769","DBFC8BDFB153BB8D6770F072B631A0C0206BE85F6E78C243E22EDEC25DC011CD","ELIGIBLE"
"impact-activation\case-studies\CASE_STUDY_ARCHIVE.md","DOCUMENTATION",".md","599","78CBC4D2183DFD62B30665C39197CEC684A09D3C748C01829E86B54690642ED2","ELIGIBLE"
"impact-activation\case-studies\CASE_STUDY_FRAMEWORK.md","DOCUMENTATION",".md","862","72BFC9096053D5BE1C302DB6837CEEEA81700FEBE570D0C18EC3529B84400A61","ELIGIBLE"
"impact-activation\case-studies\CASE_STUDY_VALIDATION_MODEL.md","DOCUMENTATION",".md","649","2CBDBB2A13DA2969BC968E300D7601D1E47EC00C2CA835722AFBAA1ED9976F38","ELIGIBLE"
"impact-activation\ecosystem-impact\ECOSYSTEM_IMPACT_MODEL.md","DOCUMENTATION",".md","832","3C4AC5B7222E5AEDEFE37E40F40DD274B25D7DB1CA1B466CE480DCC9785ABADD","ELIGIBLE"
"impact-activation\ecosystem-impact\LONG_TERM_VALUE_MODEL.md","DOCUMENTATION",".md","550","1C87F7531AEBA2169480B5250121A8D3D0DA4114C4A142F9FF6EF9E28031E5DD","ELIGIBLE"
"impact-activation\ecosystem-impact\NETWORK_EFFECT_MODEL.md","DOCUMENTATION",".md","789","42C94F964795D1C9ABFA565A3113C1A58B5C38B429536281861403EB7860287E","ELIGIBLE"
"impact-activation\impact-measurement\IMPACT_EVALUATION_MODEL.md","DOCUMENTATION",".md","685","CF88547FB14BBEACC3A2CABB1027BF4CA91DAF865604C114189EA7C666F261B9","ELIGIBLE"
"impact-activation\impact-measurement\IMPACT_INDICATOR_FRAMEWORK.md","DOCUMENTATION",".md","616","3340741508508A0DBB89FC6155B4197F76E161942BAF11BBD2C931912F3AEFF6","ELIGIBLE"
"impact-activation\impact-measurement\IMPACT_MEASUREMENT_MODEL.md","DOCUMENTATION",".md","690","1BBAF432B5037B08DA03112B835311FC283E4E0BF3137AC994446EE66187C9D1","ELIGIBLE"
"impact-activation\outcomes-archive\IMPACT_HISTORY_ARCHIVE.md","DOCUMENTATION",".md","607","35E8BFDA5167C0407523C006FFFA8BCD720FE924DAED10F257A64428B2429201","ELIGIBLE"
"impact-activation\outcomes-archive\LESSONS_LEARNED_MODEL.md","DOCUMENTATION",".md","600","42E448C8C9F99C1903B53FEAEE369D03D83B066D3A5C10713EC609F6500D0F16","ELIGIBLE"
"impact-activation\outcomes-archive\OUTCOME_RECORD_MODEL.md","DOCUMENTATION",".md","801","FC1CD72FE78328AD66158E0695FC240AAD65EE338C62A97B3180243240EAD550","ELIGIBLE"
"institutionalization\ecosystem-partnership-registry\PARTNERSHIP_REGISTRY_MODEL.md","DOCUMENTATION",".md","775","BA1DD0113824395286981E7929D45515FA665ED8F78D3606D258C41B90A09306","ELIGIBLE"
"institutionalization\ecosystem-partnership-registry\PARTNER_CLASSIFICATION_RECORD.md","DOCUMENTATION",".md","776","507310B671858561A11338AEADB66D468D85C3818B63C8920EA8BC93428FF699","ELIGIBLE"
"institutionalization\ecosystem-partnership-registry\RELATIONSHIP_HISTORY_RECORD.md","DOCUMENTATION",".md","717","95A61B9587AAE75B744FF801DCADA14596C4778F78A254D924B84B645DC40BD0","ELIGIBLE"
"institutionalization\external-collaboration-model\COLLABORATION_FRAMEWORK.md","DOCUMENTATION",".md","846","AB3DA21F0E5A8A65C6A9825E8D8B32CF03FF0622C887E49B13B17630925CADBD","ELIGIBLE"
"institutionalization\external-collaboration-model\COLLABORATION_PROCESS_MODEL.md","DOCUMENTATION",".md","754","FBBBBD048FE0EB202EBBA6A5FDD5D7229BAE01FDDE272808573B8AA0EA8F12DF","ELIGIBLE"
"institutionalization\external-collaboration-model\ENGAGEMENT_RECORD.md","DOCUMENTATION",".md","692","AE989EEAE5455C0FDCE1DA33BD1D9FA2E7E487D232BFC9BCAB8934AF1E66C94C","ELIGIBLE"
"institutionalization\final-consolidation\INSTITUTIONALIZATION_COMPLETION_RECORD.md","DOCUMENTATION",".md","790","738AD8EE15F790946A484C2BF668B071CA164CDFBE1D4ADC37F16A55A2D7E901","ELIGIBLE"
"institutionalization\final-consolidation\INSTITUTIONAL_READINESS_VALIDATION_REPORT.md","DOCUMENTATION",".md","803","FEA437A60DBF39A14293D431A3FE978AB5A73AC44B3A4A4CD25A96AB95B8E267","ELIGIBLE"
"institutionalization\final-consolidation\LONG_TERM_INSTITUTIONAL_MODEL.md","DOCUMENTATION",".md","762","BA10B0C010C381AA6029306C81841F100CD827453A9AD58140E14449BC5728FB","ELIGIBLE"
"institutionalization\long-term-stewardship-model\INSTITUTIONAL_CONTINUITY_RECORD.md","DOCUMENTATION",".md","734","9ABE5C2E2DB4771DDF48A7C04CB3EC728D901E4EE6C99F417D4F6CD59FCD0D15","ELIGIBLE"
"institutionalization\long-term-stewardship-model\STEWARDSHIP_MODEL.md","DOCUMENTATION",".md","817","74BFE3588BF865E98CEBFEC3364429B8AEC3BF3CA89CED51F6033EEEB49CC340","ELIGIBLE"
"institutionalization\long-term-stewardship-model\SUCCESSION_CONTINUITY_FRAMEWORK.md","DOCUMENTATION",".md","821","C7F76E23EB924D5C0E4564D215EED7D5BF6491878CEE0F701B8BFAB48408DFB2","ELIGIBLE"
"institutionalization\standards-alignment-framework\COMPLIANCE_ALIGNMENT_RECORD.md","DOCUMENTATION",".md","740","AE740E75308D89E7E278E688464D1408BD4AFE2AAB47314467341D744D127829","ELIGIBLE"
"institutionalization\standards-alignment-framework\STANDARDS_ALIGNMENT_MODEL.md","DOCUMENTATION",".md","903","0247F831BC1F2A6F5C4D9A74F4ABB3ED45D6A22A717AB3E4D93A9FDED90C6A71","ELIGIBLE"
"institutionalization\standards-alignment-framework\STANDARD_MAPPING_REGISTER.md","DOCUMENTATION",".md","773","E44B3E57A71CBA7AF5E866C7EF3ECEF039B9C05418C4C04F65B5BD2F285A5AF1","ELIGIBLE"
"intelligence-infrastructure\analysis-framework\ANALYSIS_FRAMEWORK_MODEL.md","DOCUMENTATION",".md","751","C856051DD25BE17DC0031D439A93114196BEBE2B10371A52E3484350A0F4EE06","ELIGIBLE"
"intelligence-infrastructure\analysis-framework\ANALYSIS_VALIDATION_MODEL.md","DOCUMENTATION",".md","683","A37BE34AF1246E1958019D03638DB8EECF266B15E933ED85173DDE283C943B0D","ELIGIBLE"
"intelligence-infrastructure\analysis-framework\ANALYTICAL_METHODS_MODEL.md","DOCUMENTATION",".md","627","947AD2E438D1997DD967526D781D4A2D52DD6D58EE29F43EDCC8D1D1B19EF2E2","ELIGIBLE"
"intelligence-infrastructure\decision-support\DECISION_ANALYSIS_FRAMEWORK.md","DOCUMENTATION",".md","547","80047C5046841FBE8FC24614C7D17DB57B65E5116991FE65E4D2AABD1CF18FA3","ELIGIBLE"
"intelligence-infrastructure\decision-support\DECISION_EVIDENCE_MODEL.md","DOCUMENTATION",".md","673","9E5F62E0DB2F7E96EE0BF3CF82DE0AFC6099932DFFBA5A059018A396552AD8C2","ELIGIBLE"
"intelligence-infrastructure\decision-support\DECISION_SUPPORT_MODEL.md","DOCUMENTATION",".md","746","845C1E9F7C13B35DEDD716E7A0AB3ABFD7ACA01D05E23F4A27D5F3D7592FE73C","ELIGIBLE"
"intelligence-infrastructure\insight-management\INSIGHT_CAPTURE_FRAMEWORK.md","DOCUMENTATION",".md","599","C4C389AF99AE34E623A37BF06BD81606A4E0D79F3F912FD3BB5456BDB8C87738","ELIGIBLE"
"intelligence-infrastructure\insight-management\INSIGHT_EVOLUTION_MODEL.md","DOCUMENTATION",".md","813","10CB34ADD30B8D5611DA8B2A949DB9C940930B4E02C8317B41F5D5E51A7C998C","ELIGIBLE"
"intelligence-infrastructure\insight-management\INSIGHT_MANAGEMENT_MODEL.md","DOCUMENTATION",".md","658","A0E5899E571F6BCFB03C7DC1461698689D89821483F26CA69C164A339FF80221","ELIGIBLE"
"intelligence-infrastructure\pattern-analysis\PATTERN_ANALYSIS_MODEL.md","DOCUMENTATION",".md","792","D24FD2F3DCFB6B86C5D31B8B29D08547F81C8A5613B063116ADAA3B1D13C9867","ELIGIBLE"
"intelligence-infrastructure\pattern-analysis\PATTERN_RECOGNITION_MODEL.md","DOCUMENTATION",".md","683","9CCFD181ADCBB2AC20CCDDC61AC40CD4801C7B688D768D28437EDFD69334F98A","ELIGIBLE"
"intelligence-infrastructure\pattern-analysis\SYSTEM_PATTERN_MODEL.md","DOCUMENTATION",".md","687","06A1701C3EA275B0AC603DAFCD5FAACB6AE9544C445680DF5BC3E4D9094E64F6","ELIGIBLE"
"intelligence-infrastructure\pattern-recognition-framework\PATTERN_RECOGNITION_MODEL.md","DOCUMENTATION",".md","0","E3B0C44298FC1C149AFBF4C8996FB92427AE41E4649B934CA495991B7852B855","ELIGIBLE"
"intelligence-infrastructure\reasoning-models\INFERENCE_MODEL.md","DOCUMENTATION",".md","628","95A40B2393C6FFAF57FCD08317B8EEDCD87F3B5A30E069B2A734F50DF4510B5E","ELIGIBLE"
"intelligence-infrastructure\reasoning-models\REASONING_MODEL_FRAMEWORK.md","DOCUMENTATION",".md","769","2FE6C9A2AC3D668B06032DA1EC47B54034C669F54FAA4AF59A127C4AEC61FA4A","ELIGIBLE"
"intelligence-infrastructure\reasoning-models\REASONING_TRACEABILITY_MODEL.md","DOCUMENTATION",".md","654","A904DE4A0FDE4B9BE4723B3C996DB13AFA592031E8D299104366A10906FE73AE","ELIGIBLE"
"intelligent-governance-architecture\adaptive-governance-intelligence\ADAPTIVE_GOVERNANCE_EVOLUTION_RECORD.md","DOCUMENTATION",".md","841","2A0768E3139E7D4FC5D3F42E3C0410E32B615EB6277EC35D68A21620B76EBFFE","ELIGIBLE"
"intelligent-governance-architecture\adaptive-governance-intelligence\ADAPTIVE_GOVERNANCE_INTELLIGENCE.md","DOCUMENTATION",".md","1081","2A9F915F5B45FB3BF858EFB102A9B8320E155006463F446837FA0D9FF68F0920","ELIGIBLE"
"intelligent-governance-architecture\adaptive-governance-intelligence\ADAPTIVE_GOVERNANCE_REGISTER.md","DOCUMENTATION",".md","859","3A47E5FEE79EE54174D0C07E0535F0D861CD2B296B0BC5E57BAF97261D731F0A","ELIGIBLE"
"intelligent-governance-architecture\constitutional-decision-architecture\CONSTITUTIONAL_DECISION_ARCHITECTURE.md","DOCUMENTATION",".md","1062","D6C80BC1D210CEAC3BE182D0E7BF66575D72B0D12F3F1C84A31EB7863FEB879B","ELIGIBLE"
"intelligent-governance-architecture\constitutional-decision-architecture\DECISION_EVOLUTION_RECORD.md","DOCUMENTATION",".md","802","99B2E0D350D380A31CBFF5E354D21F64BFBE3348E497BBECEF17FEA778B1B26C","ELIGIBLE"
"intelligent-governance-architecture\constitutional-decision-architecture\DECISION_STATE_REGISTER.md","DOCUMENTATION",".md","828","85A577AD23361E742E06141E7F570474669890516162219BCB33E880AE5F2651","ELIGIBLE"
"intelligent-governance-architecture\final-consolidation\COMPLETE_INTELLIGENT_GOVERNANCE_REFERENCE_STATE.md","DOCUMENTATION",".md","1017","C996458E90376595948817A407B04EFC7B5229D040FA727D71CDC35576E88356","ELIGIBLE"
"intelligent-governance-architecture\final-consolidation\INTELLIGENT_GOVERNANCE_COMPLETION_RECORD.md","DOCUMENTATION",".md","983","AD3BE211369CBF84AC0FDF29B8EAA7B66F24E5C34DBB63139C327C4689A4A383","ELIGIBLE"
"intelligent-governance-architecture\final-consolidation\INTELLIGENT_GOVERNANCE_VALIDATION_REPORT.md","DOCUMENTATION",".md","956","266C1F52BA049F81614C79247E9DC3817E2B4F4F0D4FDFAE6107C1780CFB795F","ELIGIBLE"
"intelligent-governance-architecture\governance-intelligence-framework\GOVERNANCE_INTELLIGENCE_EVOLUTION_RECORD.md","DOCUMENTATION",".md","869","4A99002EEAF03E5395EA80FCA4A9A8B463A9F2C5E8303AD032ACFC24B1392466","ELIGIBLE"
"intelligent-governance-architecture\governance-intelligence-framework\GOVERNANCE_INTELLIGENCE_FRAMEWORK.md","DOCUMENTATION",".md","1015","826FD38C5857414612DC0AE11FA17E714C147E998E3C3E17111CDEBC9F082F8E","ELIGIBLE"
"intelligent-governance-architecture\governance-intelligence-framework\GOVERNANCE_INTELLIGENCE_STATE_REGISTER.md","DOCUMENTATION",".md","878","FD5CC620262823CEDB06605D68305A70B82531A0E0A08110AFA1AB7C851BF250","ELIGIBLE"
"intelligent-governance-architecture\intelligent-governance-ecosystem\GOVERNANCE_ECOSYSTEM_EVOLUTION_RECORD.md","DOCUMENTATION",".md","868","3287B70E9B36B8D270448CF4748889F741C0D75A746883ECFFC5F25716716939","ELIGIBLE"
"intelligent-governance-architecture\intelligent-governance-ecosystem\GOVERNANCE_ECOSYSTEM_STATE_REGISTER.md","DOCUMENTATION",".md","950","77F20D24D159C0F736358F882CBF7C70411A9E7294B45DF38170990229823DA7","ELIGIBLE"
"intelligent-governance-architecture\intelligent-governance-ecosystem\INTELLIGENT_GOVERNANCE_ECOSYSTEM.md","DOCUMENTATION",".md","1146","F5E7B63BA7AE265F1997A748E3B7D60A9DB5317C837127B903B45672C744ADB2","ELIGIBLE"
"knowledge-infrastructure\documentation-system\DOCUMENTATION_GOVERNANCE_MODEL.md","DOCUMENTATION",".md","705","6F40FC61DF6A88BA5F1B2FA35137080A6D38483C07A2DC883E129D55C0B05D98","ELIGIBLE"
"knowledge-infrastructure\documentation-system\DOCUMENTATION_LIFECYCLE_MODEL.md","DOCUMENTATION",".md","665","4D8184A89CB8F0BE1751DF57530E3422BECB10EBFB2B0284C74A76FC1BD330FD","ELIGIBLE"
"knowledge-infrastructure\documentation-system\DOCUMENTATION_STANDARD.md","DOCUMENTATION",".md","636","E26D89A3FB18593D31106D98127AE8A0A3674744DB958B9118B0F472389F9943","ELIGIBLE"
"knowledge-infrastructure\evidence-management\EVIDENCE_CHAIN_FRAMEWORK.md","DOCUMENTATION",".md","645","D226AC001703AE1036B163D3A0CD07129FD7ADB2FC500776ED4EA6D022174867","ELIGIBLE"
"knowledge-infrastructure\evidence-management\EVIDENCE_MANAGEMENT_MODEL.md","DOCUMENTATION",".md","625","3624D276AFF60A5C1B37A854B038621AC6ECC4D76A7A4E042B8EC34A635B4D1E","ELIGIBLE"
"knowledge-infrastructure\evidence-management\VALIDATION_RECORD_MODEL.md","DOCUMENTATION",".md","540","B78919324931FA719A128ED10925D0049189B6B846FACF1406A8FD5900E8BD75","ELIGIBLE"
"knowledge-infrastructure\knowledge-architecture\INFORMATION_RELATIONSHIP_MODEL.md","DOCUMENTATION",".md","638","BEB6F4AAF3F9A220970D0E2AB8FB424883F4E9FEA1A936DB7A4B6F82F465AA1A","ELIGIBLE"
"knowledge-infrastructure\knowledge-architecture\KNOWLEDGE_ARCHITECTURE_MODEL.md","DOCUMENTATION",".md","696","2A6238C7DF885EF9AFB5C38A2D4938974D45D06E537C59384553F2E722522F4C","ELIGIBLE"
"knowledge-infrastructure\knowledge-architecture\KNOWLEDGE_STRUCTURE_FRAMEWORK.md","DOCUMENTATION",".md","610","E914B3F6D4FF8EEB10FF0053CEA31C02157B4D5F9D6050E5EE516E740E481198","ELIGIBLE"
"knowledge-infrastructure\knowledge-discovery\KNOWLEDGE_DISCOVERY_MODEL.md","DOCUMENTATION",".md","759","001A6C9B87493B85E6545ACE8F1B4F11ACFFDD7CBF2FF0DDCEB65D914272DA8A","ELIGIBLE"
"knowledge-infrastructure\knowledge-discovery\KNOWLEDGE_MAPPING_MODEL.md","DOCUMENTATION",".md","667","AB76C897AEA74B130E77057E45F16C12EA1AC9908EEEC825FBCB2D562637DE8D","ELIGIBLE"
"knowledge-infrastructure\knowledge-discovery\SEARCH_AND_RETRIEVAL_FRAMEWORK.md","DOCUMENTATION",".md","686","D82509814FEB13113236EB71FB583A3E07FBA2EC60CE1FD564E34F2B7BE33929","ELIGIBLE"
"knowledge-infrastructure\research-archive\ARCHIVE_PRESERVATION_MODEL.md","DOCUMENTATION",".md","623","156F5EB047880DEF79EEEF801EF5F473DBB7D264DFBB9CE5CAF68F12017F9491","ELIGIBLE"
"knowledge-infrastructure\research-archive\RESEARCH_ARCHIVE_MODEL.md","DOCUMENTATION",".md","632","315A6D5A21AEBFF1BF740532BE4A53E5C9D4BAFF9AB59E83780E214AB14766C5","ELIGIBLE"
"knowledge-infrastructure\research-archive\RESEARCH_LINEAGE_MODEL.md","DOCUMENTATION",".md","682","B6D0AE017A72F91A9A0969719F37DE6ABFE1580364FB311DE6C9185721EC182E","ELIGIBLE"
"maintenance\ARCHITECTURE_HEALTH_MODEL.md","DOCUMENTATION",".md","891","F46707C7969395236A8E49845D9F4BB8083DA7124E14F596AA6AA0DD48F1BD0C","ELIGIBLE"
"maintenance\CHANGE_TRACKING_MODEL.md","DOCUMENTATION",".md","571","083288E873255942171D7C667ACEC9E879B0218236DC1BFD74C1792CB9859C84","ELIGIBLE"
"maintenance\DEPENDENCY_MONITORING_MODEL.md","DOCUMENTATION",".md","628","608EAE969B590856E8D3BED5CF27250A12A8DA7E788F107C1EC4180582C13F7E","ELIGIBLE"
"maintenance\REVIEW_CYCLE_MODEL.md","DOCUMENTATION",".md","549","3598E7BA808D4B6AF2AE832958AAC009A3FDE15EE2C561575DA31164E8535986","ELIGIBLE"
"maintenance\VERSION_MANAGEMENT_MODEL.md","DOCUMENTATION",".md","803","36AEB3B98DE1ED5F6B2F01A343402C8185F4DB72501146DDCF5D1FD9D179F15C","ELIGIBLE"
"master-validation\architecture-verification\ARCHITECTURE_VERIFICATION_MODEL.md","DOCUMENTATION",".md","863","84D654517258752AB57BABBC179F3F1A22B5B61F6ABE69E598A33FDE9E011F3F","ELIGIBLE"
"master-validation\architecture-verification\INTEGRATION_VERIFICATION_RECORD.md","DOCUMENTATION",".md","760","9E08D174CA52A45F6853B1EE40B7BD52120D0458CB7DEC5F6EC91B1DC4325AE9","ELIGIBLE"
"master-validation\architecture-verification\STRUCTURAL_VALIDATION_REPORT.md","DOCUMENTATION",".md","814","C7231D523705A0A07C43F6BEA3A3E90B316C77091405EA56C51F98AC9D3014B8","ELIGIBLE"
"master-validation\ecosystem-inventory\ECOSYSTEM_INVENTORY_RECORD.md","DOCUMENTATION",".md","935","A404183E3A8F8E4566DB8791A5DA012FC79F8B9AE3CFE75FC52E5036229D9A20","ELIGIBLE"
"master-validation\ecosystem-inventory\FRAMEWORK_COMPLETION_REGISTER.md","DOCUMENTATION",".md","786","7D8510DEA9B7DDCAE20FD1437263F34C6283B4F497C3387B35D4CB0D141A2609","ELIGIBLE"
"master-validation\ecosystem-inventory\SYSTEM_STATUS_REGISTRY.md","DOCUMENTATION",".md","709","0AFCCA300C702917A6E0DE1AA82B6BF47EC9C12FEE63D3C9621E9C59D58F1AF8","ELIGIBLE"
"master-validation\governance-verification\CONSTITUTIONAL_ALIGNMENT_REPORT.md","DOCUMENTATION",".md","802","36D0E57E0BD1C106889270D4A8CC5628D7CF3A8779C80D9CAA24C2187E7D07E5","ELIGIBLE"
"master-validation\governance-verification\GOVERNANCE_VERIFICATION_MODEL.md","DOCUMENTATION",".md","888","85C2919B918D797BE3D5C1CE1C4E223A3ADD46BEB138B0A603767E96E9C434E6","ELIGIBLE"
"master-validation\governance-verification\STEWARD_VALIDATION_RECORD.md","DOCUMENTATION",".md","782","52A01F484649CD5B055B315075C29A8BC1845C7C99913C8FA5B51BF9901C3A82","ELIGIBLE"
"master-validation\master-release\ECOSYSTEM_RELEASE_LINEAGE.md","DOCUMENTATION",".md","711","8FF827D7D97BAECACC97EF14FE36C5F5F3DEB1027361260191CEF90A1086A9C2","ELIGIBLE"
"master-validation\master-release\MASTER_ARCHITECTURE_RECORD.md","DOCUMENTATION",".md","939","D831DBB08E47AA18E8AD30C0105313D38465A1FAAC365EEDC7D60D18A9187D7B","ELIGIBLE"
"master-validation\master-release\ORYNTH_COMPLETION_CERTIFICATE.md","DOCUMENTATION",".md","828","5399B1FAFB92805E8FAE505F4773A79B0C6CB360598E379D4BB06D517FB06829","ELIGIBLE"
"master-validation\operational-verification\EXECUTION_CAPABILITY_REPORT.md","DOCUMENTATION",".md","762","B1F2A790CF54AB652DBFC897FD84CFDCE25634C6A7CECE43E30E141BAFE0B947","ELIGIBLE"
"master-validation\operational-verification\OPERATIONAL_READINESS_MODEL.md","DOCUMENTATION",".md","777","BC27E21F2791E1B5FD6D47361AB61959E0C1BA06E809A7A77D724390A8BBE493","ELIGIBLE"
"master-validation\operational-verification\SUSTAINABILITY_VALIDATION_RECORD.md","DOCUMENTATION",".md","782","755C8AC59C2D1DAB24D68028D6085973A67485796E49D0878C6F5CD5D26CA0D3","ELIGIBLE"
"maturity-assurance\evidence-preservation-system\ARTIFACT_RETENTION_RECORD.md","DOCUMENTATION",".md","760","B058DD5CE84FD3865DF3F2F29095C894257EA1DE1878DE9F46123B3EB38D0A21","ELIGIBLE"
"maturity-assurance\evidence-preservation-system\EVIDENCE_CHAIN_REGISTER.md","DOCUMENTATION",".md","780","C471C6A466F518DBCAB5D4CB8407C0DA9F542F672952E5249E69B3D8DBD91D72","ELIGIBLE"
"maturity-assurance\evidence-preservation-system\EVIDENCE_PRESERVATION_MODEL.md","DOCUMENTATION",".md","809","654989B89D80943552E5805E0C43533E4530D225309FFAB0FAE37EB1876E8F1B","ELIGIBLE"
"maturity-assurance\final-consolidation\LONG_TERM_ASSURANCE_MODEL.md","DOCUMENTATION",".md","647","5BF60A1247949F8B388E09BA54342970FB4106B802F0714A7754DEFFDB7246CA","ELIGIBLE"
"maturity-assurance\final-consolidation\MATURITY_ASSURANCE_COMPLETION_RECORD.md","DOCUMENTATION",".md","772","A40B9B902A96AB56F1F91A8C9B4BE5D6BC0BE3FE00126B975801BF9F20C13A84","ELIGIBLE"
"maturity-assurance\final-consolidation\MATURITY_VALIDATION_REPORT.md","DOCUMENTATION",".md","739","0A06334E466E3F95B420E5AFF60452983D0E6024D666BA9B5C2C71CCD0D75A27","ELIGIBLE"
"maturity-assurance\independent-audit-framework\AUDIT_FINDINGS_RECORD.md","DOCUMENTATION",".md","718","E068BFD35959089C17FB1A50BD42C81765971C54704ACF13AF32422F77C63DCF","ELIGIBLE"
"maturity-assurance\independent-audit-framework\AUDIT_SCOPE_REGISTER.md","DOCUMENTATION",".md","746","45465AEA4D8F94F5E28D7AA2D7497DEAA13AE490BFA59C8DB5AD1A540F8DD0B5","ELIGIBLE"
"maturity-assurance\independent-audit-framework\INDEPENDENT_AUDIT_MODEL.md","DOCUMENTATION",".md","804","1FD38DE6FDEC030541E25CA3F95DB71C7AD442340E638F6B5CF9B8BFEEE876A3","ELIGIBLE"
"maturity-assurance\institutional-readiness-model\ADOPTION_READINESS_FRAMEWORK.md","DOCUMENTATION",".md","802","FDE9B2A9FC0E170EC6F34D741873165A79582504A4CFD5BD1E1AD869F90A9234","ELIGIBLE"
"maturity-assurance\institutional-readiness-model\INSTITUTIONAL_READINESS_MODEL.md","DOCUMENTATION",".md","842","C3BDFF8DAC17DFAEC730B0DDF43B893BE9BD80FE6B10ECB9E89BF6BB71432FAB","ELIGIBLE"
"maturity-assurance\institutional-readiness-model\SCALING_VALIDATION_RECORD.md","DOCUMENTATION",".md","728","22062CD3B06B43AADF0024561582F3B9BB6F33A31E9DD0B940638A6593EFA242","ELIGIBLE"
"maturity-assurance\reproducibility-verification\METHOD_VERIFICATION_FRAMEWORK.md","DOCUMENTATION",".md","787","CC4CA3C867ED265F2F764795B379876A375CD4697B11DEB71ACE66F576AD7D25","ELIGIBLE"
"maturity-assurance\reproducibility-verification\REPRODUCIBILITY_MODEL.md","DOCUMENTATION",".md","778","BC2FB38B0C7846C1272E65843D51215E108F2713CAC87FE605CBE2C0C58172D0","ELIGIBLE"
"maturity-assurance\reproducibility-verification\REPRODUCTION_VALIDATION_RECORD.md","DOCUMENTATION",".md","781","E9980980064427493AF294AB578CB3743193F27C6CC6DECAFA94B2B5F91ECB28","ELIGIBLE"
"meta-architecture-governance\architecture-ontology-preservation\ARCHITECTURE_ONTOLOGY_PRESERVATION.md","DOCUMENTATION",".md","1224","5C1D692CBFD836790B3AA2FD9D325BCA1292F9B33FBB168F4589362931DE21EE","ELIGIBLE"
"meta-architecture-governance\architecture-ontology-preservation\ONTOLOGY_EVOLUTION_RECORD.md","DOCUMENTATION",".md","944","FACDD628C032F51BDCECD7378204C485723294E6927405358931DCB31DE3B61A","ELIGIBLE"
"meta-architecture-governance\architecture-ontology-preservation\ONTOLOGY_STATE_REGISTER.md","DOCUMENTATION",".md","931","5F1F9E23B1CDE4E7E9AA93B54D78CBC94DCEF301FF582B8074D79C1A263E7464","ELIGIBLE"
"meta-architecture-governance\final-consolidation\COMPLETE_META_ARCHITECTURE_STATE.md","DOCUMENTATION",".md","957","811FD6D694365296772047F83B756D75C1D4CB09FC0E92F0D36EF08FF0C3E1D4","ELIGIBLE"
"meta-architecture-governance\final-consolidation\META_ARCHITECTURE_COMPLETION_RECORD.md","DOCUMENTATION",".md","1071","61E086B668B84F93D4F045E8BB34DA012773BAC05599A7446641015935BB0C90","ELIGIBLE"
"meta-architecture-governance\final-consolidation\META_ARCHITECTURE_VALIDATION_REPORT.md","DOCUMENTATION",".md","995","6865F8E110BAF116A6577C11B77AC4D74CFDF9B705819F04190F1282E76FBB02","ELIGIBLE"
"meta-architecture-governance\recursive-meta-governance-intelligence\META_GOVERNANCE_EVOLUTION_RECORD.md","DOCUMENTATION",".md","1018","59E85CE8FFCBB42CFA815154CF0F50163A825651E0253DA04577D945076BB8EF","ELIGIBLE"
"meta-architecture-governance\recursive-meta-governance-intelligence\META_GOVERNANCE_STATE_REGISTER.md","DOCUMENTATION",".md","937","9B526DE9C8D649E10266218322AB942A4654F26D851B94BA53D678E4E16AD8DB","ELIGIBLE"
"meta-architecture-governance\recursive-meta-governance-intelligence\RECURSIVE_META_GOVERNANCE_INTELLIGENCE.md","DOCUMENTATION",".md","1348","3CFB86A76B0E31F61A21B829699C29EA0C7A059032FEBBC707573D29E2BB4432","ELIGIBLE"
"meta-architecture-governance\ultimate-reference-architecture-synthesis\SYNTHESIS_EVOLUTION_RECORD.md","DOCUMENTATION",".md","991","87B376626236274D2922C0BCFDE381650188BE6016CA212DD5C4D766817E917F","ELIGIBLE"
"meta-architecture-governance\ultimate-reference-architecture-synthesis\SYNTHESIS_STATE_REGISTER.md","DOCUMENTATION",".md","968","C00A9AAB76E690AE6D7949B402B1D980539CB2BA733BF98D7438D35C27581AFB","ELIGIBLE"
"meta-architecture-governance\ultimate-reference-architecture-synthesis\ULTIMATE_REFERENCE_ARCHITECTURE_SYNTHESIS.md","DOCUMENTATION",".md","1357","A6422B9AFFFBA1A4F601C1CB61B8A7DA1D2CBE6CF2B4FDD0662ED12478421892","ELIGIBLE"
"meta-architecture-governance\universal-systemic-relationship-mapping\RELATIONSHIP_EVOLUTION_RECORD.md","DOCUMENTATION",".md","932","D1DED7EABC3EB97128132AD5F30D1919221218D2262E018355711696EA0F212F","ELIGIBLE"
"meta-architecture-governance\universal-systemic-relationship-mapping\RELATIONSHIP_STATE_REGISTER.md","DOCUMENTATION",".md","950","D60D0BC42371668A1881B6B52F630B0391F3FC0966CCC444CAB34112FC82B0D0","ELIGIBLE"
"meta-architecture-governance\universal-systemic-relationship-mapping\UNIVERSAL_SYSTEMIC_RELATIONSHIP_MAPPING.md","DOCUMENTATION",".md","1235","9BDB79CC06C2F3141A55D7C150848DC71412F3E5AFB793660CE024A0311FE48E","ELIGIBLE"
"meta-architecture-synthesis\architecture-layer-convergence\ARCHITECTURE_LAYER_CONVERGENCE.md","DOCUMENTATION",".md","1012","EE9168AED4DAF908445556623A01B719972D3EFD72F9A5F2BB0CF868A27AC2E9","ELIGIBLE"
"meta-architecture-synthesis\architecture-layer-convergence\LAYER_CONVERGENCE_EVOLUTION_RECORD.md","DOCUMENTATION",".md","863","CDCC2EA3908A429C46459E1FFE8E0AC9DD89665088DD196C742247CEF9032CDA","ELIGIBLE"
"meta-architecture-synthesis\architecture-layer-convergence\LAYER_CONVERGENCE_STATE_REGISTER.md","DOCUMENTATION",".md","898","BF910E5DB26BDA4877515BD71177328037627622557FA7ADCDAED536DC2EC032","ELIGIBLE"
"meta-architecture-synthesis\architecture-relationship-mapping\ARCHITECTURE_ALIGNMENT_RECORD.md","DOCUMENTATION",".md","785","1F0448855C0BB70CF32998C2BC5360E1162621AAEF0C35C412B0AF9A8C03522B","ELIGIBLE"
"meta-architecture-synthesis\architecture-relationship-mapping\ARCHITECTURE_RELATIONSHIP_MODEL.md","DOCUMENTATION",".md","856","20D9393695A1DFB9FEB571D6C38E1C752F3A3AC66BD3944D4098DA6708771CA1","ELIGIBLE"
"meta-architecture-synthesis\architecture-relationship-mapping\SYSTEM_RELATIONSHIP_REGISTER.md","DOCUMENTATION",".md","741","F491F9A3CCA9030670E28F26DEB32F99266A92A3ECA0270FDF31A0874ACAB7BF","ELIGIBLE"
"meta-architecture-synthesis\complete-orynth-architecture-graph\ARCHITECTURE_GRAPH_MODEL.md","DOCUMENTATION",".md","797","A8F426CFDAFA3C6305584EDBE08C4814E3CC5EAFA5CD74BDA0B11CE1F254943D","ELIGIBLE"
"meta-architecture-synthesis\complete-orynth-architecture-graph\GRAPH_INTEGRATION_REGISTER.md","DOCUMENTATION",".md","773","E98EF27D554BAF4BA9396929365FD71EE5803CB68D45EC15E43222169A708905","ELIGIBLE"
"meta-architecture-synthesis\complete-orynth-architecture-graph\MASTER_ARCHITECTURE_RECORD.md","DOCUMENTATION",".md","813","8F88332898953D9DFB25CF8367CEA5430DEA69CD9E3F548D6F28B0A3FEFE5512","ELIGIBLE"
"meta-architecture-synthesis\complete-orynth-meta-architecture\COMPLETE_ORYNTH_META_ARCHITECTURE.md","DOCUMENTATION",".md","1380","CCB1055B984FBD7D2335A25FD05BEEF302F1C5965F23407512AA8B22BAD3DF06","ELIGIBLE"
"meta-architecture-synthesis\complete-orynth-meta-architecture\META_ARCHITECTURE_EVOLUTION_RECORD.md","DOCUMENTATION",".md","883","3D866A82245D7E9ED4CD607CD57E8F89527B70A429F73A1A41B99E55271DB2A8","ELIGIBLE"
"meta-architecture-synthesis\complete-orynth-meta-architecture\META_ARCHITECTURE_STATE_REGISTER.md","DOCUMENTATION",".md","1011","19A76DF3C1892C6D5D7D8AC8BF4AF3775447C285DC369E458E25E4178423FFE4","ELIGIBLE"
"meta-architecture-synthesis\cross-domain-meta-model-integration\CROSS_DOMAIN_META_MODEL_INTEGRATION.md","DOCUMENTATION",".md","1083","042C07D71605DE292FBD6DA8147BD20CDA4B588F072F23E083222EB2BE16E437","ELIGIBLE"
"meta-architecture-synthesis\cross-domain-meta-model-integration\META_MODEL_EVOLUTION_RECORD.md","DOCUMENTATION",".md","804","9DBD004ABAD8EE4C40B2055DB01CF9F0BB5137A02C3E65C3B421F7D6B0451D58","ELIGIBLE"
"meta-architecture-synthesis\cross-domain-meta-model-integration\META_MODEL_STATE_REGISTER.md","DOCUMENTATION",".md","870","2522E4DDDB746028C15576FA148221EEC783DBCF245E9A175D054C16FAAB6B7F","ELIGIBLE"
"meta-architecture-synthesis\cross-system-dependency-model\DEPENDENCY_GRAPH_REGISTER.md","DOCUMENTATION",".md","729","BF1579587C9570DAFB429083D83F7E589ADB93C75E48C431DC43A1A4AEEC033C","ELIGIBLE"
"meta-architecture-synthesis\cross-system-dependency-model\DEPENDENCY_MODEL.md","DOCUMENTATION",".md","839","1E628FB75D93B1195E02ACCC36471CE5DA631C059F6AE73F5B0F2B608E6B0A87","ELIGIBLE"
"meta-architecture-synthesis\cross-system-dependency-model\SYSTEM_INTERACTION_RECORD.md","DOCUMENTATION",".md","709","30D1AACEF61EF21D36C7665E2A5D606B70AEF2C8FAFB557D9785F3F0B5FC5F06","ELIGIBLE"
"meta-architecture-synthesis\final-consolidation\COMPLETE_META_ARCHITECTURE_REFERENCE_STATE.md","DOCUMENTATION",".md","1041","9FFD1EECDA9499FA7C8DDAF784A878BC4F14EFCBF8C7114B0CC15BB109C1234C","ELIGIBLE"
"meta-architecture-synthesis\final-consolidation\META_ARCHITECTURE_COMPLETION_RECORD.md","DOCUMENTATION",".md","963","23819B1014968BCF0747D4D16DEC9EE29DE304D5061D190B1716220A586131EC","ELIGIBLE"
"meta-architecture-synthesis\final-consolidation\META_ARCHITECTURE_VALIDATION_REPORT.md","DOCUMENTATION",".md","890","7192F53DFA8D83140FC916CBF15103F88B91E2B54D268D578794497A993A4A9E","ELIGIBLE"
"meta-architecture-synthesis\final-consolidation\UNIFIED_ARCHITECTURE_REFERENCE_MODEL.md","DOCUMENTATION",".md","815","E817C79C26DB91ED4194CB82E3FAA3A9E89D304861483B95ACB54DCF697F2FBE","ELIGIBLE"
"meta-architecture-synthesis\unified-ecosystem-architecture\ECOSYSTEM_ARCHITECTURE_EVOLUTION_RECORD.md","DOCUMENTATION",".md","845","2C158CA9DBBD6B8CE5D1D6BFEACA4A588CBEA5E8080EC25A7DB9FA18054697C3","ELIGIBLE"
"meta-architecture-synthesis\unified-ecosystem-architecture\ECOSYSTEM_ARCHITECTURE_STATE_REGISTER.md","DOCUMENTATION",".md","942","0A3DA0AB589B19099F0457D74B9651C5562A848E2C3B81717C0CAB25D898F657","ELIGIBLE"
"meta-architecture-synthesis\unified-ecosystem-architecture\UNIFIED_ECOSYSTEM_ARCHITECTURE.md","DOCUMENTATION",".md","1049","5105BD0B6E72258EA1F31267A2A1CE2A86B0DE1196A39AFF340382C617BEFB93","ELIGIBLE"
"meta-architecture-synthesis\unified-ecosystem-ontology\CONCEPT_RELATIONSHIP_REGISTER.md","DOCUMENTATION",".md","748","00B0C2C4AE020BDE198F6D2ECC01A5C9C9D4D366D5322D822FFB5CB2EFCB7883","ELIGIBLE"
"meta-architecture-synthesis\unified-ecosystem-ontology\ECOSYSTEM_MEANING_RECORD.md","DOCUMENTATION",".md","736","DC1202A8786F57947CE3DBF040CEA6298610CD87D5ECC35D03F12762F15A03C1","ELIGIBLE"
"meta-architecture-synthesis\unified-ecosystem-ontology\UNIFIED_ONTOLOGY_MODEL.md","DOCUMENTATION",".md","782","0A851DF23F872FD4AD4550E8CB07A712CD4F2B2D514BF98FE4CFFE0712D59117","ELIGIBLE"
"omnisystem-architecture-consolidation\complete-system-inventory-mapping\COMPLETE_SYSTEM_INVENTORY_MAPPING.md","DOCUMENTATION",".md","963","673DD031F8C181A8DDC94DA16E3A854C8B85854590D968F45232727B48E64EF7","ELIGIBLE"
"omnisystem-architecture-consolidation\complete-system-inventory-mapping\INVENTORY_EVOLUTION_RECORD.md","DOCUMENTATION",".md","786","E48015C84E6E3D81EAF93D234C9DFF211A3B6CC62ADCC5ABCD912E7CB27597F9","ELIGIBLE"
"omnisystem-architecture-consolidation\complete-system-inventory-mapping\SYSTEM_INVENTORY_REGISTER.md","DOCUMENTATION",".md","763","80EC368831B4FC4FDB3833A6B45603626651FEA64CDAB5F421B834352799F7B5","ELIGIBLE"
"omnisystem-architecture-consolidation\cross-domain-architecture-correlation\ARCHITECTURE_CORRELATION_REGISTER.md","DOCUMENTATION",".md","859","47FB0742D69A125CC66CA4AA85697AF063DFECC9E21AC9684BC3C5430470ED1B","ELIGIBLE"
"omnisystem-architecture-consolidation\cross-domain-architecture-correlation\CORRELATION_EVOLUTION_RECORD.md","DOCUMENTATION",".md","851","51A68139E9F2E5D7D728061C973153F01FD3C2CE8AE4847E9B0C85F05C849952","ELIGIBLE"
"omnisystem-architecture-consolidation\cross-domain-architecture-correlation\CROSS_DOMAIN_ARCHITECTURE_CORRELATION.md","DOCUMENTATION",".md","1032","DFAEB5BA641232E1623D2FD6EDF267A0E2F68D2B5A8818C16D9242DD393FFB41","ELIGIBLE"
"omnisystem-architecture-consolidation\final-consolidation\COMPLETE_ORYNTH_OMNISYSTEM_REFERENCE_STATE.md","DOCUMENTATION",".md","999","E8BDCED2B00C9F2434507169663A0619039B610601B0F784D3C174463F7508E1","ELIGIBLE"
"omnisystem-architecture-consolidation\final-consolidation\OMNISYSTEM_CONSOLIDATION_COMPLETION_RECORD.md","DOCUMENTATION",".md","930","77BD5A0668DFD5F37FFF11F8363C07F0B73B8A625910C5E5943AD4EB0248AF86","ELIGIBLE"
"omnisystem-architecture-consolidation\final-consolidation\OMNISYSTEM_VALIDATION_REPORT.md","DOCUMENTATION",".md","861","C0C2CFFC6DEC7041D20305FFF4B1CF13FD3E7364B4FE8403AFC7C23951A55F4F","ELIGIBLE"
"omnisystem-architecture-consolidation\omnisystem-reference-architecture\OMNISYSTEM_REFERENCE_ARCHITECTURE.md","DOCUMENTATION",".md","1169","B32719953E3B4520B5AE0184F5921BC378D4598724A33780F5DDE934C65B0E6C","ELIGIBLE"
"omnisystem-architecture-consolidation\omnisystem-reference-architecture\REFERENCE_ARCHITECTURE_EVOLUTION_RECORD.md","DOCUMENTATION",".md","888","4673B8E3E23C9169D528C822F3ACACB45198B8B17C64DFA62240E19F2466D780","ELIGIBLE"
"omnisystem-architecture-consolidation\omnisystem-reference-architecture\REFERENCE_ARCHITECTURE_STATE_REGISTER.md","DOCUMENTATION",".md","873","B022843F0E0E1A05A89C16A110075A566E9E41166B6BA7B54281087442CD51A1","ELIGIBLE"
"omnisystem-architecture-consolidation\unified-system-ontology-construction\ONTOLOGY_EVOLUTION_RECORD.md","DOCUMENTATION",".md","808","F555E576AC6447739763712ADE0554D4A4AB0DFB545FC1FAE0D7C3194FB6E99E","ELIGIBLE"
"omnisystem-architecture-consolidation\unified-system-ontology-construction\ONTOLOGY_STATE_REGISTER.md","DOCUMENTATION",".md","790","74723085B7DCCA5DECFCA77BAA53C7FCB5757530FF009FA232FBFDC62249E29D","ELIGIBLE"
"omnisystem-architecture-consolidation\unified-system-ontology-construction\UNIFIED_SYSTEM_ONTOLOGY_CONSTRUCTION.md","DOCUMENTATION",".md","970","BA2135BA7B3E795E3FB8B83FB1463C069F975DD2AC910E022FDA563082270BDF","ELIGIBLE"
"ontology\CHANGELOG.md","DOCUMENTATION",".md","1689","B7C5F4A7368C3C4FD0EC9D693103F536EABBD70CE29CB529D2DE3D7C3D5E63F9","ELIGIBLE"
"ontology\CONSTITUTIONAL_NAVIGATION.md","DOCUMENTATION",".md","2293","248F19B688C3FFF525598D882041906C9D6792C023D8F26FA14D565D1376EF96","ELIGIBLE"
"ontology\DEPENDENCY_MODEL.md","DOCUMENTATION",".md","2588","BF1B7FF0FADBF590CCDC6D964D64F02D755A4DA5AAFF6F469BD95ED2FEFC2088","ELIGIBLE"
"ontology\ENTRY_ONTOLOGY.md","DOCUMENTATION",".md","2034","29074F65077D61D41A98051196B4EBA2636D4E7CDF8BF29E6DCC21C12E8CCD62","ELIGIBLE"
"ontology\FRAMEWORK_RELATIONSHIPS.md","DOCUMENTATION",".md","2838","9FFB9BA3E03EDA8638670C06E8233A5A98E409EEFDF6AD342306BB18CCA87350","ELIGIBLE"
"ontology\PROVENANCE.md","DOCUMENTATION",".md","2086","9A5688140BB72B20EC393EC834413B25905017172827928E89E1871818FBB43E","ELIGIBLE"
"ontology\README.md","DOCUMENTATION",".md","1593","26BDA7EA531213761684D099900870151B8D2168FF4AD8AE223CDEBACD2FE841","ELIGIBLE"
"ontology\RECONSTRUCTION.md","DOCUMENTATION",".md","2578","F4BDA3765FD0D6E0281D710F4820C0CBDC30C85E94436E213B763155FEE10D8A","ELIGIBLE"
"ontology\SEMANTIC_BOUNDARIES.md","DOCUMENTATION",".md","2442","7DB98904BE5172192848D61EA26FA9B3077027D170CB0BEA7EDCC6AB4F91CB73","ELIGIBLE"
"ontology\TAXONOMY.md","DOCUMENTATION",".md","2267","FBB9F6A977C4EE05820C8E370BCCBF632FB9FB0267B09D00F2D40A6FD8C47D2D","ELIGIBLE"
"ontology\TERMINOLOGY.md","DOCUMENTATION",".md","2712","1AF5F7A22379773A75ED2715AFA4F42E57729E8C83CFCDF5FD94AF47758B98AB","ELIGIBLE"
"ontology\VARIABLES.md","DOCUMENTATION",".md","2539","0B76DA95015D9AF57DCEC7A60D14D346415776FA1E2784F6458ED41C1D7F8E7B","ELIGIBLE"
"operational-evolution\EXTERNAL_REVIEW_RESPONSE_FRAMEWORK.md","DOCUMENTATION",".md","0","E3B0C44298FC1C149AFBF4C8996FB92427AE41E4649B934CA495991B7852B855","ELIGIBLE"
"operational-evolution\external-review-package\EXTERNAL_REVIEW_PACKAGE_MODEL.md","DOCUMENTATION",".md","762","3F111AA818C0A82B82D854989962553C18254CFA7E95C7A8B105341EE1995E6E","ELIGIBLE"
"operational-evolution\external-review-package\EXTERNAL_REVIEW_RESPONSE_FRAMEWORK.md","DOCUMENTATION",".md","729","BAF7D1F0628AEC2B9122A5500BE343A6485DF36AADA65550F27E6DDEF33DAF92","ELIGIBLE"
"operational-evolution\external-review-package\REVIEW_EVIDENCE_INDEX.md","DOCUMENTATION",".md","715","B1594A18F1A53054A8D1753385BAEF99802053655AE8E1133970189F49F96A70","ELIGIBLE"
"operational-evolution\feedback-integration-pipeline\CHANGE_ADMISSION_MODEL.md","DOCUMENTATION",".md","742","A78228B7ED669E4BC0BD9D71D2D8944DCB79E5336A8805FECAE4131402170C65","ELIGIBLE"
"operational-evolution\feedback-integration-pipeline\FEEDBACK_CAPTURE_MODEL.md","DOCUMENTATION",".md","724","1E541BA5A268ADDBB7574CD1CD4409B68CFD55BD841B103C2312F1FFFA5A1B13","ELIGIBLE"
"operational-evolution\feedback-integration-pipeline\FEEDBACK_EVALUATION_FRAMEWORK.md","DOCUMENTATION",".md","698","BCFB7EE245227345FD65F04749B251D130AEB416BBFB3680061A3EA28FC287C5","ELIGIBLE"
"operational-evolution\public-documentation-portal\DOCUMENTATION_MAINTENANCE_MODEL.md","DOCUMENTATION",".md","748","5F77D37CB76378BC5CB78B481AC4A2F44748962297C8B6C8054335942174B76B","ELIGIBLE"
"operational-evolution\public-documentation-portal\DOCUMENTATION_PORTAL_MODEL.md","DOCUMENTATION",".md","767","35362013914B3702B8B74177A0BF1D5759F3D86821BFA7EF55D55DAF9B35095F","ELIGIBLE"
"operational-evolution\public-documentation-portal\PUBLIC_NAVIGATION_STRUCTURE.md","DOCUMENTATION",".md","748","84BE2F15BBB2BAC8D3C850BE3602E80DA38A05AEB874AEAE1D9D2E77EEE2030C","ELIGIBLE"
"operational-evolution\v1-1-architecture-queue\EVOLUTION_REVIEW_PROCESS.md","DOCUMENTATION",".md","716","C1753EB8336C9939581E553C17C7CA565888ABAD8E8633362C4BD6442B01B92C","ELIGIBLE"
"operational-evolution\v1-1-architecture-queue\PROPOSED_CAPABILITY_REGISTER.md","DOCUMENTATION",".md","789","A06015B2DB2BEDD9FF0B9A77960539C62E9C151D1C403B4A61E075B44A4CB03B","ELIGIBLE"
"operational-evolution\v1-1-architecture-queue\VERSION_1_1_ARCHITECTURE_QUEUE.md","DOCUMENTATION",".md","771","0FF08E0E90301FEBFE3D86BC640C9C4385EF3E56E7D9DDB9A92ECADF3513233E","ELIGIBLE"
"operational-intelligence\anomaly-detection\ANOMALY_DETECTION_MODEL.md","DOCUMENTATION",".md","753","510E7B4035005CE458E8215FA83BCE046A57B821971F126C808C76273DD3D201","ELIGIBLE"
"operational-intelligence\anomaly-detection\RISK_SIGNAL_FRAMEWORK.md","DOCUMENTATION",".md","678","12AD344F0D5B7150345200719B2AB311EEECE76B3F7AB8A05A14FA90F6187A36","ELIGIBLE"
"operational-intelligence\anomaly-detection\SYSTEM_DEVIATION_MODEL.md","DOCUMENTATION",".md","716","8417A977B9A54439C2E0A7D3EE22B6B34D7BF07BB066472EB77382F9C80BAFEF","ELIGIBLE"
"operational-intelligence\assurance-systems\ASSURANCE_EVIDENCE_MODEL.md","DOCUMENTATION",".md","694","BC21432DB542EF9C345BC22E896B2DF42AC83D66A4ACD0201C73637681AA86B0","ELIGIBLE"
"operational-intelligence\assurance-systems\ASSURANCE_SYSTEM_MODEL.md","DOCUMENTATION",".md","798","E0A3FC6C0630ECB3B37001648C1B37139E99681C79C77FB4988D400D2BFDD353","ELIGIBLE"
"operational-intelligence\assurance-systems\CONTINUOUS_ASSURANCE_FRAMEWORK.md","DOCUMENTATION",".md","631","6483ADCAE55DF1CCAB856D98FF59BE3BC5DF92A0F54312FE77C99C7D272E0E30","ELIGIBLE"
"operational-intelligence\monitoring-framework\MONITORING_FRAMEWORK_MODEL.md","DOCUMENTATION",".md","736","E857F90CB495C2D45D1D9491007C68548D855D9B0C3D15F9270DA97854DBC583","ELIGIBLE"
"operational-intelligence\monitoring-framework\OPERATIONAL_STATE_MODEL.md","DOCUMENTATION",".md","590","0893CB40238D96084332FFED49EDF348B5CBF8D159DB38D82F055303DBB3B546","ELIGIBLE"
"operational-intelligence\monitoring-framework\SYSTEM_OBSERVABILITY_MODEL.md","DOCUMENTATION",".md","726","F30BCF04E3F2052D4C11211AA4ADE93E1B3F6B78F4481B940A648445B0C44D1C","ELIGIBLE"
"operational-intelligence\operational-metrics\METRIC_VALIDATION_MODEL.md","DOCUMENTATION",".md","676","767AD4FCE6C930A9F5D2288AB7442088BCDDBDC264287783A14CB767A6FDF154","ELIGIBLE"
"operational-intelligence\operational-metrics\OPERATIONAL_METRICS_MODEL.md","DOCUMENTATION",".md","695","9F2F31040B0E41AA61D57A1A87D70420268BC96DA9931E50D5A04023F3D6B845","ELIGIBLE"
"operational-intelligence\operational-metrics\PERFORMANCE_MEASUREMENT_FRAMEWORK.md","DOCUMENTATION",".md","700","4556FA33183AA662BA60418EB62CBA410B87215E2E4C9682F3DBCAAD181095EB","ELIGIBLE"
"operational-intelligence\operational-reporting\OPERATIONAL_HISTORY_MODEL.md","DOCUMENTATION",".md","635","F49628B44AA329AB458C39F00AA89C33F5CE82A80CADFA0E0833DA5F7007243F","ELIGIBLE"
"operational-intelligence\operational-reporting\OPERATIONAL_REPORTING_MODEL.md","DOCUMENTATION",".md","741","F60B53DA2B15D47A0540E87B4E51EF3E0D8D6722F7A8B436448978493C351DD8","ELIGIBLE"
"operational-intelligence\operational-reporting\STATUS_REPORT_FRAMEWORK.md","DOCUMENTATION",".md","632","325FD762FEA16674D793A95BB07AEE025984BCB1E8A9870D1B42CC9496E8703E","ELIGIBLE"
"operations\continuity-management\KNOWLEDGE_PRESERVATION_MODEL.md","DOCUMENTATION",".md","968","A3C0E30E1F54FF81DD76B3FC0315BE9E0CF1BC39D8EF8F0700E843E286FAFEF3","ELIGIBLE"
"operations\continuity-management\LONG_TERM_CONTINUITY_MODEL.md","DOCUMENTATION",".md","1078","5CCE2D4B0CE364B51B054982885160E1BA421CE5F969F70DF38C501D46E6D986","ELIGIBLE"
"operations\continuity-management\SUCCESSION_MANAGEMENT_MODEL.md","DOCUMENTATION",".md","1067","1D564BD0C1F6575198127F0DD20DC7980A4512CE86005791FF4632450BEE0C9A","ELIGIBLE"
"operations\ecosystem-metrics\ADOPTION_METRICS_MODEL.md","DOCUMENTATION",".md","971","BD9BEDC3CCB7995353C475327FD68B7BD3537F51920AEB85D09DCCFB767EA881","ELIGIBLE"
"operations\ecosystem-metrics\ECOSYSTEM_HEALTH_METRICS.md","DOCUMENTATION",".md","1071","E127E35B851B015E2472400DD71E31AC247FED4E084594958AC44CF1A1DF4853","ELIGIBLE"
"operations\ecosystem-metrics\IMPACT_MEASUREMENT_MODEL.md","DOCUMENTATION",".md","1067","EBA95E226B8D65F91E328F3544B5EAB6D7C71FA940C72DEFBE35A8F117491069","ELIGIBLE"
"operations\health\ARCHITECTURE_HEALTH_MODEL.md","DOCUMENTATION",".md","1076","C0497DA65CC1E014C141E70623BD5ADB753C4B9FB990DCE8C227D8DEDB2C2854","ELIGIBLE"
"operations\health\MATURITY_ASSESSMENT_MODEL.md","DOCUMENTATION",".md","1022","BF8D080E7B9A4BAD5789193CF16825CAC51614EC12CEAB47F9BB975CE3003625","ELIGIBLE"
"operations\health\SYSTEM_INTEGRITY_MODEL.md","DOCUMENTATION",".md","1013","CA02606B5E8B0ABA7B774BF2335CA3953CDCC6C9B5F62B7A134293818F8F8268","ELIGIBLE"
"operations\monitoring\ARCHITECTURE_MONITORING_MODEL.md","DOCUMENTATION",".md","1006","16C946CB53D21254B05A5A663B528A52793C8BC6D8BE837704A594F7D6F40EC0","ELIGIBLE"
"operations\monitoring\CHANGE_DETECTION_MODEL.md","DOCUMENTATION",".md","964","A569755E5D586EEFB7C2032793BF0CADBFE639E2860DF6D148156413147CA17B","ELIGIBLE"
"operations\monitoring\DEPENDENCY_MONITORING_MODEL.md","DOCUMENTATION",".md","906","8EBC7F7F6D0BD6593A10E26F97FA90E3E31091904602905184FD8ADA8455BBC2","ELIGIBLE"
"operations\release-operations\RELEASE_ARCHIVE_MODEL.md","DOCUMENTATION",".md","796","AFD9316172DE2F0B89A6DA7F045DB4DB3C538C1AF536BC80A407E02A066CA768","ELIGIBLE"
"operations\release-operations\RELEASE_EXECUTION_MODEL.md","DOCUMENTATION",".md","1002","01F3DCA357AD76681B95F232A8704D43DF62BFD0695AD24E3BB3E8F89EC84EF4","ELIGIBLE"
"operations\release-operations\RELEASE_VALIDATION_MODEL.md","DOCUMENTATION",".md","929","4B3E1CFF43B0DFE37AD80A7BDDA429D1BCC148D51788740C3207B2A9A294AE34","ELIGIBLE"
"operations\review-cycles\ARCHITECTURAL_REVIEW_MODEL.md","DOCUMENTATION",".md","1031","B8AD1424AD67BD80115A6D7D09EDD4E0162FDE8BC76DBC437768E342CF5111C8","ELIGIBLE"
"operations\review-cycles\IMPROVEMENT_CYCLE_MODEL.md","DOCUMENTATION",".md","913","54B7A01BB56A1183E8E55B3FFBB75FF0482A608A3E972486E8F55272788A4D6C","ELIGIBLE"
"operations\review-cycles\PERIODIC_ASSESSMENT_MODEL.md","DOCUMENTATION",".md","908","FC3F2994E1FAB047468ACB50EB9769E82261271D293EBD8F5C881099050B892C","ELIGIBLE"
"orynth-reference-architecture\README.md","DOCUMENTATION",".md","2274","4A5F8E8B8D9A8389F81D212276FA6D1600FA350AC7A2183966DB727732A1199B","ELIGIBLE"
"orynth-reference-architecture\RELEASE_NOTES.md","DOCUMENTATION",".md","670","E6506B89279D1D9D380706766C3F51FCDD5F0448705E51862177EB8A505461C9","ELIGIBLE"
"orynth-reference-architecture\papers\publication-package\ARCHITECTURE_SUMMARY.md","DOCUMENTATION",".md","1751","3DF5445801E85D3F5BF27F384DE906ABD02AC339D223DB79EC0B1E8EF45D0FF6","ELIGIBLE"
"orynth-reference-architecture\papers\publication-package\CITATION_INTEGRATION_RECORD.md","DOCUMENTATION",".md","1914","79B254671908B435615A63EA411031EC1ABBD3FBE4CF4DF92AFE80A17660DE0E","ELIGIBLE"
"orynth-reference-architecture\papers\publication-package\FINAL_PUBLICATION_RECORD.md","DOCUMENTATION",".md","1561","3AD2831BD77A334BBA93AC24AE760BCE43151C2F68C65C813BEB5A960B467A0D","ELIGIBLE"
"orynth-reference-architecture\papers\publication-package\GOVERNANCE_DESCRIPTION.md","DOCUMENTATION",".md","3466","21D7B172EC89F49753C513223638517789F05DABE4EEC698EE156B06208D4CF3","ELIGIBLE"
"orynth-reference-architecture\papers\publication-package\MANUSCRIPT_ASSEMBLY_RECORD.md","DOCUMENTATION",".md","2453","427E74CC76ED1F85444F92464DBB4909D54FF3B53FFBA711F57A5188EEED6B69","ELIGIBLE"
"orynth-reference-architecture\papers\publication-package\MANUSCRIPT_REVIEW_CHECKLIST.md","DOCUMENTATION",".md","2654","78FBED20742359AC5067330E211D6FAE4CB4938C6FC3F79797C1BE4705104BFE","ELIGIBLE"
"orynth-reference-architecture\papers\publication-package\PDF_GENERATION_RECORD.md","DOCUMENTATION",".md","2198","0622FC4DD3C8F465A2995C38CC489B06C79B87A3A9280B782766F68FF0E7A804","ELIGIBLE"
"orynth-reference-architecture\papers\publication-package\PUBLICATION_DRAFT.md","DOCUMENTATION",".md","4632","B28941E98E9323F795EE16C35D50688D1B33CA02FD26A5F0CB23FEFAD689A010","ELIGIBLE"
"orynth-reference-architecture\papers\publication-package\PUBLICATION_EXPORT_RECORD.md","DOCUMENTATION",".md","2248","DE05D6583DC2DC9CCCECEC2D57B3BC9A0095639F3CFAE5055F1237DC0D15DA17","ELIGIBLE"
"orynth-reference-architecture\papers\publication-package\PUBLICATION_FORMAT_SPECIFICATION.md","DOCUMENTATION",".md","3384","449D6CF6741FDEFCB230B7B1A1A25B681C31D1B7E679C5E5CAB5704037DB7626","ELIGIBLE"
"orynth-reference-architecture\papers\publication-package\PUBLICATION_METADATA.md","DOCUMENTATION",".md","2856","1EF5F783EFF9F0526417156F2D3DDB6B96FAC9235AAF731BD8A4399B0D8DF11C","ELIGIBLE"
"orynth-reference-architecture\papers\publication-package\TECHNICAL_SPECIFICATION.md","DOCUMENTATION",".md","2537","1BEFED833D64AD517B647050660AE1B7F8234A4A2E368DD0218CEF60458E21BE","ELIGIBLE"
"orynth-reference-architecture\papers\publication-package\VALIDATION_EVIDENCE.md","DOCUMENTATION",".md","2669","00EDD8EC4888F7C42875288D8D7DA12575967DD30A7EF09FF4418CEE896ACC65","ELIGIBLE"
"orynth-reference-architecture\papers\publication-package\export\ORYNTH_REFERENCE_ARCHITECTURE_v1.0.0.pdf","DOCUMENTATION",".pdf","9964","EB2619D3C1B4F701DE61A480B08C2ABC5C152FA570DA3689948F90A373D46589","ELIGIBLE"
"phase-ii\assurance\CONTINUOUS_VALIDATION_MODEL.md","DOCUMENTATION",".md","782","25EB82F1705938745A6CE94EB91FC9E51CE718E19D576A6BF9F39EB13BA22A41","ELIGIBLE"
"phase-ii\assurance\DEPLOYMENT_READINESS_MODEL.md","DOCUMENTATION",".md","1345","9BB5F31AD8DB04C71E62D32E0A2A9CF77BBF1FD2C493745EA8DBD5A9B06AAC37","ELIGIBLE"
"phase-ii\assurance\OPERATIONAL_ASSURANCE_FRAMEWORK.md","DOCUMENTATION",".md","1046","C339798513E2AA5C7CC57C8969DF86E49C2612EA61AC6D297F959E0C86A96DC6","ELIGIBLE"
"phase-ii\compliance\ARCHITECTURE_COMPLIANCE_MODEL.md","DOCUMENTATION",".md","1237","65E3A5023096AB38C9EA4A209B41921BBCD63EDCEB783BDDC437284C9453A32B","ELIGIBLE"
"phase-ii\compliance\EVIDENCE_COMPLIANCE_MODEL.md","DOCUMENTATION",".md","841","80A56866DAFE9CD8860AD5AC6CD822C338FA802FE9C17249135B390740AAE3F1","ELIGIBLE"
"phase-ii\compliance\GOVERNANCE_COMPLIANCE_MODEL.md","DOCUMENTATION",".md","1006","D8671F21F11E4D4E2E7A6DE6FFA26068F4B1250C845CAB165CC16C4FD17E7F5D","ELIGIBLE"
"phase-ii\documentation\ARCHITECTURE_MODEL.md","DOCUMENTATION",".md","2011","CBDEC033E32DF25BA26419E9272245F9652FA8DB85E817B9EBE9C1CC0031B1ED","ELIGIBLE"
"phase-ii\documentation\CHANGELOG.md","DOCUMENTATION",".md","525","9BB4BEFB4CB71842CE80B04458F92AFFC433DE31AF12AB7E6261447892463D35","ELIGIBLE"
"phase-ii\documentation\GOVERNANCE_MODEL.md","DOCUMENTATION",".md","1770","EAB85151EB455D415A3718E28EE5A9730F4C154F6A3CABBE871ECEEBF62783A7","ELIGIBLE"
"phase-ii\documentation\INTEGRATION_MODEL.md","DOCUMENTATION",".md","2271","6718EB00A3BB548C51A19D42AF8D62546504BC8BE0F31BF0AD3C20C36BD20E5A","ELIGIBLE"
"phase-ii\documentation\PHASE_II_ARCHITECTURE.md","DOCUMENTATION",".md","2359","C758FAE951680A2218AC2B6039C5D28C49F054F16E0D7EF485C59341A94DC3B2","ELIGIBLE"
"phase-ii\documentation\RUNTIME_MODEL.md","DOCUMENTATION",".md","2168","41DD672388A815D2ECB4A2F2B846AEA9EC1EC60F931D05224C8E0860C28877B7","ELIGIBLE"
"phase-ii\documentation\TRANSITION_PLAN.md","DOCUMENTATION",".md","1618","5932A456D413B22964871D5B657B15C9CC565C47F8BEEA8819B826A06E282E2A","ELIGIBLE"
"phase-ii\documentation\VERIFICATION_MODEL.md","DOCUMENTATION",".md","1641","84260D5B27242DAFB656FFA482E6A112E0C900BA2E12E5A45D1F201FD8C822F5","ELIGIBLE"
"phase-ii\interfaces\ARCHITECTURE_CONTRACTS.md","DOCUMENTATION",".md","1249","73772BD13E84696DBB238674CE447BFD97900EB27B64D5870E931A6DAA6F2F80","ELIGIBLE"
"phase-ii\interfaces\CAPABILITY_INTERFACE_SPECIFICATION.md","DOCUMENTATION",".md","1389","7BBF9B2CD41803B001197CE8390827C526DFA44FF919369820E93E42022A0B0A","ELIGIBLE"
"phase-ii\interfaces\adapters\CAPABILITY_ADAPTER_MODEL.md","DOCUMENTATION",".md","0","E3B0C44298FC1C149AFBF4C8996FB92427AE41E4649B934CA495991B7852B855","ELIGIBLE"
"phase-ii\interfaces\contracts\RUNTIME_INTERFACE_CONTRACTS.md","DOCUMENTATION",".md","0","E3B0C44298FC1C149AFBF4C8996FB92427AE41E4649B934CA495991B7852B855","ELIGIBLE"
"phase-ii\metrics\ARCHITECTURE_HEALTH_MODEL.md","DOCUMENTATION",".md","650","B50DB3769706DAB30C90BABBDE041FD5328D0F1C25A2E2FE820A80C45D524A47","ELIGIBLE"
"phase-ii\metrics\MATURITY_METRICS.md","DOCUMENTATION",".md","615","8BD8D024560A609CC9384A2964D679F7694ABC7AFDC99B6C97F532BDFDA520B1","ELIGIBLE"
"phase-ii\metrics\RUNTIME_OBSERVABILITY.md","DOCUMENTATION",".md","567","55007CB2D7676CFDBB3CE27DA27654065092C23D0D3FCD767EC50689CE80C76E","ELIGIBLE"
"phase-ii\operational\EXECUTION_SCENARIO_MODEL.md","DOCUMENTATION",".md","1060","D89F2BA2E23207BFA5AAE2D09EB14B16CDB661CA6B8F488ED243C5CDB6656F6C","ELIGIBLE"
"phase-ii\operational\LIFECYCLE_EXECUTION_TRACE.md","DOCUMENTATION",".md","579","7DD48A5862A47D67933A69C517B1FAE511F110B72EA5F3CA6F071E475A47C1FD","ELIGIBLE"
"phase-ii\operational\OPERATIONAL_STATE_MACHINE.md","DOCUMENTATION",".md","603","047AEB753C2954D4A20E17CAA5F3A3816705BB1441C57535FB0D3817C5FE69E2","ELIGIBLE"
"phase-ii\operational\RUNTIME_OPERATION_PROTOCOL.md","DOCUMENTATION",".md","797","FFF67A7939399901C7ECEAC55FCE06248DA0C55B41A29DC6EEF2461204980CAE","ELIGIBLE"
"phase-ii\release\CHANGE_CONTROL_MODEL.md","DOCUMENTATION",".md","817","766D156B8BF02CA8A82B1FF7862861D650EA8BA82962E2FB6A1BBDF3DA997DF5","ELIGIBLE"
"phase-ii\release\RELEASE_READINESS_MODEL.md","DOCUMENTATION",".md","723","36454E4C459B5487B4E9BCE01F04C50F221E131A2B887D0CBEB43DF2C0E6EC55","ELIGIBLE"
"phase-ii\release\VERSIONING_STRATEGY.md","DOCUMENTATION",".md","688","F92673C9E32A40EEA2107E3ACE67BE94A8DE10E0240F9F0E2DA736374C4BDF50","ELIGIBLE"
"phase-ii\simulation\FAILURE_INJECTION_MODEL.md","DOCUMENTATION",".md","873","56F2496782B4009F4287E01EEACC2B54729183FFE4DF376862087FCD60C4FBB2","ELIGIBLE"
"phase-ii\simulation\RECOVERY_SIMULATION.md","DOCUMENTATION",".md","735","8DB967F9FC352149545BCF9021016EC85B9F1D56A81F4F6B5126EC71C08F9A07","ELIGIBLE"
"phase-ii\simulation\RUNTIME_SIMULATION_MODEL.md","DOCUMENTATION",".md","1017","73468EEB3259CCD8333C20B7DAEB7A38CB09CEB9913778FB1155CA8E0A56A552","ELIGIBLE"
"phase-ii\testing\GOVERNANCE_TEST_SUITE.md","DOCUMENTATION",".md","662","E798451D8F28E8B3FA402BF8FB9EE6A788685A86BB3FC6F1FDE3A89198F807FF","ELIGIBLE"
"phase-ii\testing\RUNTIME_TEST_HARNESS.md","DOCUMENTATION",".md","741","C16C89D5C10321143EDEC88EAC8C59C490694589066A7BBF7AED4CE98AA961D7","ELIGIBLE"
"phase-ii\testing\VERIFICATION_TEST_SUITE.md","DOCUMENTATION",".md","573","165ED992300CDEACF5D000F9F08877E1E359E514BB60F3296B11ECD07998CA67","ELIGIBLE"
"phase-iii\assurance\ECOSYSTEM_VALIDATION_MODEL.md","DOCUMENTATION",".md","0","E3B0C44298FC1C149AFBF4C8996FB92427AE41E4649B934CA495991B7852B855","ELIGIBLE"
"phase-iii\assurance\EVOLUTION_GOVERNANCE_MODEL.md","DOCUMENTATION",".md","0","E3B0C44298FC1C149AFBF4C8996FB92427AE41E4649B934CA495991B7852B855","ELIGIBLE"
"phase-iii\assurance\FEDERATION_ASSURANCE_MODEL.md","DOCUMENTATION",".md","0","E3B0C44298FC1C149AFBF4C8996FB92427AE41E4649B934CA495991B7852B855","ELIGIBLE"
"phase-iii\deployment\ECOSYSTEM_DEPLOYMENT_MODEL.md","DOCUMENTATION",".md","1285","77C4BD146C04F81AA6AB5FA4BB8C06A3ECD6AE97D29B61A3BC290CE959411C56","ELIGIBLE"
"phase-iii\deployment\LONG_TERM_EVOLUTION_MODEL.md","DOCUMENTATION",".md","1039","8DC181E69314BF739E3981ADA48AA46C625D4F9C72D917C6C82427AA3063612E","ELIGIBLE"
"phase-iii\deployment\SCALE_READINESS_MODEL.md","DOCUMENTATION",".md","974","5969C66A78813B0F08817BF7162420CC6E5657F98D116693B1647C253E2B43DF","ELIGIBLE"
"phase-iii\ecosystem\CROSS_SYSTEM_GOVERNANCE.md","DOCUMENTATION",".md","1001","7E0AEA26267D8B34D68CDC70F12E194212A5C3E27741DE91EAE1B1E642E32878","ELIGIBLE"
"phase-iii\ecosystem\ECOSYSTEM_ARCHITECTURE_MODEL.md","DOCUMENTATION",".md","1321","93DE4BD0B279435AD5957E737E25225C13FBD7F7960DEC17EE5CD41421E61C13","ELIGIBLE"
"phase-iii\ecosystem\SYSTEM_INTEROPERABILITY_MODEL.md","DOCUMENTATION",".md","1081","8F3C57959DC3EA16E63D57AFD33054D39DF2E986205BEF1AF9F980E4DF6537C5","ELIGIBLE"
"phase-iii\federation\EXTERNAL_SYSTEM_INTERFACE.md","DOCUMENTATION",".md","1171","787625D5EB72B2584A92272BDD0C7FB9910507874C109993D4F5FF6548BB6842","ELIGIBLE"
"phase-iii\federation\FEDERATED_RUNTIME_MODEL.md","DOCUMENTATION",".md","1178","7A629E1C570E98D8C6D9951A780F99375DF667FEB55970DA17618A40C6C94EF2","ELIGIBLE"
"phase-iii\federation\TRUST_BOUNDARY_MODEL.md","DOCUMENTATION",".md","977","ED46DDC6532E79BE7D96A3E4D855651DEA4968AE3D0C0AFE9D25E416BE0BB624","ELIGIBLE"
"phase-iii\intelligence\ADAPTIVE_LEARNING_MODEL.md","DOCUMENTATION",".md","1165","F7E5B02F5B3A987689434EB14663713C1A422A75E29CE351E28BF1B33AD270EC","ELIGIBLE"
"phase-iii\intelligence\DISCOVERY_ENGINE_MODEL.md","DOCUMENTATION",".md","1101","507775EA16386CCF0221464A017A6476F500B19CE4B74158C9C49C42B77D99D5","ELIGIBLE"
"phase-iii\intelligence\KNOWLEDGE_INTEGRATION_MODEL.md","DOCUMENTATION",".md","1083","EDF7C02C9170EBBD4C723CBDD9448406B5DEECB61011B16B39474C6E2C4D0AD5","ELIGIBLE"
"phase-iv\applications\DOMAIN_APPLICATION_MODEL.md","DOCUMENTATION",".md","1044","9FBB60F0252AB568C0B5D2C383DEDD29B1E68FBD24A19603B9B40049A4F114CD","ELIGIBLE"
"phase-iv\applications\INDUSTRY_INTEGRATION_MODEL.md","DOCUMENTATION",".md","1119","0A784C13D57686296F5C5C812278B0CFEB9397092CB0F7BC3BBD1827AC80ECAB","ELIGIBLE"
"phase-iv\applications\REAL_WORLD_DEPLOYMENT_MODEL.md","DOCUMENTATION",".md","1101","6CAA02457A75B6CC4D39B2815DCE2A0CB08BE63EE020FC430098A822E9A5D62B","ELIGIBLE"
"phase-iv\assurance\CIVILIZATION_VALIDATION_MODEL.md","DOCUMENTATION",".md","1139","092214DA12800F46B11F5B929469D8291E4A4E553DF7165413815B390986523F","ELIGIBLE"
"phase-iv\assurance\LONG_TERM_CONTINUITY_MODEL.md","DOCUMENTATION",".md","1171","773953108A238F7F934E8F98975938D1CDF28270973B66ABEB03675027579984","ELIGIBLE"
"phase-iv\assurance\SYSTEMIC_IMPACT_ASSURANCE.md","DOCUMENTATION",".md","1156","CB344E9A3D9C435C2846A0F0BD29D20A6536D165167723DA474CE38EFFCEE3EB","ELIGIBLE"
"phase-iv\civilization\FUTURE_EVOLUTION_FRAMEWORK.md","DOCUMENTATION",".md","1179","4F8D1FDA4D0B9A4CF561A724A24AD2B2E02037699DFD5B106C6AFB427C1B1B89","ELIGIBLE"
"phase-iv\civilization\HUMAN_SYSTEM_INTEGRATION.md","DOCUMENTATION",".md","1079","F061AC104E1A976306D229E28FB8563325A33344979B68B2A7DB4E22642C61FD","ELIGIBLE"
"phase-iv\civilization\LONG_TERM_CIVILIZATION_MODEL.md","DOCUMENTATION",".md","1275","25642F71FC09F2ADAF412281AFA767BD474E95994747FA89ADF9C44CF0FFB4D2","ELIGIBLE"
"phase-iv\institutions\GOVERNANCE_NETWORK_MODEL.md","DOCUMENTATION",".md","1070","BB5119AD3722EA10D49B94FA319AF3B77C153960649F3F101B934FC01658675F","ELIGIBLE"
"phase-iv\institutions\INSTITUTIONAL_ADOPTION_MODEL.md","DOCUMENTATION",".md","1242","3091BDC6EED7BA7B9430823AB15A52A797651223F5ECE4804B4BA57865F8D57A","ELIGIBLE"
"phase-iv\institutions\POLICY_INTEGRATION_MODEL.md","DOCUMENTATION",".md","1065","0DDBB895F353FEC3D73AE28A1C8DE3A664CEB4EFE43BFA4BF86601549EE7E176","ELIGIBLE"
"phase-iv\research\DISCOVERY_NETWORK_MODEL.md","DOCUMENTATION",".md","944","8BD056D0C7BF7C49C535658C3BBE79FDCA3AD00E831E1871EE19B3471D8F7BC0","ELIGIBLE"
"phase-iv\research\KNOWLEDGE_EXPANSION_MODEL.md","DOCUMENTATION",".md","1136","688AF3F40E62C3FB299EB2A1A33592B87D60BBC295FB98A320E6CA9DE108D8A6","ELIGIBLE"
"phase-iv\research\RESEARCH_CONTINUITY_MODEL.md","DOCUMENTATION",".md","1121","BED5B2297640903E09B9EC3080C3996B8F0722CDFAE3A716434AB0C47D127861","ELIGIBLE"
"phase-v\assurance\ARCHITECTURAL_INTEGRITY_MODEL.md","DOCUMENTATION",".md","1158","CBA43287720E55C5EF5B9EA8F505EB0D53A45ACAE5B7C33C27CEA408EA0C4FBC","ELIGIBLE"
"phase-v\assurance\CONTINUOUS_EXISTENCE_FRAMEWORK.md","DOCUMENTATION",".md","1043","A3214476090FC3166B6B31CD4E673F04344274541F9A7F96EDAB745823089245","ELIGIBLE"
"phase-v\assurance\MORNING_STAR_COMPLETION_MODEL.md","DOCUMENTATION",".md","1368","EBC6272F41736692FDE876E1023FCCDD6CC39D74DD672641E2ACD37120B6A60D","ELIGIBLE"
"phase-v\autonomy\AUTONOMOUS_ASSURANCE_MODEL.md","DOCUMENTATION",".md","1003","C78A98AF5596DB4D0B258C2F60B90C9F933DC01484D184DF90BAC9D39B2844C9","ELIGIBLE"
"phase-v\autonomy\AUTONOMOUS_GOVERNANCE_MODEL.md","DOCUMENTATION",".md","1101","C47AE3D58D4C0634019ABCCC2DE9BEC707BB6CBFCCE209E60B2A9139F013831F","ELIGIBLE"
"phase-v\autonomy\SELF_MANAGEMENT_FRAMEWORK.md","DOCUMENTATION",".md","1112","EA80D219BE70F138A46CB14AA8B96F250CC75673BC07C234F7349484FFB15EDE","ELIGIBLE"
"phase-v\legacy\ARCHITECTURAL_LEGACY_MODEL.md","DOCUMENTATION",".md","1153","492C967EEF6DB0E4A2CD387DA7599AEE769C03877A09FA434779F5BF0CAC678F","ELIGIBLE"
"phase-v\legacy\FUTURE_EVOLUTION_FRAMEWORK.md","DOCUMENTATION",".md","1106","CF1E5C0EB9FA94D8CFAD87E8D5C3BA305D7EE7FE5BF00058F77E3729E4BF3DBF","ELIGIBLE"
"phase-v\legacy\KNOWLEDGE_TRANSMISSION_MODEL.md","DOCUMENTATION",".md","1100","B0A47B6720BEDD123FA157453A30D677877F5F9685A9FCE9E759059ABE79FAAE","ELIGIBLE"
"phase-v\planetary\GLOBAL_COORDINATION_MODEL.md","DOCUMENTATION",".md","1059","0FF26A8ACEF190042D381B46FB23A2BC8E9298AFFECEFF2459D7F3C5016BF89A","ELIGIBLE"
"phase-v\planetary\PLANETARY_RESILIENCE_MODEL.md","DOCUMENTATION",".md","1124","0B4CB322FCF1090457C333DB9CC54CB1711E78ABBBF9958C919B049F7B7BCDF5","ELIGIBLE"
"phase-v\planetary\PLANETARY_SYSTEM_INTEGRATION.md","DOCUMENTATION",".md","1211","C3FFF76DA8FBBB752A9A41B845E2A670A2EB30AC9FD7C1A12A4901C7895547BB","ELIGIBLE"
"phase-v\regeneration\ADAPTIVE_CONTINUITY_MODEL.md","DOCUMENTATION",".md","1068","31B939D7BFF4EACD5A76EB92D3AE17EEC9C38AAD74F874D1928D180116597AD8","ELIGIBLE"
"phase-v\regeneration\REGENERATIVE_SYSTEM_MODEL.md","DOCUMENTATION",".md","1182","A8B0319D99BE019D73C7E99E15031255726017EB28764BF99A6E7176741D39DC","ELIGIBLE"
"phase-v\regeneration\SELF_IMPROVEMENT_MODEL.md","DOCUMENTATION",".md","1040","E29A27D2DB2B2F3C02DED968CBAD8FFD0A2A6179E328725C546A614E2A70F4BD","ELIGIBLE"
"platform-integration\PLATFORM_READINESS_MODEL.md","DOCUMENTATION",".md","0","E3B0C44298FC1C149AFBF4C8996FB92427AE41E4649B934CA495991B7852B855","ELIGIBLE"
"platform-integration\architecture-integration\ARCHITECTURE_INTEGRATION_MODEL.md","DOCUMENTATION",".md","797","722DF9C460878025B5EEEEC580EF184CEBB5453DA806B22694EF3DB0D10A1748","ELIGIBLE"
"platform-integration\architecture-integration\FRAMEWORK_ALIGNMENT_MODEL.md","DOCUMENTATION",".md","741","6036482CFC7DFE5FABCC2AFB93029DDF25122005EAB51B0362BDA33570DD3C71","ELIGIBLE"
"platform-integration\architecture-integration\SYSTEM_COMPOSITION_MODEL.md","DOCUMENTATION",".md","730","437A9398C651667DE221885D3342F6C8616817A83F014D39E511E9F8CF593B06","ELIGIBLE"
"platform-integration\capability-orchestration\CAPABILITY_ORCHESTRATION_MODEL.md","DOCUMENTATION",".md","788","C7E4C6F67D9636F392B76EDFE4994AEA6D67FCCF3B83C9745B74320AC9C42CC5","ELIGIBLE"
"platform-integration\capability-orchestration\FUNCTIONAL_ALIGNMENT_MODEL.md","DOCUMENTATION",".md","719","ACD4794F20CFD415E59B5368C0096EC9E29127E3885FBF6C7E12C9F511DAAC02","ELIGIBLE"
"platform-integration\capability-orchestration\RESOURCE_COORDINATION_MODEL.md","DOCUMENTATION",".md","758","DC6FFCF216C3C8B81E83603A2B271C7D35BD3B0B4CFAD7DF3856AFD491383A22","ELIGIBLE"
"platform-integration\platform-validation\INTEGRATION_TESTING_FRAMEWORK.md","DOCUMENTATION",".md","779","69356BCC260C4505B5C1DB271E19CDE508860508717F76E3002F9D480334B128","ELIGIBLE"
"platform-integration\platform-validation\PLATFORM_READINESS_MODEL.md","DOCUMENTATION",".md","802","BD7FFD19FA363CF48F2FDCCA5DCA7D5A458AD8CD96A46611D79A955DE17704B3","ELIGIBLE"
"platform-integration\platform-validation\PLATFORM_VALIDATION_MODEL.md","DOCUMENTATION",".md","852","406CB40D7BDAFDE1ECC928E5C4476DD710ECE9911170F29520D7EC9B87BA7849","ELIGIBLE"
"platform-integration\system-interoperability\DATA_EXCHANGE_MODEL.md","DOCUMENTATION",".md","755","96F0A4300838FB9315AEB4B08DAD3C1A6817374156370C63BA58BD6327BB6CBD","ELIGIBLE"
"platform-integration\system-interoperability\INTERFACE_ALIGNMENT_FRAMEWORK.md","DOCUMENTATION",".md","752","8083D0F202F7FDB17CD1BDF1B649D2856824AFF059BB19B6E0719ED4E9BC05D2","ELIGIBLE"
"platform-integration\system-interoperability\SYSTEM_INTEROPERABILITY_MODEL.md","DOCUMENTATION",".md","837","6ED728C81DCC5C55296FBA751A2D38CD8B6404A5256868230557F939235411E3","ELIGIBLE"
"platform-integration\unified-runtime\RUNTIME_COORDINATION_FRAMEWORK.md","DOCUMENTATION",".md","760","0A82EF18EB9166BDD70215BCC282410358F88CF90AAA7C17FF1941469E399DBD","ELIGIBLE"
"platform-integration\unified-runtime\SYSTEM_STATE_INTEGRATION_MODEL.md","DOCUMENTATION",".md","733","0D76E91A20D3CB21711D2A58BE86EF3FA28074576F2B8E261D25C6F32E9AE797","ELIGIBLE"
"platform-integration\unified-runtime\UNIFIED_RUNTIME_MODEL.md","DOCUMENTATION",".md","785","E82DB1E3E34515843240D98080FA6C745D2AE35F9A1442DA07CDAD9B48755DC0","ELIGIBLE"
"platform-validation\benchmark-suite\BENCHMARK_FRAMEWORK.md","DOCUMENTATION",".md","751","32379D91703CC740EFBA9856AC144A4FCB647E83C28D7799A4C7D000D03CAB53","ELIGIBLE"
"platform-validation\benchmark-suite\CAPABILITY_MEASUREMENT_MODEL.md","DOCUMENTATION",".md","731","E6725C8BDE0B681947959234B621D7D904DB921C8702F62C2A78A09EFB3F844A","ELIGIBLE"
"platform-validation\benchmark-suite\PERFORMANCE_EVALUATION_MODEL.md","DOCUMENTATION",".md","718","5DF44E5EF3DE0CC00AF37834E0AC8EF7B8099796A4B587BFD77364C67AC0F647","ELIGIBLE"
"platform-validation\certification-model\CERTIFICATION_DECISION_MODEL.md","DOCUMENTATION",".md","730","24A2E6E1B491CF68E89920F5051404BF2BD450249C731625F5B1A5742F19CBD5","ELIGIBLE"
"platform-validation\certification-model\CERTIFICATION_MODEL.md","DOCUMENTATION",".md","871","4CB4D6BE4AAFA9F6B763B243105B594F5DE2E4668EC17561E2CD4F1EF16C69A0","ELIGIBLE"
"platform-validation\certification-model\CERTIFICATION_REQUIREMENTS.md","DOCUMENTATION",".md","732","73762BFBF289D689DC63B624AC9D09747F67ECA387776E91F5804CF089349534","ELIGIBLE"
"platform-validation\certification-records\CERTIFICATION_LINEAGE_MODEL.md","DOCUMENTATION",".md","743","C65CEE2A4D8F4B9B478B5D2ADFCFF4AE8C8FD3509D27D7436E7F39CC7C0763E3","ELIGIBLE"
"platform-validation\certification-records\CERTIFICATION_RECORD_MODEL.md","DOCUMENTATION",".md","792","95BB263D5C4EE91EAEDD97AD26656222B606232904950AC2EB56B75D97713A58","ELIGIBLE"
"platform-validation\certification-records\VALIDATION_HISTORY_ARCHIVE.md","DOCUMENTATION",".md","697","F345C6D06CEDE3F3E322A14BD7D166C3FAF2ED49C2765705E4068C2320237615","ELIGIBLE"
"platform-validation\reproducibility-framework\EVIDENCE_REPLICATION_FRAMEWORK.md","DOCUMENTATION",".md","717","A03D74E2B0B3C2EE080D7F853B80526F6FFD92E6DAE0B6BA67BC1F9DAF0B5877","ELIGIBLE"
"platform-validation\reproducibility-framework\REPRODUCIBILITY_MODEL.md","DOCUMENTATION",".md","824","EB0F0E04A166C9C64DAF9214B29769898E70FB0E1377B95DD369A6955A34E48C","ELIGIBLE"
"platform-validation\reproducibility-framework\RESULT_RECONSTRUCTION_MODEL.md","DOCUMENTATION",".md","734","936B5561B90406E8B60B49658E009DBF9B96B94CF601E5DB771A005F4F226EC6","ELIGIBLE"
"platform-validation\validation-framework\SYSTEM_VALIDATION_PROCESS.md","DOCUMENTATION",".md","760","B0069FFB7AA36EAC4C4CF285B2041D9B3167F6E519D068E742784E67A52D774F","ELIGIBLE"
"platform-validation\validation-framework\VALIDATION_CRITERIA_MODEL.md","DOCUMENTATION",".md","749","3DABC269D3B876D62C024FB9C5FE56A10E27310184D806FF69E5A400F3936051","ELIGIBLE"
"platform-validation\validation-framework\VALIDATION_FRAMEWORK_MODEL.md","DOCUMENTATION",".md","784","2CE744E4727CBD7D916635E115F7373B192CCA66A4FA71AD60CF0A3FDBFA1378","ELIGIBLE"
"post-evolution-architecture\autonomous-governance-expansion\AUTONOMOUS_GOVERNANCE_EXPANSION.md","DOCUMENTATION",".md","1069","50814679D3269B4CB32619A1DF01984A89D3646959AA69BD27827A67A6C5F2FE","ELIGIBLE"
"post-evolution-architecture\autonomous-governance-expansion\GOVERNANCE_EVOLUTION_RECORD.md","DOCUMENTATION",".md","893","BB926509E2A4715CD54D81D118FE91504C44609913D3F39F84D48272138FF86B","ELIGIBLE"
"post-evolution-architecture\autonomous-governance-expansion\GOVERNANCE_STATE_REGISTER.md","DOCUMENTATION",".md","900","54A3CB6DA635BD234D76A3F81258976991799FCA23C4B23C7D35FA800A1F841F","ELIGIBLE"
"post-evolution-architecture\final-consolidation\COMPLETE_POST_EVOLUTION_STATE.md","DOCUMENTATION",".md","811","BBD5CE7E16BCA54C05E06F7B117044730F2E8B05995230671F7D7DC012205D27","ELIGIBLE"
"post-evolution-architecture\final-consolidation\POST_EVOLUTION_COMPLETION_RECORD.md","DOCUMENTATION",".md","970","94294F1F7B3421638524B45C576FE7F93D22136A72927852491F5B29FC73B392","ELIGIBLE"
"post-evolution-architecture\final-consolidation\POST_EVOLUTION_VALIDATION_REPORT.md","DOCUMENTATION",".md","909","12EC5272713C202327717EDE360A05A26B3AE6FB036457D21224C8F1EC12B1D4","ELIGIBLE"
"post-evolution-architecture\global-ecosystem-synchronization\GLOBAL_ECOSYSTEM_SYNCHRONIZATION.md","DOCUMENTATION",".md","1102","163BD2C1B77F55AA0243455E9BB409A9BE00B863FF35678E0BC3E7AABD098C51","ELIGIBLE"
"post-evolution-architecture\global-ecosystem-synchronization\SYNCHRONIZATION_EVOLUTION_RECORD.md","DOCUMENTATION",".md","920","A990E8817959A2D4248BBA46B1FA8E0963B778FC5D02048DA3E4D513BCDB02F2","ELIGIBLE"
"post-evolution-architecture\global-ecosystem-synchronization\SYNCHRONIZATION_STATE_REGISTER.md","DOCUMENTATION",".md","913","13ACD0D326F49379CB9DFB456FA5AEBA10D81736F8D66663CEF9B6224D904C44","ELIGIBLE"
"post-evolution-architecture\perpetual-evolutionary-continuum\CONTINUUM_EVOLUTION_RECORD.md","DOCUMENTATION",".md","945","7730B9EDBE9A16AFF61E351BD471E79F2A7B24377B1F71302FC359FAFA04BE9C","ELIGIBLE"
"post-evolution-architecture\perpetual-evolutionary-continuum\CONTINUUM_STATE_REGISTER.md","DOCUMENTATION",".md","899","3E0CC7269573562C16E6D3CF65A0523C0C3C3F818622F05A812E9037223B14BD","ELIGIBLE"
"post-evolution-architecture\perpetual-evolutionary-continuum\PERPETUAL_EVOLUTIONARY_CONTINUUM.md","DOCUMENTATION",".md","1162","6DC34EBEB6F9F6C5D7C68263B20A34A779C05E623FB2750123BCFC12EC3D3A2D","ELIGIBLE"
"post-evolution-architecture\universal-architecture-integration\INTEGRATION_EVOLUTION_RECORD.md","DOCUMENTATION",".md","910","345D3BAFCF353FB670ECF262CEAF5BF4DE673181547BD970398B3D5A465046BB","ELIGIBLE"
"post-evolution-architecture\universal-architecture-integration\INTEGRATION_STATE_REGISTER.md","DOCUMENTATION",".md","934","94E7688528F02CF2E1A37DCA7F976C4D2CC26CF34E873CC76B9059FFA27BA610","ELIGIBLE"
"post-evolution-architecture\universal-architecture-integration\UNIVERSAL_ARCHITECTURE_INTEGRATION.md","DOCUMENTATION",".md","1115","1FF4A8D9C7CD90B566D1EF3DE4F0A1A1C0FDB952181831C12E9774239B69257C","ELIGIBLE"
"post-release\documentation-index\DOCUMENTATION_CATALOG.md","DOCUMENTATION",".md","774","1A8BD7E0A66DE460BA1FF9CCF7BFBAA500F53C5B6F4EA0DE78D39EDAC3BB1C3D","ELIGIBLE"
"post-release\documentation-index\PUBLIC_REVIEW_GUIDE.md","DOCUMENTATION",".md","769","9B66A1F370335CF8502155FF49147A159980A8A96F972853360E8E168898E73A","ELIGIBLE"
"post-release\documentation-index\SYSTEM_REFERENCE_INDEX.md","DOCUMENTATION",".md","734","843610ADE355FD0EC964CD34840DDB8123A47E97804E9298A0940079EC4EB544","ELIGIBLE"
"post-release\evolution-planning\ARCHITECTURE_EVOLUTION_QUEUE.md","DOCUMENTATION",".md","734","4B6DA268D5845B23BE7131FB7D2AA20C9E92FFAE02E93D85F71127FC54CA4F18","ELIGIBLE"
"post-release\evolution-planning\FUTURE_CAPABILITY_REGISTER.md","DOCUMENTATION",".md","805","F03A19F5EFE8CA93102469F056842017633A6AABFC7444CD3B663A6B4FF89A63","ELIGIBLE"
"post-release\evolution-planning\VERSION_1_1_PLANNING_RECORD.md","DOCUMENTATION",".md","805","507760BBD66CEB8B7E20C2CB9732F07C178526F52186A617B0D4A4623E235B85","ELIGIBLE"
"post-release\final-consolidation\NEXT_PHASE_READINESS_RECORD.md","DOCUMENTATION",".md","710","59E689843E11C84497F81E47DB368806115E2798DA2E9F55B37796A3F738E95A","ELIGIBLE"
"post-release\final-consolidation\OPERATIONAL_STATE_SUMMARY.md","DOCUMENTATION",".md","695","A729A1B1C27C4F88D783CF3436ADD7DCF47FFCE0C1107A0E2399A210917598EF","ELIGIBLE"
"post-release\final-consolidation\POST_RELEASE_COMPLETION_RECORD.md","DOCUMENTATION",".md","803","3BDD845C9081AB6223DED7AEF0C8029C4D7E28DB801F00A54D51F15E5273E7E1","ELIGIBLE"
"post-release\release-verification\ARTIFACT_INTEGRITY_RECORD.md","DOCUMENTATION",".md","707","A5DF09DA9AB1BE467630AC2FA7C561110171FB59A1DA6683EDABB5D9402D4DB9","ELIGIBLE"
"post-release\release-verification\RELEASE_VERIFICATION_REPORT.md","DOCUMENTATION",".md","757","0FFC5DAB3FEFD398BFDDEE7D77D4E2523326BF5706A0CF57200A9151538F135A","ELIGIBLE"
"post-release\release-verification\TAG_VERIFICATION_RECORD.md","DOCUMENTATION",".md","634","AADF57EF2BF0E2F9D5EC0558A76CB19B8A7F93EE763BC055C456D235C8B72022","ELIGIBLE"
"post-release\repository-audit\CHANGE_HISTORY_RECORD.md","DOCUMENTATION",".md","683","CF3BDD8E063AA9060A01590C155706CED482096A83434568A78B23AFE8A20D49","ELIGIBLE"
"post-release\repository-audit\FINAL_STRUCTURE_SNAPSHOT.md","DOCUMENTATION",".md","604","E53F1EE9E8C8C982B042CA901382FB3F4C92E7EB647B8CF731164EC4E9D95542","ELIGIBLE"
"post-release\repository-audit\REPOSITORY_AUDIT_RECORD.md","DOCUMENTATION",".md","737","1B520F757BFBFC630C2E88089224844FEFBAD7212BEFDEE790863F8969EFF548","ELIGIBLE"
"post-release-governance\controlled-evolution-management\CONTROLLED_EVOLUTION_MANAGEMENT.md","DOCUMENTATION",".md","1006","B2633465439C23A62C7D38B1BE4A079A321EAEEA828CC35FF66B637CEC661331","ELIGIBLE"
"post-release-governance\controlled-evolution-management\EVOLUTION_CONTROL_EVOLUTION_RECORD.md","DOCUMENTATION",".md","845","331DF00BDDF0C2242918C4B4CC4FBE48FB3322678DE8A5C3A04481C5172C3021","ELIGIBLE"
"post-release-governance\controlled-evolution-management\EVOLUTION_CONTROL_STATE_REGISTER.md","DOCUMENTATION",".md","885","0F2870D08EAD39EF23DD411C023626E7393690B70E10955D082FD9A14D48C32E","ELIGIBLE"
"post-release-governance\external-validation-adoption-tracking\EXTERNAL_VALIDATION_ADOPTION_TRACKING.md","DOCUMENTATION",".md","1033","DA1C2DA7EBA4CB9B570DA2077F92FE4703FF1CDE21E6F49AB621F51AD4FD0108","ELIGIBLE"
"post-release-governance\external-validation-adoption-tracking\VALIDATION_ADOPTION_EVOLUTION_RECORD.md","DOCUMENTATION",".md","884","87154F92AB386C0EC2351B4CCCD94748FA83905BA49C2E51BE39AFA8E4410180","ELIGIBLE"
"post-release-governance\external-validation-adoption-tracking\VALIDATION_ADOPTION_STATE_REGISTER.md","DOCUMENTATION",".md","899","7D846AF5E3C7CAFF7213B4C2002954D90BB3F7E3D1288E80545EBD5E9821DF4A","ELIGIBLE"
"post-release-governance\final-consolidation\COMPLETE_POST_RELEASE_GOVERNANCE_STATE.md","DOCUMENTATION",".md","865","1BCA9AFB37D65421B876A8AE78CAD55BA0C7DFAB021CBC5D09731A263051519D","ELIGIBLE"
"post-release-governance\final-consolidation\POST_RELEASE_GOVERNANCE_COMPLETION_RECORD.md","DOCUMENTATION",".md","913","80F29CBF2F2FB7BEF148B52084A6C5989FAAFA7D22F8351DF3ABFA35F43382DC","ELIGIBLE"
"post-release-governance\final-consolidation\POST_RELEASE_GOVERNANCE_VALIDATION_REPORT.md","DOCUMENTATION",".md","927","C1B4495493603AD3E3B7E61E7770D697334E26A36A2EBCB76AAEE149FEE53C2B","ELIGIBLE"
"post-release-governance\future-architecture-releases\FUTURE_ARCHITECTURE_RELEASES.md","DOCUMENTATION",".md","968","1CED8A4B59472EAC3ACF1ABB39D0848099D5E72C5B268D0E7ECE277570C4480F","ELIGIBLE"
"post-release-governance\future-architecture-releases\RELEASE_EVOLUTION_RECORD.md","DOCUMENTATION",".md","803","ED10A07C58CF30B10DB462A7FCBEBC0F1035D54C1CE9DF468830A38C284D6406","ELIGIBLE"
"post-release-governance\future-architecture-releases\RELEASE_STATE_REGISTER.md","DOCUMENTATION",".md","837","49930F2DDAC79C4DAF49BA47FB6755FBEA8FAFA0D40265D25398E962D5F87DB5","ELIGIBLE"
"post-release-governance\reference-maintenance\REFERENCE_EVOLUTION_RECORD.md","DOCUMENTATION",".md","839","37B8A42163C5BF4DB2BD994BFE21DACC77934C53BBE34FDEC9414A6884EF2403","ELIGIBLE"
"post-release-governance\reference-maintenance\REFERENCE_MAINTENANCE.md","DOCUMENTATION",".md","929","4021FD83653E93FB283023CE2364470C1EAB747D5307955D78E508F2457513B7","ELIGIBLE"
"post-release-governance\reference-maintenance\REFERENCE_STATE_REGISTER.md","DOCUMENTATION",".md","854","C4483816B296B848057CDBA6F411F39846CA05C83A8ABE4DDEA59860D9534F6B","ELIGIBLE"
"publication\ARCHITECTURE_RELEASE_SUMMARY.md","DOCUMENTATION",".md","0","E3B0C44298FC1C149AFBF4C8996FB92427AE41E4649B934CA495991B7852B855","ELIGIBLE"
"publication\CITATION_RECORD.md","DOCUMENTATION",".md","0","E3B0C44298FC1C149AFBF4C8996FB92427AE41E4649B934CA495991B7852B855","ELIGIBLE"
"publication\DOMAIN_APPLICABILITY_MAP.md","DOCUMENTATION",".md","0","E3B0C44298FC1C149AFBF4C8996FB92427AE41E4649B934CA495991B7852B855","ELIGIBLE"
"publication\ORYNTH_DOMAIN_ECOSYSTEM_OVERVIEW.md","DOCUMENTATION",".md","0","E3B0C44298FC1C149AFBF4C8996FB92427AE41E4649B934CA495991B7852B855","ELIGIBLE"
"publication\PUBLICATION_METADATA.md","DOCUMENTATION",".md","0","E3B0C44298FC1C149AFBF4C8996FB92427AE41E4649B934CA495991B7852B855","ELIGIBLE"
"publication\RELEASE_METADATA.md","DOCUMENTATION",".md","0","E3B0C44298FC1C149AFBF4C8996FB92427AE41E4649B934CA495991B7852B855","ELIGIBLE"
"publication\TECHNICAL_SUMMARY.md","DOCUMENTATION",".md","0","E3B0C44298FC1C149AFBF4C8996FB92427AE41E4649B934CA495991B7852B855","ELIGIBLE"
"publication\WHITEPAPER.md","DOCUMENTATION",".md","0","E3B0C44298FC1C149AFBF4C8996FB92427AE41E4649B934CA495991B7852B855","ELIGIBLE"
"recursive-architecture-synthesis\architecture-knowledge-graph\ARCHITECTURE_KNOWLEDGE_GRAPH.md","DOCUMENTATION",".md","850","69B9CDAE3DD94C34FE668EB00305F4CE53A2A84E55A4946E2842F553A87986EB","ELIGIBLE"
"recursive-architecture-synthesis\architecture-knowledge-graph\GRAPH_EVOLUTION_RECORD.md","DOCUMENTATION",".md","784","8E6E661DACDF159D153BD2ACDDCB203523755E793020810057B84C80C7BD52FF","ELIGIBLE"
"recursive-architecture-synthesis\architecture-knowledge-graph\KNOWLEDGE_GRAPH_REGISTER.md","DOCUMENTATION",".md","734","4E137BB722DFE6BD6FE86E0416182CE38C60DAC045F757510885D6A50F50A307","ELIGIBLE"
"recursive-architecture-synthesis\cross-system-pattern-analysis\CROSS_SYSTEM_PATTERN_ANALYSIS.md","DOCUMENTATION",".md","905","25A0F8B5FDBB16EB7194D3E8FC87A2AFC94AA1E1330E662EC3F5EFFE1D4D8BE4","ELIGIBLE"
"recursive-architecture-synthesis\cross-system-pattern-analysis\PATTERN_DISCOVERY_REGISTER.md","DOCUMENTATION",".md","735","C8C3B11FED02A5F03FE59AD8DA33795618710E80432A00377B4FD8F6C89AFE9F","ELIGIBLE"
"recursive-architecture-synthesis\cross-system-pattern-analysis\PATTERN_EVOLUTION_RECORD.md","DOCUMENTATION",".md","789","48BA21D812FA2A21FB5739A653C5D434C097DB4DE368CA916A3B8BE9E79F5E0A","ELIGIBLE"
"recursive-architecture-synthesis\final-consolidation\RECURSIVE_SYNTHESIS_COMPLETION_RECORD.md","DOCUMENTATION",".md","896","E5DB8FFD54BD3A6EDB390CE8EC6B81F383BA9E3A415654D58F232E4D836FD586","ELIGIBLE"
"recursive-architecture-synthesis\final-consolidation\RECURSIVE_SYNTHESIS_VALIDATION_REPORT.md","DOCUMENTATION",".md","873","CD6A8AE3B0C91359F2797169B3F0E246347D6CDE025F2B264C0F147C0A0170E1","ELIGIBLE"
"recursive-architecture-synthesis\final-consolidation\UNIFIED_ARCHITECTURE_REFERENCE_STATE.md","DOCUMENTATION",".md","850","802CF40EAEA324065EA586E12D3F1935D502B59FB90075C18D44FA50B557D247","ELIGIBLE"
"recursive-architecture-synthesis\recursive-system-harmonization\HARMONIZATION_EVOLUTION_RECORD.md","DOCUMENTATION",".md","810","5147C837C8D38265B17C2E6EA438DC0C359AC6E19FBADA34F5EF45719421FEA3","ELIGIBLE"
"recursive-architecture-synthesis\recursive-system-harmonization\RECURSIVE_SYSTEM_HARMONIZATION.md","DOCUMENTATION",".md","965","B4FA9153EB4F940A74A5B1993FB6C40787E936084D755A436882D5E183273F42","ELIGIBLE"
"recursive-architecture-synthesis\recursive-system-harmonization\SYSTEM_HARMONY_REGISTER.md","DOCUMENTATION",".md","762","47546906AC749064A5112E3CF1E71D2DD346EFF3574202BB58929CF062E29977","ELIGIBLE"
"recursive-architecture-synthesis\unified-meta-architecture-model\META_ARCHITECTURE_EVOLUTION_RECORD.md","DOCUMENTATION",".md","826","E12C6FBC90479A85CAE163084A90BB91EFD22B98F652E9C4E2BEBB43D9DB7331","ELIGIBLE"
"recursive-architecture-synthesis\unified-meta-architecture-model\META_ARCHITECTURE_STATE_REGISTER.md","DOCUMENTATION",".md","843","34CE99D36F075AD9C94CB441A5F7330C3FC167D943EA926D249BCFE9E8466BEE","ELIGIBLE"
"recursive-architecture-synthesis\unified-meta-architecture-model\UNIFIED_META_ARCHITECTURE_MODEL.md","DOCUMENTATION",".md","1015","6F70F63E974C6AAB53BE6C4ABBCB1C649B6BCF8A1177455404A35F46A5C39D80","ELIGIBLE"
"research-network\collaboration-infrastructure\COLLABORATION_CONTINUITY_MODEL.md","DOCUMENTATION",".md","674","4D8E61E01D019FF23BFC5B83B33FB3061E13F647EBE1AF89AF2E264398D306D0","ELIGIBLE"
"research-network\collaboration-infrastructure\COLLABORATION_PLATFORM_MODEL.md","DOCUMENTATION",".md","760","9BE95DBD37B18D5DCD71DFB21CE14369D88B0F41ADC5AE732FF3AA735235AF1A","ELIGIBLE"
"research-network\collaboration-infrastructure\NETWORK_OPERATIONS_MODEL.md","DOCUMENTATION",".md","636","56E3C3CAC42673ABC14B3F7FB786BFC1D12653D22ED1CEE234E1161485322209","ELIGIBLE"
"research-network\institutional-network\INSTITUTIONAL_COLLABORATION_RECORD.md","DOCUMENTATION",".md","687","4503EAC83C7CEF081C75D501FD218533C387DB460827374074C7875965CEDC2C","ELIGIBLE"
"research-network\institutional-network\INSTITUTIONAL_NETWORK_MODEL.md","DOCUMENTATION",".md","892","94C0456AA781589EC5FC25C2BEF829DFFF26A9F98FCFB30A8B87FA3BB055155A","ELIGIBLE"
"research-network\institutional-network\RESEARCH_PARTNERSHIP_FRAMEWORK.md","DOCUMENTATION",".md","821","81C951F0D753D9A7D1D3CF3B1FE848D1D856F9C104396F67AA3F318ECD5697E7","ELIGIBLE"
"research-network\knowledge-exchange\KNOWLEDGE_EXCHANGE_MODEL.md","DOCUMENTATION",".md","706","F34A06E2B0F624B0C2A94487727F88F8F260FB7D8C4CC262702936933509CF27","ELIGIBLE"
"research-network\knowledge-exchange\KNOWLEDGE_TRANSFER_MODEL.md","DOCUMENTATION",".md","817","6EE16DAC81DAD8CA6951214993AE0D0AA0147672D3FF6C179DA54264A9FE32E2","ELIGIBLE"
"research-network\knowledge-exchange\RESEARCH_COMMUNICATION_FRAMEWORK.md","DOCUMENTATION",".md","828","5EA7888184A0F1EB44FAE9B8A550AF39CCA1FB63B65621A7199B5586C3CE55B7","ELIGIBLE"
"research-network\research-programs\PROGRAM_OUTCOME_MODEL.md","DOCUMENTATION",".md","716","1A02B52CCDC526F5D53EA3FDCB43B0DD3F3724532647560EF93A69E26166C320","ELIGIBLE"
"research-network\research-programs\RESEARCH_INITIATIVE_FRAMEWORK.md","DOCUMENTATION",".md","718","3E724559C6E9B12E36A2D5BBD105D153C2EE68EC5DAED3FCDF425526C596EF14","ELIGIBLE"
"research-network\research-programs\RESEARCH_PROGRAM_MODEL.md","DOCUMENTATION",".md","707","13F5FE9ECED54C37DB37382D23DD94EC75BEF5F9EA1F37C8454FF4CE7576C2B5","ELIGIBLE"
"research-network\researcher-network\RESEARCHER_NETWORK_MODEL.md","DOCUMENTATION",".md","804","2EBCB983884899CC69F2D47C540C1C0E41DBDEA25EB8427C487373AA34218888","ELIGIBLE"
"research-network\researcher-network\RESEARCHER_PARTICIPATION_FRAMEWORK.md","DOCUMENTATION",".md","742","8DB0A84D5F6F0855D1B2CDEAD094CA4241CD78ACD1BCA4503A7BE5FA2DBC3D45","ELIGIBLE"
"research-network\researcher-network\RESEARCH_CONTRIBUTION_MODEL.md","DOCUMENTATION",".md","692","3DABAC2CC1D7128C5E4B9EA602EF3C7F224919FC4C9D26A9953F2A93A9C5EAB8","ELIGIBLE"
"research-operating-system\experiment-management\EXPERIMENT_MANAGEMENT_MODEL.md","DOCUMENTATION",".md","756","1F6ED49B39642BC4351B14E239013ED465151866DF4EA58FB375696EE88D4ECD","ELIGIBLE"
"research-operating-system\experiment-management\EXPERIMENT_TRACKING_FRAMEWORK.md","DOCUMENTATION",".md","720","3674EC68AB8510E452709DDF22F74610F60AAD4E8499DDAF1D6635925B0B3DBE","ELIGIBLE"
"research-operating-system\experiment-management\RESULT_ANALYSIS_MODEL.md","DOCUMENTATION",".md","713","71562BCDC63AD19024C295B821B5CDDED96EC0F3ECE390D2C94F9D88DA89C1A8","ELIGIBLE"
"research-operating-system\knowledge-operations\KNOWLEDGE_MANAGEMENT_FRAMEWORK.md","DOCUMENTATION",".md","711","AB72D92467C83CEDED2688A64F05BB150AEA8E3008E4C7D29B1E2E2AD5205E57","ELIGIBLE"
"research-operating-system\knowledge-operations\KNOWLEDGE_OPERATIONS_MODEL.md","DOCUMENTATION",".md","761","681106E55C544D637BA839979FEE3ACEE31210DFADCE57AA36EF56B4630655B6","ELIGIBLE"
"research-operating-system\knowledge-operations\RESEARCH_KNOWLEDGE_PIPELINE.md","DOCUMENTATION",".md","735","6EA92B2FAA90BC00DE8631A98FC5EA11D2BE938B39E9A3C5D6B95EA210757628","ELIGIBLE"
"research-operating-system\research-continuity\RESEARCH_ARCHIVE_FRAMEWORK.md","DOCUMENTATION",".md","692","0DF9DD70AC492F49ECF46C3473E25A749296932A9C960656F2A6109CA129915A","ELIGIBLE"
"research-operating-system\research-continuity\RESEARCH_CONTINUITY_MODEL.md","DOCUMENTATION",".md","795","9D0C7B7A15377F58FF4CB0DC7BFB46C9C19FEA18C246B17E29633F8E107E6331","ELIGIBLE"
"research-operating-system\research-continuity\RESEARCH_SUCCESSION_MODEL.md","DOCUMENTATION",".md","782","5CA66A8143FD03FD46DE3587954E8F4FC2167AC3E9FBF60A4821F50C6A4EE78B","ELIGIBLE"
"research-operating-system\research-governance\RESEARCH_GOVERNANCE_MODEL.md","DOCUMENTATION",".md","819","B93960853591834D6BCA73DF3D16D6100DA8EACE251F0C257A2F64622CDEAE02","ELIGIBLE"
"research-operating-system\research-governance\RESEARCH_INTEGRITY_FRAMEWORK.md","DOCUMENTATION",".md","771","CAAA7756B2ADE7F1408F9EC096B53610A9091961810A0D11F2611A544019F104","ELIGIBLE"
"research-operating-system\research-governance\RESEARCH_REVIEW_MODEL.md","DOCUMENTATION",".md","658","08611D6F7F15668F3D855298651954FD76B25BC81CD8596B0730F3A8BA0021A9","ELIGIBLE"
"research-operating-system\research-workflows\RESEARCH_EXECUTION_MODEL.md","DOCUMENTATION",".md","750","5AE9F2D6188A057A1E42F56038D704A31793402FE2A777D2C6F7A7939498E82D","ELIGIBLE"
"research-operating-system\research-workflows\RESEARCH_PROCESS_FRAMEWORK.md","DOCUMENTATION",".md","739","3B5EBE803C198D2B6D0BF0057DEA0E096787C1159C338738EEFE5DEDBD951912","ELIGIBLE"
"research-operating-system\research-workflows\RESEARCH_WORKFLOW_MODEL.md","DOCUMENTATION",".md","745","27D7D10C2877699BFBA9C2F856A225D6B5195EAB9D7FF747E8DAA447E68B746E","ELIGIBLE"
"research-publication\deposit\DEPOSIT_STRUCTURE.md","DOCUMENTATION",".md","690","2ADED996D1913A83781DB1608B36FA14EFD461214E0AC617C7EC915EAC08668B","ELIGIBLE"
"research-publication\deposit\DOI_METADATA.md","DOCUMENTATION",".md","426","7DD074EF4E971FD02EE5A2CF337559F2CD67BF68C34C96E27D8E25E7329E9628","ELIGIBLE"
"research-publication\deposit\PUBLICATION_ARCHIVE_MODEL.md","DOCUMENTATION",".md","476","809238C33D643CD68D3FB4543902C60213711F1C44729FFE5E10A395AC06848C","ELIGIBLE"
"research-publication\deposit\RELEASE_PACKAGE_CHECKLIST.md","DOCUMENTATION",".md","548","A39ECFE7862412341E9DC121927CA564CB8D30D2B12557B7F36CF93506437248","ELIGIBLE"
"research-publication\executive-summaries\EXECUTIVE_OVERVIEW.md","DOCUMENTATION",".md","342","D6C25A9DDB3264C05953CFC5B5C689BD7613F3A53E78B7F49C64C95A0BF8CF72","ELIGIBLE"
"research-publication\executive-summaries\INSTITUTIONAL_BRIEF.md","DOCUMENTATION",".md","267","5D4B39CEC80260E0556AD47BFB4A42F57438AFE4384751D26745723677744BD8","ELIGIBLE"
"research-publication\executive-summaries\RESEARCH_BRIEF.md","DOCUMENTATION",".md","257","67853025FA78151A33BBDF07C48DD0D06DADEA748862A78EE909D01E4084CAA1","ELIGIBLE"
"research-publication\metadata\AUTHORSHIP_RECORD.md","DOCUMENTATION",".md","364","C078604DC32F49270D853AE7452E0B30D4756D006901B5CDCB7140713856C681","ELIGIBLE"
"research-publication\metadata\CITATION_METADATA.md","DOCUMENTATION",".md","458","A72DD783370603489816527AB809E5010E22827A56A2B29A40F7003A625220B6","ELIGIBLE"
"research-publication\metadata\DOI_PREPARATION.md","DOCUMENTATION",".md","376","28949728886ACF866B6A84BF11C49C4E77EA67269005D023E33F4C0CCCEF7849","ELIGIBLE"
"research-publication\metadata\RESEARCH_LINEAGE.md","DOCUMENTATION",".md","462","EFC281A71CF9F5BD20713817FB564EC892994AA08ADC9F00D9366245484144A7","ELIGIBLE"
"research-publication\metadata\VERSION_HISTORY.md","DOCUMENTATION",".md","402","B63F03E1240CD0A351FF97304472817E22E9AD677408E35C1751A68B140D66C6","ELIGIBLE"
"research-publication\outreach\COLLABORATION_MODEL.md","DOCUMENTATION",".md","506","2300D93FEE79C738F2A2DEEA15E7BF8DA4627BC121CF44E16D593D35DF430CFA","ELIGIBLE"
"research-publication\outreach\ENGAGEMENT_FRAMEWORK.md","DOCUMENTATION",".md","467","4F15CC3008356115755AB5BA022FBF6DADB8EB97EF17A3021329807CD698264A","ELIGIBLE"
"research-publication\outreach\INSTITUTIONAL_BRIEF.md","DOCUMENTATION",".md","714","9178F8397FB38F344190D4920C9AC9B5155E08E36030180CD81A38946B360936","ELIGIBLE"
"research-publication\outreach\PARTNERSHIP_OVERVIEW.md","DOCUMENTATION",".md","607","438B9F868151B6381497A1D0B4FB792A9958466F6333EA7C0DBFAEB44DA2A697","ELIGIBLE"
"research-publication\papers\ORYNTH_ARCHITECTURE_WHITE_PAPER.md","DOCUMENTATION",".md","1855","F4EC7DD6B0BB7FEAFDAD67A3572B595E7C05E0D48E475DE141A862383EFC1D6E","ELIGIBLE"
"research-publication\review\ARCHITECTURE_REVIEW_GUIDE.md","DOCUMENTATION",".md","691","0EEC704F2C5676FDE0CC98D6AED17DB35B42EA95D0D7F366AFFD5D34D51CD674","ELIGIBLE"
"research-publication\review\REVIEW_PACKAGE.md","DOCUMENTATION",".md","687","8BC450755527C0FBE5787BEF9FD2FE808FC84DE2D8FD824E54AA91A5FF828B5E","ELIGIBLE"
"research-publication\review\REVIEW_RESPONSE_PROCESS.md","DOCUMENTATION",".md","468","B6F71AA190590108C7ED2AF9A815D8BEC1A0D65F48B63F0AC833665259F82C20","ELIGIBLE"
"research-publication\review\VALIDATION_SUMMARY.md","DOCUMENTATION",".md","647","ABE207A34D1B0C30E2BD491B23088C73AC417ED15C61804E993AEF99BF6DC5D4","ELIGIBLE"
"research-publication\technical-reports\ARCHITECTURE_SPECIFICATION_REPORT.md","DOCUMENTATION",".md","497","CDF383F05908131DD21B2C9192E6CBCB4A8CD3D321A84F26CB03AC8AE83981E8","ELIGIBLE"
"research-publication\technical-reports\OPERATIONAL_STEWARDSHIP_REPORT.md","DOCUMENTATION",".md","482","7019900557F9D5D5715365B4D4512843CF80AD6748A053009A0A850EE9DC0AA3","ELIGIBLE"
"research-publication\technical-reports\VALIDATION_METHODOLOGY_REPORT.md","DOCUMENTATION",".md","611","DEDC753AA79B5F2C19F5DD5FE4E720E0508E96ADF3450758827BEF14C065C2A1","ELIGIBLE"
"self-evolving-architecture\adaptive-evolution-governance\ADAPTIVE_EVOLUTION_GOVERNANCE.md","DOCUMENTATION",".md","1185","FC4B12FD113A12519C23E728168CCE0C63F08F63E1FD17FF4F9A7EA6E4FFC8C6","ELIGIBLE"
"self-evolving-architecture\adaptive-evolution-governance\EVOLUTION_GOVERNANCE_RECORD.md","DOCUMENTATION",".md","957","5CC0B88A833D72A9A9C54D0C2341A4F1488B40FE86DFD3F54AC6D19EB768F980","ELIGIBLE"
"self-evolving-architecture\adaptive-evolution-governance\EVOLUTION_STATE_REGISTER.md","DOCUMENTATION",".md","1015","8A4A2492AFF077D83AD0EFA9F15E0253B60FDC22E89CF9CBDD56FAEBAC35061E","ELIGIBLE"
"self-evolving-architecture\emergent-capability-integration\CAPABILITY_EVOLUTION_RECORD.md","DOCUMENTATION",".md","967","E7FD5CC36B3935D33CF48A817F6A1F0ABE4120249DF687A64F3B55DB41E2C03B","ELIGIBLE"
"self-evolving-architecture\emergent-capability-integration\CAPABILITY_STATE_REGISTER.md","DOCUMENTATION",".md","991","69EDB9FB28182C3FBC1528369B48C278BB9CEF235FB52BDA6ADFF9A875216139","ELIGIBLE"
"self-evolving-architecture\emergent-capability-integration\EMERGENT_CAPABILITY_INTEGRATION.md","DOCUMENTATION",".md","1296","6E200B253E5659BB9FFEE3A8F52EA10877DD586593B78D308773BD73E2BA7076","ELIGIBLE"
"self-evolving-architecture\final-consolidation\COMPLETE_SELF_EVOLVING_ARCHITECTURE_STATE.md","DOCUMENTATION",".md","948","82D632FC8849C3BFA295C5E63243542D3A80FFD8379C11D47400CEEA1FAEDC85","ELIGIBLE"
"self-evolving-architecture\final-consolidation\SELF_EVOLVING_ARCHITECTURE_COMPLETION_RECORD.md","DOCUMENTATION",".md","1053","D7804BAE07ABC6329A1135881CAA24551A9A462F4A439969C383172016D8ACE6","ELIGIBLE"
"self-evolving-architecture\final-consolidation\SELF_EVOLVING_ARCHITECTURE_VALIDATION_REPORT.md","DOCUMENTATION",".md","979","7997A69B6536D779093FD30826E82B72E674681B82E815D58053D1E8449ACCA4","ELIGIBLE"
"self-evolving-architecture\recursive-architecture-learning\LEARNING_EVOLUTION_RECORD.md","DOCUMENTATION",".md","909","F7E223FEDFE9EF55E1DF864104311530554E52B65F02654937A4B66F66A734E4","ELIGIBLE"
"self-evolving-architecture\recursive-architecture-learning\LEARNING_STATE_REGISTER.md","DOCUMENTATION",".md","967","2F55AA296379CD06D7B101D06E799423E3C68E21CAD0160E75C687E425654E25","ELIGIBLE"
"self-evolving-architecture\recursive-architecture-learning\RECURSIVE_ARCHITECTURE_LEARNING.md","DOCUMENTATION",".md","1250","4F56F0EF947F62A258C4E8D4D70CADBE21D2510F694B574EF027EB5218297DD4","ELIGIBLE"
"self-evolving-architecture\self-evolving-ecosystem-continuum\CONTINUUM_EVOLUTION_RECORD.md","DOCUMENTATION",".md","1001","6991A65E569CB9E258CB72A40FD5F43DC8A897EF24D75F68C8875BEE03594BB8","ELIGIBLE"
"self-evolving-architecture\self-evolving-ecosystem-continuum\CONTINUUM_STATE_REGISTER.md","DOCUMENTATION",".md","997","EB36ABAD098C7CF4D23E7E48DB51DA86AC01D575317CD3D4B1FA089E43A71D80","ELIGIBLE"
"self-evolving-architecture\self-evolving-ecosystem-continuum\SELF_EVOLVING_ECOSYSTEM_CONTINUUM.md","DOCUMENTATION",".md","1326","084A228613C6E5578137037023528F981D40522F00080AA9A7E6BB4D7D6BAAEA","ELIGIBLE"
"successor\EXPERIMENTAL_BRANCHES.md","DOCUMENTATION",".md","673","5E30C175FC0CB5BFE941E69AFCF64B4B9F65CDFEFFB979346C79C3573F8DAF7F","ELIGIBLE"
"successor\FUTURE_ARCHITECTURE_PROPOSALS.md","DOCUMENTATION",".md","616","A727FC4F227245AB5C4062E6C1ACC72174DC3D713C1EF6D521047D3F6663CAA6","ELIGIBLE"
"successor\NEXT_GENERATION_SYSTEMS.md","DOCUMENTATION",".md","678","C2BC12C1A42F3513A3C5B1BBC97DD3CC718C306A95569679211485FF2F3C7B0E","ELIGIBLE"
"successor\SUCCESSOR_CRITERIA.md","DOCUMENTATION",".md","913","854B509D8B502132DFC7A20DF4412A812E728DE6D917E6E9B2082B1AEB76B817","ELIGIBLE"
"transcendent-architecture-continuity\continuous-civilization-scale-adaptation\CIVILIZATION_ADAPTATION_EVOLUTION_RECORD.md","DOCUMENTATION",".md","1035","7122ECE7CE8DE3F614DCC6732A98B9FBC06EDD48091C20617AE7690859301F61","ELIGIBLE"
"transcendent-architecture-continuity\continuous-civilization-scale-adaptation\CIVILIZATION_ADAPTATION_STATE_REGISTER.md","DOCUMENTATION",".md","949","306530A20838BCBC2FEE7BD4C07A6F7F92E50B8EF56F3F167483979C9B5180F0","ELIGIBLE"
"transcendent-architecture-continuity\continuous-civilization-scale-adaptation\CONTINUOUS_CIVILIZATION_SCALE_ADAPTATION.md","DOCUMENTATION",".md","1283","0871CF4B024E872D86EBBB31C94911506BC16BF04805F34276B119834C2E0AF3","ELIGIBLE"
"transcendent-architecture-continuity\final-consolidation\COMPLETE_TRANSCENDENT_CONTINUITY_STATE.md","DOCUMENTATION",".md","843","2B30F1F3718BDCACF48503256CA1051324F75B3C8EB2F3E75F8FAB4DBC1EBC0C","ELIGIBLE"
"transcendent-architecture-continuity\final-consolidation\TRANSCENDENT_CONTINUITY_COMPLETION_RECORD.md","DOCUMENTATION",".md","1018","3AC0D2196D02DA4E11ED427B99503B38CE738B7C3AF8242091D43A8D18DE42AF","ELIGIBLE"
"transcendent-architecture-continuity\final-consolidation\TRANSCENDENT_CONTINUITY_VALIDATION_REPORT.md","DOCUMENTATION",".md","1011","BFAF81C67AF2017F2FDA326374AF177AA92EFBB566546708D5F3DFFD7082066A","ELIGIBLE"
"transcendent-architecture-continuity\integrated-evolutionary-architecture\EVOLUTIONARY_EVOLUTION_RECORD.md","DOCUMENTATION",".md","912","B1AFD15C6F4476D1FD782C452822392C22485C5D534E620F63D367B5802F3A6D","ELIGIBLE"
"transcendent-architecture-continuity\integrated-evolutionary-architecture\EVOLUTIONARY_STATE_REGISTER.md","DOCUMENTATION",".md","921","FBF865A6E65E265F5FE1C2213614583F4F74D3FFD182227E7F871A103E2D58DB","ELIGIBLE"
"transcendent-architecture-continuity\integrated-evolutionary-architecture\INTEGRATED_EVOLUTIONARY_ARCHITECTURE.md","DOCUMENTATION",".md","1228","334F2C5E975D387099A6568758A70DA6DBD21BFD7A00B953F36A745EC7C3710F","ELIGIBLE"
"transcendent-architecture-continuity\recursive-governance-intelligence\GOVERNANCE_INTELLIGENCE_EVOLUTION_RECORD.md","DOCUMENTATION",".md","924","C81C2AFF6A9121A319A74F083612497D0709F3B366AD3F89A01DBAF2CA1E67F8","ELIGIBLE"
"transcendent-architecture-continuity\recursive-governance-intelligence\GOVERNANCE_INTELLIGENCE_STATE_REGISTER.md","DOCUMENTATION",".md","967","7194C52FA7CAF40A3F8411D68829F47BF1F3D8E2955861BAE89EAE3AF091EF2C","ELIGIBLE"
"transcendent-architecture-continuity\recursive-governance-intelligence\RECURSIVE_GOVERNANCE_INTELLIGENCE.md","DOCUMENTATION",".md","1175","C37C6EC45ED411CA78805134A255ED5AFEC1513D51AC80372008DA030F7AE163","ELIGIBLE"
"transcendent-architecture-continuity\universal-ecosystem-awareness\AWARENESS_EVOLUTION_RECORD.md","DOCUMENTATION",".md","881","EA5F227FE3F383972014C278B7AE4F42B4B5186C11A32EF68962D08E6A11F4CE","ELIGIBLE"
"transcendent-architecture-continuity\universal-ecosystem-awareness\AWARENESS_STATE_REGISTER.md","DOCUMENTATION",".md","887","4E17EEAE646BC4B30A6C9010B2321D45188B8023C355DC0A4C638B8F7E811EBD","ELIGIBLE"
"transcendent-architecture-continuity\universal-ecosystem-awareness\UNIVERSAL_ECOSYSTEM_AWARENESS.md","DOCUMENTATION",".md","1110","D68284956C05E13C334D27BD50E946F317495C160CE85CDEE39C3C719670651B","ELIGIBLE"
"transcendent-architecture-integration\complete-orynth-operating-architecture\COMPLETE_ORYNTH_OPERATING_ARCHITECTURE.md","DOCUMENTATION",".md","1020","F3E24AD5D3081329F3187F92C00ED3BFE833CC69340545DA77591E3FAD8DA9D4","ELIGIBLE"
"transcendent-architecture-integration\complete-orynth-operating-architecture\OPERATING_ARCHITECTURE_EVOLUTION_RECORD.md","DOCUMENTATION",".md","842","47399CCB8F07A3D1662457269B9779DB98439CF4A153D24D4C2B5B0CFF10D8A4","ELIGIBLE"
"transcendent-architecture-integration\complete-orynth-operating-architecture\OPERATING_ARCHITECTURE_STATE_REGISTER.md","DOCUMENTATION",".md","880","617577AFE905B118EC79D3280BE41DA1F91DC6BCBCF4D4264653D75E3790E096","ELIGIBLE"
"transcendent-architecture-integration\cross-ecosystem-intelligence-alignment\CROSS_ECOSYSTEM_INTELLIGENCE_ALIGNMENT.md","DOCUMENTATION",".md","962","5F546FB23962061B40321E4F885516653BCCC187ACF46AFC06CB1E399AE40DC2","ELIGIBLE"
"transcendent-architecture-integration\cross-ecosystem-intelligence-alignment\INTELLIGENCE_ALIGNMENT_REGISTER.md","DOCUMENTATION",".md","859","4B62A3815F84A97F4FF07DE8275D50EE0CE33AAC64FA20775B32AFC4065812AF","ELIGIBLE"
"transcendent-architecture-integration\cross-ecosystem-intelligence-alignment\INTELLIGENCE_INTEGRATION_RECORD.md","DOCUMENTATION",".md","863","93BEAB4519C981FAC18C146B80A586E5784C03EF41314E76FFD8D62A3E931F74","ELIGIBLE"
"transcendent-architecture-integration\final-consolidation\COMPLETE_ORYNTH_ARCHITECTURE_REFERENCE_STATE.md","DOCUMENTATION",".md","889","1F3F407AC58512E08BD16D2A33A8C66DBC451DE0E46D2B33CC3CE9BE1A21872D","ELIGIBLE"
"transcendent-architecture-integration\final-consolidation\TRANSCENDENT_INTEGRATION_COMPLETION_RECORD.md","DOCUMENTATION",".md","951","9F91B0FD1F85E15243B8EB4321B92C23DCB865BADBF1C64F29F1C376230CC5EC","ELIGIBLE"
"transcendent-architecture-integration\final-consolidation\TRANSCENDENT_INTEGRATION_VALIDATION_REPORT.md","DOCUMENTATION",".md","931","8ADDB115FAA42A1BBBDA60FD3A278D505E76DC3781316D4355F1CD702F9EB788","ELIGIBLE"
"transcendent-architecture-integration\foundational-layer-unification\FOUNDATIONAL_LAYER_UNIFICATION.md","DOCUMENTATION",".md","940","4B48D171C6A86292BD57FE247EA205E77B0D615A4F61A49EBF65BC5D5E3A7D19","ELIGIBLE"
"transcendent-architecture-integration\foundational-layer-unification\FOUNDATION_ALIGNMENT_REGISTER.md","DOCUMENTATION",".md","823","76AEB4D8A73EE3F9F024935C1AB08E7F86A716D11218643083DBDC6D932ED25A","ELIGIBLE"
"transcendent-architecture-integration\foundational-layer-unification\FOUNDATION_EVOLUTION_RECORD.md","DOCUMENTATION",".md","822","CA28CDC15A6F12A41177F06388EC883B7CABE1B532348DE2205340392652968B","ELIGIBLE"
"transcendent-architecture-integration\universal-governance-integration\GOVERNANCE_CONTINUITY_RECORD.md","DOCUMENTATION",".md","809","E1F642D1E45CE546C6A0E22CE148AE194F3C723BA867869DF24FF5A876D05552","ELIGIBLE"
"transcendent-architecture-integration\universal-governance-integration\GOVERNANCE_INTEGRATION_REGISTER.md","DOCUMENTATION",".md","869","BEE3059DB04D0972B79EB1E7FE8A83070E0A12322639AFACC1FFF4275C83BA1A","ELIGIBLE"
"transcendent-architecture-integration\universal-governance-integration\UNIVERSAL_GOVERNANCE_INTEGRATION.md","DOCUMENTATION",".md","989","30E6390C1A3867DEA209D1D25FCD92E84B79880C669807DA5D8EDA8FA5ACD47A","ELIGIBLE"
"transcendent-systems-architecture\final-consolidation\COMPLETE_TRANSCENDENT_SYSTEMS_STATE.md","DOCUMENTATION",".md","1023","757EDB3BDDE38DAB1781D38BF1A3F8627167DCB33B858B656A66DAC654CA4525","ELIGIBLE"
"transcendent-systems-architecture\final-consolidation\TRANSCENDENT_SYSTEMS_COMPLETION_RECORD.md","DOCUMENTATION",".md","1111","2825AF0F98FBF60CFF3F1FFF842C74758083DF9E620E912DB36938210638FBA7","ELIGIBLE"
"transcendent-systems-architecture\final-consolidation\TRANSCENDENT_SYSTEMS_VALIDATION_REPORT.md","DOCUMENTATION",".md","993","985E20E666FC9C50E382925A1DD65CEFC1826358E1BCD881DFC4F6E764C0A249","ELIGIBLE"
"transcendent-systems-architecture\meta-intelligence-integration\META_INTELLIGENCE_EVOLUTION_RECORD.md","DOCUMENTATION",".md","1012","2CF6A6CF98E5938DBDBC414233CA84213D80C265841277BB08636B8720E73D11","ELIGIBLE"
"transcendent-systems-architecture\meta-intelligence-integration\META_INTELLIGENCE_INTEGRATION.md","DOCUMENTATION",".md","1329","D013063E45C7AAFB5F4F7FE8E4B4CC327C440E53F099E0C1726E116615314084","ELIGIBLE"
"transcendent-systems-architecture\meta-intelligence-integration\META_INTELLIGENCE_STATE_REGISTER.md","DOCUMENTATION",".md","1026","03B32BEEDC2844D71EDFB1A9400242A92EA3F698E9E3E46C13759BBD43649314","ELIGIBLE"
"transcendent-systems-architecture\reality-scale-architecture-harmonization\HARMONIZATION_EVOLUTION_RECORD.md","DOCUMENTATION",".md","1015","F6B3B6816C3D42351DE18A0DADA404B14DB53548FE1DBC592B3FCF8E1E0C4D55","ELIGIBLE"
"transcendent-systems-architecture\reality-scale-architecture-harmonization\HARMONIZATION_STATE_REGISTER.md","DOCUMENTATION",".md","997","F2C11A9ED83EAE0ECC9AAE2759D776E0CBF1B36D7158F763B71C0B187EDEA114","ELIGIBLE"
"transcendent-systems-architecture\reality-scale-architecture-harmonization\REALITY_SCALE_ARCHITECTURE_HARMONIZATION.md","DOCUMENTATION",".md","1303","C4DD2A5D7EBB056AD2DEE00226AE2746ED011376F66C52841F062318410909B0","ELIGIBLE"
"transcendent-systems-architecture\transcendent-systems-continuity-model\CONTINUITY_EVOLUTION_RECORD.md","DOCUMENTATION",".md","974","A6E088B83135B266159BA0971AD3F1CE7293F0A38F8CE45E9657C57CB2F21CF4","ELIGIBLE"
"transcendent-systems-architecture\transcendent-systems-continuity-model\CONTINUITY_STATE_REGISTER.md","DOCUMENTATION",".md","1003","6B2D7CDBD2E1628CC2D2F1EA50CAA93E7C219F33D308639C6348A1130B9B9794","ELIGIBLE"
"transcendent-systems-architecture\transcendent-systems-continuity-model\TRANSCENDENT_SYSTEMS_CONTINUITY_MODEL.md","DOCUMENTATION",".md","1307","94F81E23FEB7DEB0705AE482BFCFAE6669F20A12208D3FA5F889592100C0A28F","ELIGIBLE"
"transcendent-systems-architecture\universal-governance-synthesis\GOVERNANCE_EVOLUTION_RECORD.md","DOCUMENTATION",".md","976","929A0D8634FA72030EFE40B2E68F4CBFCEC3B8D07AE023D27E8E3B92FEBDCD62","ELIGIBLE"
"transcendent-systems-architecture\universal-governance-synthesis\GOVERNANCE_STATE_REGISTER.md","DOCUMENTATION",".md","979","1896B876FC78837C18E2E5FE26C96CEB8583B7E491F6C5989CC0B435C212AC47","ELIGIBLE"
"transcendent-systems-architecture\universal-governance-synthesis\UNIVERSAL_GOVERNANCE_SYNTHESIS.md","DOCUMENTATION",".md","1281","CEC4BBA0CA04D186BB4E72D31BE8E3A646DCF375CD61842EED9BF1271C1F4843","ELIGIBLE"
"unified-reference-architecture-governance\continuous-synthesis-intelligence\CONTINUOUS_SYNTHESIS_INTELLIGENCE.md","DOCUMENTATION",".md","1403","991360FED6442A38709D2BEA66F0A5945C98008B379811364D3CFB0C10FE740A","ELIGIBLE"
"unified-reference-architecture-governance\continuous-synthesis-intelligence\SYNTHESIS_INTELLIGENCE_EVOLUTION_RECORD.md","DOCUMENTATION",".md","1005","46846E16B2116761445B605095EF1B8A27FF879FA640F21C17F3E266B100C1AA","ELIGIBLE"
"unified-reference-architecture-governance\continuous-synthesis-intelligence\SYNTHESIS_INTELLIGENCE_REGISTER.md","DOCUMENTATION",".md","996","2F746043322CC1A9BB8DDAC05B08D6444F9ED658DC83CD2BC46A929B8074063E","ELIGIBLE"
"unified-reference-architecture-governance\final-consolidation\COMPLETE_UNIFIED_REFERENCE_ARCHITECTURE_GOVERNANCE_STATE.md","DOCUMENTATION",".md","1017","EE760699C364139F6D7D56E08CDCF66CF095EA6D9A159FF4E8186D40159392C8","ELIGIBLE"
"unified-reference-architecture-governance\final-consolidation\UNIFIED_REFERENCE_ARCHITECTURE_GOVERNANCE_COMPLETION_RECORD.md","DOCUMENTATION",".md","1099","1742783BDD8E0DFE0F2A4200C42C33D40BC043891273C84C5EE94A9A77F4F365","ELIGIBLE"
"unified-reference-architecture-governance\final-consolidation\UNIFIED_REFERENCE_ARCHITECTURE_GOVERNANCE_VALIDATION_REPORT.md","DOCUMENTATION",".md","985","3622722D39B9871CA1D04CBF353C931EB7049FDFEDEABA86897B1E7D8C506000","ELIGIBLE"
"unified-reference-architecture-governance\global-reference-model-governance\GLOBAL_REFERENCE_MODEL_GOVERNANCE.md","DOCUMENTATION",".md","1363","703F30D2ED7EDEDA8530CB257E5DC67F3FCDDD5464629CD647179D218DF3F62C","ELIGIBLE"
"unified-reference-architecture-governance\global-reference-model-governance\REFERENCE_GOVERNANCE_EVOLUTION_RECORD.md","DOCUMENTATION",".md","962","C935D8B25F72CBFDAF0750270E20B2BC3867701E710269446CAEE97217FE025B","ELIGIBLE"
"unified-reference-architecture-governance\global-reference-model-governance\REFERENCE_GOVERNANCE_REGISTER.md","DOCUMENTATION",".md","939","32B1749A1476C4F3F3DBBE73BE768743D9F472655DDB2EA233A5CE6AC91D00E9","ELIGIBLE"
"unified-reference-architecture-governance\ultimate-orynth-architecture-operating-model\OPERATING_MODEL_EVOLUTION_RECORD.md","DOCUMENTATION",".md","977","D5A3215CACFEA821DFFD50C71182E43BE114765F9ACE6742693F9ADF2B1FD2AE","ELIGIBLE"
"unified-reference-architecture-governance\ultimate-orynth-architecture-operating-model\OPERATING_MODEL_REGISTER.md","DOCUMENTATION",".md","992","16942A52693FCD3E8710D2855EA1EBFF3D246A6BF9CEAD89D812FFC00F43514F","ELIGIBLE"
"unified-reference-architecture-governance\ultimate-orynth-architecture-operating-model\ULTIMATE_ORYNTH_ARCHITECTURE_OPERATING_MODEL.md","DOCUMENTATION",".md","2035","065B1714D26FAF2F08FBFD775F279C52A12A820481E650F3B76FD90347880C85","ELIGIBLE"
"unified-reference-architecture-governance\unified-architecture-state-management\STATE_MANAGEMENT_EVOLUTION_RECORD.md","DOCUMENTATION",".md","961","A24A426059BBC104814D8906069D7C30113305B7803A97167DFC5522F6063D8F","ELIGIBLE"
"unified-reference-architecture-governance\unified-architecture-state-management\STATE_MANAGEMENT_REGISTER.md","DOCUMENTATION",".md","899","8D18A036EE3A939766704A5048B0D29A03B26AA6F19D27994D29A8CC4D9D19C6","ELIGIBLE"
"unified-reference-architecture-governance\unified-architecture-state-management\UNIFIED_ARCHITECTURE_STATE_MANAGEMENT.md","DOCUMENTATION",".md","1352","AAF0EB998CCC783EC9CC884AEABE8235D27C2B95AC099DF18D97142195C1484C","ELIGIBLE"
"universal-architecture-governance\canonical-architecture-constitution\ARCHITECTURE_INVARIANT_REGISTER.md","DOCUMENTATION",".md","839","8AE643A4503EB8090D198C8E9F524D3D8ED26322AA8C4E9AC467B5D6F070325F","ELIGIBLE"
"universal-architecture-governance\canonical-architecture-constitution\CANONICAL_ARCHITECTURE_CONSTITUTION.md","DOCUMENTATION",".md","917","39CC08123D61A5E1D6A8F56A8C5E33B5EF483BD2134F063284412ACF2A72F693","ELIGIBLE"
"universal-architecture-governance\canonical-architecture-constitution\CONSTITUTIONAL_CHANGE_RECORD.md","DOCUMENTATION",".md","764","1E0808089D337DEA0F3518D8FB81C08361A89B03A87249F969395FE849446F05","ELIGIBLE"
"universal-architecture-governance\final-consolidation\UNIVERSAL_ARCHITECTURE_REFERENCE_STATE.md","DOCUMENTATION",".md","894","50D496D5696D98B9A2AE4CD08309B41F4CB3F7C025FECDD14C945FAD785D061E","ELIGIBLE"
"universal-architecture-governance\final-consolidation\UNIVERSAL_GOVERNANCE_COMPLETION_RECORD.md","DOCUMENTATION",".md","878","F32AA13F7F4F3B355A6C5F11B5ACA72B340CE0517F19159855597819C350DE0B","ELIGIBLE"
"universal-architecture-governance\final-consolidation\UNIVERSAL_GOVERNANCE_VALIDATION_REPORT.md","DOCUMENTATION",".md","880","A03A4E83F5F241B7CA462BDE180EBD9232E9530C78AD4BF40E9339FA3167FE59","ELIGIBLE"
"universal-architecture-governance\global-standards-framework\GLOBAL_STANDARDS_FRAMEWORK.md","DOCUMENTATION",".md","836","6D9346A26231859007D14ED45B63FAC880B7E280BD040DB71814D1077241E724","ELIGIBLE"
"universal-architecture-governance\global-standards-framework\STANDARDS_ALIGNMENT_REGISTER.md","DOCUMENTATION",".md","802","8461317AEE2D5CBAF2CBB6E8666B25999AAEC7EDE5CE681D0EAA007FE3CB042B","ELIGIBLE"
"universal-architecture-governance\global-standards-framework\STANDARD_EVOLUTION_RECORD.md","DOCUMENTATION",".md","760","650E7A76E8FE3B61A48394AF268D844FDB4EACDDD1D4FDBDBF83FA254D6C8488","ELIGIBLE"
"universal-architecture-governance\long-term-stewardship-architecture\ARCHITECTURE_PRESERVATION_RECORD.md","DOCUMENTATION",".md","782","F666E309557A9719041472A4CE5D262E0385F4C7CDB65ACBC95513DE43FC62D8","ELIGIBLE"
"universal-architecture-governance\long-term-stewardship-architecture\LONG_TERM_STEWARDSHIP_MODEL.md","DOCUMENTATION",".md","878","FF3C625BF39F0FF678BCC24FD0EC28CCFBF133004EFD68F2A78BE3628810F551","ELIGIBLE"
"universal-architecture-governance\long-term-stewardship-architecture\STEWARDSHIP_CONTINUITY_REGISTER.md","DOCUMENTATION",".md","845","C9E08CDDF183AA0301F81FE121CEF246F8C64A9FA50247FF50D47C9B7E863BB8","ELIGIBLE"
"universal-architecture-governance\universal-reference-implementation\IMPLEMENTATION_ALIGNMENT_REGISTER.md","DOCUMENTATION",".md","820","3A5D5374CA3EC8FAFFC5C0285376300188CD86A89A9062D994152BDD1C8EC283","ELIGIBLE"
"universal-architecture-governance\universal-reference-implementation\REFERENCE_EVOLUTION_RECORD.md","DOCUMENTATION",".md","804","DAC98C16356DDC7392BAC461B831F2651AC36480DDF48AB1CBEDA3E5EE3AAC18","ELIGIBLE"
"universal-architecture-governance\universal-reference-implementation\UNIVERSAL_REFERENCE_MODEL.md","DOCUMENTATION",".md","874","77C8B5D8B866087BFA88786B811A2AF2C5D311656466C6E410965461BD2568B1","ELIGIBLE"
"universal-coordination-architecture\adaptive-coordination-intelligence\ADAPTIVE_COORDINATION_INTELLIGENCE.md","DOCUMENTATION",".md","1107","8CCD3C8DC2861F2F929587F273A2D8D023AB8E9313EFE2564D8D9EEBB8631B7E","ELIGIBLE"
"universal-coordination-architecture\adaptive-coordination-intelligence\COORDINATION_INTELLIGENCE_EVOLUTION_RECORD.md","DOCUMENTATION",".md","913","AC49490EB9AB7753ADA391C0C8C566FE7B803E9D5BC8AAE431870ABFDC3647A0","ELIGIBLE"
"universal-coordination-architecture\adaptive-coordination-intelligence\COORDINATION_INTELLIGENCE_STATE_REGISTER.md","DOCUMENTATION",".md","946","775D6DEDCE7E5C2F6DA39AD24E5E84833ECB021889877ACC2C969D355472C62D","ELIGIBLE"
"universal-coordination-architecture\coordination-substrate-framework\COORDINATION_SUBSTRATE_EVOLUTION_RECORD.md","DOCUMENTATION",".md","869","3F84D9B68D6E87EC09E82F7033FED7A3F71988CB81E816107A70DF5F74DE4BD3","ELIGIBLE"
"universal-coordination-architecture\coordination-substrate-framework\COORDINATION_SUBSTRATE_FRAMEWORK.md","DOCUMENTATION",".md","1085","19CAF3E5E6886B8224F7021AE3B66240F33597ED3076730472508615595CC149","ELIGIBLE"
"universal-coordination-architecture\coordination-substrate-framework\COORDINATION_SUBSTRATE_STATE_REGISTER.md","DOCUMENTATION",".md","948","070261BE0626A104A1C9D989A4A17CC23FA15C03A14C9447DFCA3871BB3BA9A1","ELIGIBLE"
"universal-coordination-architecture\cross-system-coordination-network\COORDINATION_NETWORK_EVOLUTION_RECORD.md","DOCUMENTATION",".md","868","123DBBDC61E183DC7E97ADAF22D8E789917669D4467000F2ADBFEC28EEA7D56B","ELIGIBLE"
"universal-coordination-architecture\cross-system-coordination-network\COORDINATION_NETWORK_STATE_REGISTER.md","DOCUMENTATION",".md","911","98C48ED9017397A644891E723691B18FEEFEE4A7155320A9578ED71C24ADFDFA","ELIGIBLE"
"universal-coordination-architecture\cross-system-coordination-network\CROSS_SYSTEM_COORDINATION_NETWORK.md","DOCUMENTATION",".md","1051","28714D434F20EFAA80C82C1ECDCFE0B5E1C7E5189717604C6665E1B84221B196","ELIGIBLE"
"universal-coordination-architecture\final-consolidation\COMPLETE_UNIVERSAL_COORDINATION_REFERENCE_STATE.md","DOCUMENTATION",".md","1009","68A8C33C8D3DB2791982B57754C7CA317B82D6FDA0ACAC952E6A526422609FB7","ELIGIBLE"
"universal-coordination-architecture\final-consolidation\UNIVERSAL_COORDINATION_COMPLETION_RECORD.md","DOCUMENTATION",".md","1013","E1F3AEE977C597D02161F1C5B5CA50D26653D7BDAC6DC075980EE40157640711","ELIGIBLE"
"universal-coordination-architecture\final-consolidation\UNIVERSAL_COORDINATION_VALIDATION_REPORT.md","DOCUMENTATION",".md","907","34C2B0703F9E14EAFFCC4CBC74C65A1350A87A5862C501908AC10D9A565CDEE3","ELIGIBLE"
"universal-coordination-architecture\universal-coordination-operating-layer\COORDINATION_OPERATING_EVOLUTION_RECORD.md","DOCUMENTATION",".md","922","95466BC803FCAD4A20D880310BCBB4AF8E6EC6E67CBB4565328186328F27B8F7","ELIGIBLE"
"universal-coordination-architecture\universal-coordination-operating-layer\COORDINATION_OPERATING_STATE_REGISTER.md","DOCUMENTATION",".md","940","7A9EF92CDE1A12A239E82422EDC8295F9CE21CCF663550154CCCE6B109DE77AE","ELIGIBLE"
"universal-coordination-architecture\universal-coordination-operating-layer\UNIVERSAL_COORDINATION_OPERATING_LAYER.md","DOCUMENTATION",".md","1117","75BCAA7ABE768C2C90389BD712CE28C4E361568899E9FCE4EB06D12C72926270","ELIGIBLE"
"universal-ecosystem-intelligence\autonomous-knowledge-orchestration\AUTONOMOUS_KNOWLEDGE_ORCHESTRATION.md","DOCUMENTATION",".md","931","19B022ED33C62F82C24DB7927EC8B59AEADB43F59AB0B95305D17A3C2F596931","ELIGIBLE"
"universal-ecosystem-intelligence\autonomous-knowledge-orchestration\KNOWLEDGE_EVOLUTION_RECORD.md","DOCUMENTATION",".md","843","C51B3F447A374734DFE539A6847B49BC6EA46E775E815A6122CD81BA7997F207","ELIGIBLE"
"universal-ecosystem-intelligence\autonomous-knowledge-orchestration\KNOWLEDGE_ORCHESTRATION_REGISTER.md","DOCUMENTATION",".md","830","214C633E10534ADB997F271C742C6568E6C2C81614A60C815C1D1E211F37B1D3","ELIGIBLE"
"universal-ecosystem-intelligence\ecosystem-reasoning-framework\ECOSYSTEM_REASONING_FRAMEWORK.md","DOCUMENTATION",".md","920","0DE8448FBBFE124A0BBF7B3086BEEAEFB2F37DA198A943C0E4226C28F800C8B8","ELIGIBLE"
"universal-ecosystem-intelligence\ecosystem-reasoning-framework\REASONING_EVOLUTION_RECORD.md","DOCUMENTATION",".md","808","9CE8CE8AC46A58A909996799A87D3BD3AB7A3DE5BDB32188765C56E6B4C608D1","ELIGIBLE"
"universal-ecosystem-intelligence\ecosystem-reasoning-framework\REASONING_STATE_REGISTER.md","DOCUMENTATION",".md","778","1CD2BECB69E5DC300AC44AA722E71FDB37C5FC4BA215AB233714773406EA57FF","ELIGIBLE"
"universal-ecosystem-intelligence\final-consolidation\UNIVERSAL_INTELLIGENCE_COMPLETION_RECORD.md","DOCUMENTATION",".md","920","27FBEF4C117FD85E9918D15F06F18676ACC6D4E2582ED0442D88208A60646492","ELIGIBLE"
"universal-ecosystem-intelligence\final-consolidation\UNIVERSAL_INTELLIGENCE_REFERENCE_STATE.md","DOCUMENTATION",".md","911","AF227585959343346611CAFE0D003F6A04AB71356B334CAAE8E2FD4FB22321C0","ELIGIBLE"
"universal-ecosystem-intelligence\final-consolidation\UNIVERSAL_INTELLIGENCE_VALIDATION_REPORT.md","DOCUMENTATION",".md","890","99570975A571E1D1B99B4816E4E742F123C0F01FCD88C88E72E2DE62174939B7","ELIGIBLE"
"universal-ecosystem-intelligence\intelligence-coordination-layer\INTELLIGENCE_COORDINATION_LAYER.md","DOCUMENTATION",".md","942","8CFE65CCE4FA2597363E8CF561103BA7051CB397785AA0A2AA9866555D5A2B13","ELIGIBLE"
"universal-ecosystem-intelligence\intelligence-coordination-layer\INTELLIGENCE_EVOLUTION_RECORD.md","DOCUMENTATION",".md","801","6EDCD8A96DC65852BF535967E68CC9F9C654BC31B213B19A7E064AF6BBB00B0B","ELIGIBLE"
"universal-ecosystem-intelligence\intelligence-coordination-layer\INTELLIGENCE_SIGNAL_REGISTER.md","DOCUMENTATION",".md","782","F033B450DF47D86306339955772C6E5DE50A9B2135F75EC4415C1AA8D62C97E0","ELIGIBLE"
"universal-ecosystem-intelligence\universal-intelligence-architecture\INTELLIGENCE_ARCHITECTURE_EVOLUTION_RECORD.md","DOCUMENTATION",".md","867","745E3470DED730ADA2E9383413AEA402C166847514361E144708A0259A62194D","ELIGIBLE"
"universal-ecosystem-intelligence\universal-intelligence-architecture\INTELLIGENCE_ARCHITECTURE_STATE_REGISTER.md","DOCUMENTATION",".md","880","64DCF0A445B88EE08B644B7F82F3EA0E3FCE429C286B1C1D342B4BAE721B39E0","ELIGIBLE"
"universal-ecosystem-intelligence\universal-intelligence-architecture\UNIVERSAL_INTELLIGENCE_ARCHITECTURE.md","DOCUMENTATION",".md","1031","782A48ECF162E8CBC9A970112B833D256FC0C58C0B1D6FF87C732EF30FB25C68","ELIGIBLE"
"universal-integration-architecture\cross-domain-architecture-integration\ARCHITECTURE_INTEGRATION_EVOLUTION_RECORD.md","DOCUMENTATION",".md","882","A7641C8E48B92525B49DD56B65BED055B45CA438DADE5779024F86199990D2DF","ELIGIBLE"
"universal-integration-architecture\cross-domain-architecture-integration\ARCHITECTURE_INTEGRATION_STATE_REGISTER.md","DOCUMENTATION",".md","942","334643B0DAE33F907F9CE688FF0717F4E5C5C05D04CCEC95838AF5A088E2DDD2","ELIGIBLE"
"universal-integration-architecture\cross-domain-architecture-integration\CROSS_DOMAIN_ARCHITECTURE_INTEGRATION.md","DOCUMENTATION",".md","1158","F56484CA20E776826D0466726805C4E5D53C77B6197486DF4D20E370E8628344","ELIGIBLE"
"universal-integration-architecture\final-consolidation\COMPLETE_UNIVERSAL_INTEGRATION_REFERENCE_STATE.md","DOCUMENTATION",".md","998","F4A6CD5CFFB3ED7F932861FF7E5CFCEDF1E2E4F215B4F19899C7C366C50BD321","ELIGIBLE"
"universal-integration-architecture\final-consolidation\UNIVERSAL_INTEGRATION_COMPLETION_RECORD.md","DOCUMENTATION",".md","943","F7BD5878A2737D12E00F99DD408FE22F1AE1D9558F727CD22C20CC86D3FCD360","ELIGIBLE"
"universal-integration-architecture\final-consolidation\UNIVERSAL_INTEGRATION_VALIDATION_REPORT.md","DOCUMENTATION",".md","915","159C4BB5CC7977337AF75CF84802B343E531B524D3BF22E0546BD273E744833E","ELIGIBLE"
"universal-integration-architecture\integrated-operating-reference-layer\INTEGRATED_OPERATING_REFERENCE_LAYER.md","DOCUMENTATION",".md","1068","E48BED593E7049A40B6AB9E41341D66B45B26C25CED0687749B7674CDEF9DB9D","ELIGIBLE"
"universal-integration-architecture\integrated-operating-reference-layer\OPERATING_REFERENCE_EVOLUTION_RECORD.md","DOCUMENTATION",".md","861","5318DF4A61C1A63388F20D64FA93286F2027E483C61B1B77B25A735FAAA77245","ELIGIBLE"
"universal-integration-architecture\integrated-operating-reference-layer\OPERATING_REFERENCE_STATE_REGISTER.md","DOCUMENTATION",".md","950","EF19690D9DA61EE7705F03A59D2463B74E61D771E830478FB8F75EB23BB24DAD","ELIGIBLE"
"universal-integration-architecture\integration-substrate-framework\INTEGRATION_SUBSTRATE_EVOLUTION_RECORD.md","DOCUMENTATION",".md","892","2F537C63FA55FD5A4FF19199FA2FBB6CC27609E78CC4927B1B8D56AE53EE154D","ELIGIBLE"
"universal-integration-architecture\integration-substrate-framework\INTEGRATION_SUBSTRATE_FRAMEWORK.md","DOCUMENTATION",".md","1108","AC51AC66CFD701940A51DEBE6634CC218C6C51FACFF3E68E6C65DE606C53707C","ELIGIBLE"
"universal-integration-architecture\integration-substrate-framework\INTEGRATION_SUBSTRATE_STATE_REGISTER.md","DOCUMENTATION",".md","922","B368D1CCD980CC230DA4E26FC091C94E6932D6E9A1BB338BBE9330D2FCF092E7","ELIGIBLE"
"universal-integration-architecture\unified-ecosystem-integration\ECOSYSTEM_INTEGRATION_EVOLUTION_RECORD.md","DOCUMENTATION",".md","0","E3B0C44298FC1C149AFBF4C8996FB92427AE41E4649B934CA495991B7852B855","ELIGIBLE"
"universal-integration-architecture\unified-ecosystem-integration\ECOSYSTEM_INTEGRATION_STATE_REGISTER.md","DOCUMENTATION",".md","0","E3B0C44298FC1C149AFBF4C8996FB92427AE41E4649B934CA495991B7852B855","ELIGIBLE"
"universal-integration-architecture\unified-ecosystem-integration\UNIFIED_ECOSYSTEM_INTEGRATION.md","DOCUMENTATION",".md","0","E3B0C44298FC1C149AFBF4C8996FB92427AE41E4649B934CA495991B7852B855","ELIGIBLE"
"universal-intelligence-architecture\adaptive-knowledge-synthesis\ADAPTIVE_KNOWLEDGE_SYNTHESIS.md","DOCUMENTATION",".md","1278","5730E9972289006E961C2A94E55727278B691E2941B6501EE0C506E016D04ED5","ELIGIBLE"
"universal-intelligence-architecture\adaptive-knowledge-synthesis\KNOWLEDGE_SYNTHESIS_EVOLUTION_RECORD.md","DOCUMENTATION",".md","1014","6754B05996A8D810F38657B027F715D5B3BE9C038246CD649F48106476B7CB14","ELIGIBLE"
"universal-intelligence-architecture\adaptive-knowledge-synthesis\KNOWLEDGE_SYNTHESIS_STATE_REGISTER.md","DOCUMENTATION",".md","975","553AE5269CCF34BBD987F1162B9E9B4661626297EF486CDA3B8A5BFAEEFC68B7","ELIGIBLE"
"universal-intelligence-architecture\cross-system-intelligence-integration\CROSS_SYSTEM_INTELLIGENCE_INTEGRATION.md","DOCUMENTATION",".md","1092","FBB880C4D8A620A8253721C9C34A30A68FD47847832095887F17737CA76ADB73","ELIGIBLE"
"universal-intelligence-architecture\cross-system-intelligence-integration\INTELLIGENCE_INTEGRATION_EVOLUTION_RECORD.md","DOCUMENTATION",".md","906","85896D29A0C2193A95CFCAB0149ABC79B8752909CB56310D965C46C1D554DFFB","ELIGIBLE"
"universal-intelligence-architecture\cross-system-intelligence-integration\INTELLIGENCE_INTEGRATION_STATE_REGISTER.md","DOCUMENTATION",".md","923","6442C22D226AF95851681284DFDC23F5849D164D02086A4D58355A4B858F29B1","ELIGIBLE"
"universal-intelligence-architecture\emergent-intelligence-coordination\EMERGENT_INTELLIGENCE_COORDINATION.md","DOCUMENTATION",".md","1179","BDDBE48594CA7F6D2745C318731C591DA7DAEF94277E1607A8AE1BE2959EC9A2","ELIGIBLE"
"universal-intelligence-architecture\emergent-intelligence-coordination\EMERGENT_INTELLIGENCE_EVOLUTION_RECORD.md","DOCUMENTATION",".md","898","2FC4042C28DAE68C3C3869AAF3DC5F7C0E2278CF2CC17C69EA1ADF3670168083","ELIGIBLE"
"universal-intelligence-architecture\emergent-intelligence-coordination\EMERGENT_INTELLIGENCE_STATE_REGISTER.md","DOCUMENTATION",".md","976","C9AD930FEEF531ED2D4162ADE3D02E4FF16A39CD220F532585ADBE5681181C1E","ELIGIBLE"
"universal-intelligence-architecture\final-consolidation\COMPLETE_UNIVERSAL_INTELLIGENCE_REFERENCE_STATE.md","DOCUMENTATION",".md","974","806943AD79E81A724B53AC8713B7E052E3309D5F2E4A514CABBA77E3A0D5C197","ELIGIBLE"
"universal-intelligence-architecture\final-consolidation\COMPLETE_UNIVERSAL_INTELLIGENCE_STATE.md","DOCUMENTATION",".md","957","AF9F71CEF128F1A271D9CFB95C119E315014EA70AAFB34BD7DB677F4F9AD5DEE","ELIGIBLE"
"universal-intelligence-architecture\final-consolidation\UNIVERSAL_INTELLIGENCE_COMPLETION_RECORD.md","DOCUMENTATION",".md","1120","672A9B1CF7B43825C9871DD7291A678135A163F6255E8280C91EF132E3AA8CFD","ELIGIBLE"
"universal-intelligence-architecture\final-consolidation\UNIVERSAL_INTELLIGENCE_VALIDATION_REPORT.md","DOCUMENTATION",".md","1025","3C249949BBCC6590DA565224BB79547DD114498101AB329B879564D3BB21A5C4","ELIGIBLE"
"universal-intelligence-architecture\intelligence-substrate-integration\INTELLIGENCE_EVOLUTION_RECORD.md","DOCUMENTATION",".md","991","A1DD206A4AF3474E824DA5892001EA0B1AC47DFF1C14E0836504103F95E9B254","ELIGIBLE"
"universal-intelligence-architecture\intelligence-substrate-integration\INTELLIGENCE_STATE_REGISTER.md","DOCUMENTATION",".md","977","D4A0EDD56609C66E24B6A5935EF87B006723BFDBA9D66EAE02173B498ACC66B4","ELIGIBLE"
"universal-intelligence-architecture\intelligence-substrate-integration\INTELLIGENCE_SUBSTRATE_INTEGRATION.md","DOCUMENTATION",".md","1237","7E6F8BEA3A1C15D67339B7B3B2EC9DD52DE9E05A1A97A584CAA48A50C49F7CF1","ELIGIBLE"
"universal-intelligence-architecture\recursive-intelligence-coordination\COORDINATION_EVOLUTION_RECORD.md","DOCUMENTATION",".md","1027","7D2B846D4FA7D57E7D7594DE8188274B5E31A85F87E7DB464B45CE2A2A6B2B56","ELIGIBLE"
"universal-intelligence-architecture\recursive-intelligence-coordination\COORDINATION_STATE_REGISTER.md","DOCUMENTATION",".md","1005","F5A95E225BC9B5B9FFA4225FAA3642ADE54A7B1D06AF62C99CBEC5996E1D4B1C","ELIGIBLE"
"universal-intelligence-architecture\recursive-intelligence-coordination\RECURSIVE_INTELLIGENCE_COORDINATION.md","DOCUMENTATION",".md","1311","208EB6E080FFA4F9D2802A898D56ED2284B4EC6F59D9A93F21B99C150883AD66","ELIGIBLE"
"universal-intelligence-architecture\unified-intelligence-ecosystem-model\INTELLIGENCE_ECOSYSTEM_EVOLUTION_RECORD.md","DOCUMENTATION",".md","1084","E97EA515A351AC22142490A97D937B5E6B66DF5F294915ACD99196120C3E78CC","ELIGIBLE"
"universal-intelligence-architecture\unified-intelligence-ecosystem-model\INTELLIGENCE_ECOSYSTEM_STATE_REGISTER.md","DOCUMENTATION",".md","1058","DA51D3461B21A662C908AF3ADCC172EF9457489F67073B1F69F2FB9EA54C6FD7","ELIGIBLE"
"universal-intelligence-architecture\unified-intelligence-ecosystem-model\UNIFIED_INTELLIGENCE_ECOSYSTEM_MODEL.md","DOCUMENTATION",".md","1365","B8E420E21BABB6B4BC872379CAAB63B19E06D75456F94DA9C00BE36212CE5E8B","ELIGIBLE"
"universal-intelligence-architecture\unified-intelligence-substrate\INTELLIGENCE_SUBSTRATE_EVOLUTION_RECORD.md","DOCUMENTATION",".md","873","0445ADF1FCB6D630A883143668BD04698804DDD15BF699842B82DB823157FBDF","ELIGIBLE"
"universal-intelligence-architecture\unified-intelligence-substrate\INTELLIGENCE_SUBSTRATE_STATE_REGISTER.md","DOCUMENTATION",".md","899","103BC19B575B60511FF83EC4FFED521AA829F14087F0839025F072C3928FBE01","ELIGIBLE"
"universal-intelligence-architecture\unified-intelligence-substrate\UNIFIED_INTELLIGENCE_SUBSTRATE.md","DOCUMENTATION",".md","1121","601D639D04D065FCA7B0E533DB743988DA38B4AE4F476311F351EB75020B1ACC","ELIGIBLE"
"universal-intelligence-architecture\universal-intelligence-operating-layer\INTELLIGENCE_OPERATING_EVOLUTION_RECORD.md","DOCUMENTATION",".md","909","55918CCE7E1F4EB09E87598BBE7FCFDB73BAAE4BDDC0D40A01EB80739EA392B7","ELIGIBLE"
"universal-intelligence-architecture\universal-intelligence-operating-layer\INTELLIGENCE_OPERATING_STATE_REGISTER.md","DOCUMENTATION",".md","944","25A95B139532FA61323775F57B645B7C4C1E0AE6811F53BB26E3B870DD16B25E","ELIGIBLE"
"universal-intelligence-architecture\universal-intelligence-operating-layer\UNIVERSAL_INTELLIGENCE_OPERATING_LAYER.md","DOCUMENTATION",".md","1166","83DF89F6B3272804609B209F38326DE7F4FCA1BCE30AC736FC091D854E525893","ELIGIBLE"
"universal-knowledge-architecture\adaptive-knowledge-synthesis\ADAPTIVE_KNOWLEDGE_SYNTHESIS.md","DOCUMENTATION",".md","1084","F4216A021C20F2AC98FC0F32BD86C5FD8480977E029AA463F09E05C5B99FE706","ELIGIBLE"
"universal-knowledge-architecture\adaptive-knowledge-synthesis\KNOWLEDGE_SYNTHESIS_EVOLUTION_RECORD.md","DOCUMENTATION",".md","840","BE20DF0F622F2DE1299612930ABD8FA0E3D3868C1A152AB15C08D13EDAD35AA6","ELIGIBLE"
"universal-knowledge-architecture\adaptive-knowledge-synthesis\KNOWLEDGE_SYNTHESIS_STATE_REGISTER.md","DOCUMENTATION",".md","909","44D855B2A7B4AF65CF9017258D04CB41FB98B1F9EE3A7F3C4D23D8971F7931F6","ELIGIBLE"
"universal-knowledge-architecture\final-consolidation\COMPLETE_UNIVERSAL_KNOWLEDGE_REFERENCE_STATE.md","DOCUMENTATION",".md","932","5E54F58404159C8479D1F681ACD11E69F025D2AC3328BCC95494FE10E1901958","ELIGIBLE"
"universal-knowledge-architecture\final-consolidation\UNIVERSAL_KNOWLEDGE_COMPLETION_RECORD.md","DOCUMENTATION",".md","970","35F8DD246CA7F7190B1C7B560737F2FAE36B73E2BD61DB8DC7A2DD1BC94E10AB","ELIGIBLE"
"universal-knowledge-architecture\final-consolidation\UNIVERSAL_KNOWLEDGE_VALIDATION_REPORT.md","DOCUMENTATION",".md","873","D13F33CBF7A897DEAE45C9970DD9A4A499D52B2AA44A80A484D6580BF452402C","ELIGIBLE"
"universal-knowledge-architecture\knowledge-substrate-integration\KNOWLEDGE_SUBSTRATE_EVOLUTION_RECORD.md","DOCUMENTATION",".md","840","23B1AE95D39C154B9641B1092D484185275791BB45B3291AF13B320601098B31","ELIGIBLE"
"universal-knowledge-architecture\knowledge-substrate-integration\KNOWLEDGE_SUBSTRATE_INTEGRATION.md","DOCUMENTATION",".md","1104","EB9A92268539FEE9E6F03B57E86534FA888C344070E900721917B23A8A384E2B","ELIGIBLE"
"universal-knowledge-architecture\knowledge-substrate-integration\KNOWLEDGE_SUBSTRATE_STATE_REGISTER.md","DOCUMENTATION",".md","909","952D6B6C4FDC259DE7D8B0CD976C5AF42177362024270AC07DFB03394EF1612B","ELIGIBLE"
"universal-knowledge-architecture\universal-knowledge-graph-architecture\KNOWLEDGE_GRAPH_EVOLUTION_RECORD.md","DOCUMENTATION",".md","807","C2D439263581FDB264ED5A0F380D16E7320B4A773E3441A89ED4FB40EFDF5C12","ELIGIBLE"
"universal-knowledge-architecture\universal-knowledge-graph-architecture\KNOWLEDGE_GRAPH_STATE_REGISTER.md","DOCUMENTATION",".md","877","721B829B5F482F79267DF40EA72D5864E51F7FE9E84AC1EEFD4F4629F6F6E976","ELIGIBLE"
"universal-knowledge-architecture\universal-knowledge-graph-architecture\UNIVERSAL_KNOWLEDGE_GRAPH_ARCHITECTURE.md","DOCUMENTATION",".md","1020","9AFED69652755D4732538166CED5D2943D0C5BF2FE114388302333EF431652FC","ELIGIBLE"
"universal-knowledge-architecture\universal-knowledge-operating-layer\KNOWLEDGE_OPERATING_EVOLUTION_RECORD.md","DOCUMENTATION",".md","876","DEF1BC0C84ED66091C09FCE1A5581F2C5485F63B916C08FE228F095EFAEDAA6D","ELIGIBLE"
"universal-knowledge-architecture\universal-knowledge-operating-layer\KNOWLEDGE_OPERATING_STATE_REGISTER.md","DOCUMENTATION",".md","913","B3D9982E143C15E0A5112B537D1643887FC5943A5A01381DDABE078D6E81FEF9","ELIGIBLE"
"universal-knowledge-architecture\universal-knowledge-operating-layer\UNIVERSAL_KNOWLEDGE_OPERATING_LAYER.md","DOCUMENTATION",".md","1103","7A79E482F77C3805072B4DC838E27B98DFDE110BEA4E7949C68D7511B1B2101F","ELIGIBLE"
"universal-operating-architecture\adaptive-operating-intelligence\ADAPTIVE_OPERATING_INTELLIGENCE.md","DOCUMENTATION",".md","1104","5DC87B081B4A21ED8CFFBA5DCE082583683CC19FAE4476DB781240CE54C55A4B","ELIGIBLE"
"universal-operating-architecture\adaptive-operating-intelligence\OPERATING_INTELLIGENCE_EVOLUTION_RECORD.md","DOCUMENTATION",".md","873","BF6422ED71E0EB4B43C8625A19581B5073DC40A7868088B1453223C205DD8051","ELIGIBLE"
"universal-operating-architecture\adaptive-operating-intelligence\OPERATING_INTELLIGENCE_REGISTER.md","DOCUMENTATION",".md","925","BB05AFACB370AD2D5A39EBC9AF40EC8CAC1B52DCE7FC67054B3A04256F23F8BA","ELIGIBLE"
"universal-operating-architecture\cross-system-operational-integration\CROSS_SYSTEM_OPERATIONAL_INTEGRATION.md","DOCUMENTATION",".md","1037","A00D78D350EBFBC99F053072511FB9AEE9A0D32BCC8BCD39CA89FA23F684CB77","ELIGIBLE"
"universal-operating-architecture\cross-system-operational-integration\OPERATIONAL_INTEGRATION_EVOLUTION_RECORD.md","DOCUMENTATION",".md","847","774A26CE24BD340BF5D38FEDE7FF30B14F8582FC7C85AF2020D5F8A1192A9EDE","ELIGIBLE"
"universal-operating-architecture\cross-system-operational-integration\OPERATIONAL_INTEGRATION_STATE_REGISTER.md","DOCUMENTATION",".md","890","D66ABB3DFAA6C8CEAECDB2E272772E812A28C8D0770A6331462E51F5F3165E44","ELIGIBLE"
"universal-operating-architecture\final-consolidation\COMPLETE_UNIVERSAL_OPERATING_REFERENCE_STATE.md","DOCUMENTATION",".md","933","DEE8C28EE5699784AC2AC0181D5E01E55ED90059618F6A6B158D8184E0190E44","ELIGIBLE"
"universal-operating-architecture\final-consolidation\UNIVERSAL_OPERATING_COMPLETION_RECORD.md","DOCUMENTATION",".md","940","49A846DC2171BE65684DCAAEFE35685911821810CF2FCAF01BD6DDC43F5F6363","ELIGIBLE"
"universal-operating-architecture\final-consolidation\UNIVERSAL_OPERATING_VALIDATION_REPORT.md","DOCUMENTATION",".md","874","907335BC8FD891E2E616940C237B0784AA7ED5ACA1AC8FC129368F097D8BB557","ELIGIBLE"
"universal-operating-architecture\unified-operating-model\OPERATING_MODEL_EVOLUTION_RECORD.md","DOCUMENTATION",".md","805","44E28C412FA2F02E6847B07E3B0C150E0EF92A4A85579D31B4474B1A1066F963","ELIGIBLE"
"universal-operating-architecture\unified-operating-model\OPERATING_MODEL_STATE_REGISTER.md","DOCUMENTATION",".md","878","EB87CF63C6FE1FF44623E8A3C766F087D8C39CCFB18987EB52EE28E036EF52A4","ELIGIBLE"
"universal-operating-architecture\unified-operating-model\UNIFIED_OPERATING_MODEL.md","DOCUMENTATION",".md","1010","042BB4B6FAD25D71E3E322C7087898A83B29D20B6F8ECD10E140931857A452AC","ELIGIBLE"
"universal-operating-architecture\universal-operating-environment\ENVIRONMENT_EVOLUTION_RECORD.md","DOCUMENTATION",".md","826","857205B5DD5275AEA4B8917EAD9F9E72DD05B1AB34BEC14DC12DF472076748DC","ELIGIBLE"
"universal-operating-architecture\universal-operating-environment\ENVIRONMENT_STATE_REGISTER.md","DOCUMENTATION",".md","870","969117C6F21AA23D574B021048BBF706E270556DBDE86C899F403A4632B1F2DD","ELIGIBLE"
"universal-operating-architecture\universal-operating-environment\UNIVERSAL_OPERATING_ENVIRONMENT.md","DOCUMENTATION",".md","1067","8BE08867DCC2E53437D1DE8C3A0EA1C2B45EE62EBA7B0F7FB2CFEF81460D29C9","ELIGIBLE"
"universal-reference-architecture\complete-architecture-ontology-integration\COMPLETE_ARCHITECTURE_ONTOLOGY_INTEGRATION.md","DOCUMENTATION",".md","1347","1290764AAD3D72C0ED56ED12EF937C0FD0699486513D7B5FF19264AFFE26339C","ELIGIBLE"
"universal-reference-architecture\complete-architecture-ontology-integration\ONTOLOGY_INTEGRATION_EVOLUTION_RECORD.md","DOCUMENTATION",".md","998","E6196B7D2B3DEE89CEA80640D2C2CA0B95E57C29690DE9D82EB41D1074B6A82B","ELIGIBLE"
"universal-reference-architecture\complete-architecture-ontology-integration\ONTOLOGY_INTEGRATION_STATE_REGISTER.md","DOCUMENTATION",".md","968","C557C398CFB5ABEB858FC7728CE0424AD35A63DC3E6DD90382E9B3045857CC36","ELIGIBLE"
"universal-reference-architecture\final-consolidation\COMPLETE_UNIVERSAL_REFERENCE_ARCHITECTURE_STATE.md","DOCUMENTATION",".md","998","A3C6CD963A3D10434D77C26537D8AF8224D332876133E646E4A8F6890D830900","ELIGIBLE"
"universal-reference-architecture\final-consolidation\UNIVERSAL_REFERENCE_ARCHITECTURE_COMPLETION_RECORD.md","DOCUMENTATION",".md","1089","556BA99B8385BB335078221C4D43B9698354154F3343319478D7D131DD726956","ELIGIBLE"
"universal-reference-architecture\final-consolidation\UNIVERSAL_REFERENCE_ARCHITECTURE_VALIDATION_REPORT.md","DOCUMENTATION",".md","1050","1F6F896F5E4A4CC52AD277E5BBBAA8628294F02468737047618BFC53A19CB7FD","ELIGIBLE"
"universal-reference-architecture\global-architecture-knowledge-graph\GLOBAL_ARCHITECTURE_KNOWLEDGE_GRAPH.md","DOCUMENTATION",".md","1207","4CA9ACEB87B40482EACFE5C85B7BCDC4BCE179B6DCD7AB93EEA4BB31EDEAC10C","ELIGIBLE"
"universal-reference-architecture\global-architecture-knowledge-graph\KNOWLEDGE_GRAPH_EVOLUTION_RECORD.md","DOCUMENTATION",".md","993","7532F5D7AA862B5A2FC8255D478BF4DC04AF2668C4A9B20A154FD9E5FA075066","ELIGIBLE"
"universal-reference-architecture\global-architecture-knowledge-graph\KNOWLEDGE_GRAPH_STATE_REGISTER.md","DOCUMENTATION",".md","936","502783ABDA87A063138A3261CC9AB33CF14482179317C3DF04431F158C2F6E12","ELIGIBLE"
"universal-reference-architecture\unified-orynth-reference-civilization-model\CIVILIZATION_MODEL_EVOLUTION_RECORD.md","DOCUMENTATION",".md","1025","416C81B1CFC0BB7A8B76BB6627C81EBB47760FEAB2CCF13C0FC4ED81F77F9F04","ELIGIBLE"
"universal-reference-architecture\unified-orynth-reference-civilization-model\CIVILIZATION_MODEL_STATE_REGISTER.md","DOCUMENTATION",".md","1025","BE008BA3C31C2B70581C10A39BB3C18A1B334D9012EB25CCBC8353ABEEB69F6F","ELIGIBLE"
"universal-reference-architecture\unified-orynth-reference-civilization-model\UNIFIED_ORYNTH_REFERENCE_CIVILIZATION_MODEL.md","DOCUMENTATION",".md","1459","0FFC09E2C8B9CEBD949B0753B59E1FAA8AC503BD4435A38074B24953D2714567","ELIGIBLE"
"universal-reference-architecture\universal-reference-model-harmonization\REFERENCE_MODEL_EVOLUTION_RECORD.md","DOCUMENTATION",".md","973","C9DC4A5BA685A96FBF062338521F3DD6A892A448B7273357C45D420389F780A4","ELIGIBLE"
"universal-reference-architecture\universal-reference-model-harmonization\REFERENCE_MODEL_STATE_REGISTER.md","DOCUMENTATION",".md","970","72550723BF133077E85A01FC4678660FCBBE8BEC6AA4FE4E3A519B2AE406877B","ELIGIBLE"
"universal-reference-architecture\universal-reference-model-harmonization\UNIVERSAL_REFERENCE_MODEL_HARMONIZATION.md","DOCUMENTATION",".md","1275","8D69D6E7CA27574E88EAAEC168754B3F340D0677144FB08C0D485C1AB171A4E7","ELIGIBLE"
"volumes\VOLUME_III_NAVIGATION\DEPENDENCY_GRAPH.md","DOCUMENTATION",".md","0","E3B0C44298FC1C149AFBF4C8996FB92427AE41E4649B934CA495991B7852B855","ELIGIBLE"
"volumes\VOLUME_III_NAVIGATION\FRAMEWORK_MAP.md","DOCUMENTATION",".md","0","E3B0C44298FC1C149AFBF4C8996FB92427AE41E4649B934CA495991B7852B855","ELIGIBLE"
"volumes\VOLUME_III_NAVIGATION\LEARNING_PATH.md","DOCUMENTATION",".md","0","E3B0C44298FC1C149AFBF4C8996FB92427AE41E4649B934CA495991B7852B855","ELIGIBLE"
"volumes\VOLUME_III_NAVIGATION\NAVIGATION.md","DOCUMENTATION",".md","11101","18001AD402FD746222C2F2366864CFC7C5F12082E11A468C043CED8386D02EE7","ELIGIBLE"
"volumes\VOLUME_III_NAVIGATION\README.md","DOCUMENTATION",".md","816","A6060C785084111E5506B95E9D6894054DDABE3440F25FB720FD8A9E638D6C6F","ELIGIBLE"
"volumes\VOLUME_III_NAVIGATION\RESEARCH_ORDER.md","DOCUMENTATION",".md","0","E3B0C44298FC1C149AFBF4C8996FB92427AE41E4649B934CA495991B7852B855","ELIGIBLE"
"volumes\VOLUME_II_ONTOLOGY\ONTOLOGY.md","DOCUMENTATION",".md","10114","58A515FD7924791CF631319FCD8E1E09BF95C6606BD947560F145E789F88E9B6","ELIGIBLE"
"volumes\VOLUME_II_ONTOLOGY\README.md","DOCUMENTATION",".md","709","786CBCD2AE48AB6294C17F871239E1C2826FB45CEA7FE12B34C24D87E476DC63","ELIGIBLE"
"volumes\VOLUME_II_ONTOLOGY\RELATIONSHIPS.md","DOCUMENTATION",".md","0","E3B0C44298FC1C149AFBF4C8996FB92427AE41E4649B934CA495991B7852B855","ELIGIBLE"
"volumes\VOLUME_II_ONTOLOGY\TAXONOMY.md","DOCUMENTATION",".md","0","E3B0C44298FC1C149AFBF4C8996FB92427AE41E4649B934CA495991B7852B855","ELIGIBLE"
"volumes\VOLUME_II_ONTOLOGY\TERMINOLOGY.md","DOCUMENTATION",".md","0","E3B0C44298FC1C149AFBF4C8996FB92427AE41E4649B934CA495991B7852B855","ELIGIBLE"
"volumes\VOLUME_II_ONTOLOGY\VARIABLES.md","DOCUMENTATION",".md","0","E3B0C44298FC1C149AFBF4C8996FB92427AE41E4649B934CA495991B7852B855","ELIGIBLE"
"volumes\VOLUME_IV_INTERPRETATION\CANONICAL_MEANINGS.md","DOCUMENTATION",".md","0","E3B0C44298FC1C149AFBF4C8996FB92427AE41E4649B934CA495991B7852B855","ELIGIBLE"
"volumes\VOLUME_IV_INTERPRETATION\INTERPRETATION.md","DOCUMENTATION",".md","12253","2208B40E104B6ABE8F459E8BFBE52E3F7876C3EDE7B26FDB80984C5E1DC29408","ELIGIBLE"
"volumes\VOLUME_IV_INTERPRETATION\MISINTERPRETATIONS.md","DOCUMENTATION",".md","0","E3B0C44298FC1C149AFBF4C8996FB92427AE41E4649B934CA495991B7852B855","ELIGIBLE"
"volumes\VOLUME_IV_INTERPRETATION\README.md","DOCUMENTATION",".md","980","135DF2B57B203579FE8B7ABDAB6338C9D4AB3E4A64F3DD7F83A14C5B469A310F","ELIGIBLE"
"volumes\VOLUME_IV_INTERPRETATION\SEMANTIC_BOUNDARIES.md","DOCUMENTATION",".md","0","E3B0C44298FC1C149AFBF4C8996FB92427AE41E4649B934CA495991B7852B855","ELIGIBLE"
"volumes\VOLUME_I_FOUNDATION\CANONICAL_PARTICIPATION_MODEL.md","DOCUMENTATION",".md","12904","AF4BCB70EC80DA32EB945A712E76A999A4975F0693C0CE6A442BC54734A5F311","ELIGIBLE"
"volumes\VOLUME_I_FOUNDATION\CONSTITUTION.md","DOCUMENTATION",".md","0","E3B0C44298FC1C149AFBF4C8996FB92427AE41E4649B934CA495991B7852B855","ELIGIBLE"
"volumes\VOLUME_I_FOUNDATION\FORMAL_MORNING_STAR_THEORY.md","DOCUMENTATION",".md","15236","9251A698A62FC379E6D7CAD6B8DB052A744416A4D765A48758B7E0A657849871","ELIGIBLE"
"volumes\VOLUME_I_FOUNDATION\FOUNDATION.md","DOCUMENTATION",".md","6268","17CF97621E01B3CB2E5CA4E46E6ABBB29D5B57C855F4F53E3191D42B93ACCA09","ELIGIBLE"
"volumes\VOLUME_I_FOUNDATION\INITIATION_MATHEMATICS.md","DOCUMENTATION",".md","8191","974A4DEEC67193EC9BB9BF604F1A15ADC52D402EC540DE2782189EBB5ECABDA9","ELIGIBLE"
"volumes\VOLUME_I_FOUNDATION\OBSERVER_ONTOLOGY.md","DOCUMENTATION",".md","8855","3FB6D2594F368C530F9CE1377B529B00465F28A7A20E458404525ED5EEBF9C28","ELIGIBLE"
"volumes\VOLUME_I_FOUNDATION\PHILOSOPHY.md","DOCUMENTATION",".md","0","E3B0C44298FC1C149AFBF4C8996FB92427AE41E4649B934CA495991B7852B855","ELIGIBLE"
"volumes\VOLUME_I_FOUNDATION\PURPOSE.md","DOCUMENTATION",".md","0","E3B0C44298FC1C149AFBF4C8996FB92427AE41E4649B934CA495991B7852B855","ELIGIBLE"
"volumes\VOLUME_I_FOUNDATION\SEMANTIC_CONVERGENCE.md","DOCUMENTATION",".md","9595","B05385CC9E19144791B4C17303D5929C0C654312508ADDA49C031F2D91AEF0F1","ELIGIBLE"
"volumes\VOLUME_I_FOUNDATION\THEOREM_REGISTRY.md","DOCUMENTATION",".md","12699","6A572EC0AA89D78D5A78F759219A0647D00F31236243F810BC057827963A1948","ELIGIBLE"
"volumes\VOLUME_V_INITIATION\CASE_STUDIES.md","DOCUMENTATION",".md","0","E3B0C44298FC1C149AFBF4C8996FB92427AE41E4649B934CA495991B7852B855","ELIGIBLE"
"volumes\VOLUME_V_INITIATION\EXERCISES.md","DOCUMENTATION",".md","0","E3B0C44298FC1C149AFBF4C8996FB92427AE41E4649B934CA495991B7852B855","ELIGIBLE"
"volumes\VOLUME_V_INITIATION\FIRST_EXECUTION.md","DOCUMENTATION",".md","0","E3B0C44298FC1C149AFBF4C8996FB92427AE41E4649B934CA495991B7852B855","ELIGIBLE"
"volumes\VOLUME_V_INITIATION\INITIATION.md","DOCUMENTATION",".md","13995","142656A42512DA5FCE6DD9F53D2874EA95CBA53BDCB7AB615B3932592CB438FD","ELIGIBLE"
"volumes\VOLUME_V_INITIATION\README.md","DOCUMENTATION",".md","858","9DDA4C33CCBA0258A5663DDC3603E88F15C1C5C016DF9AD927B5CA7A4494322F","ELIGIBLE"
