"RelativePath","FullPath","FileSizeBytes","ImportStatus","ImportError","RowCount","ColumnCount","Columns","HasTheoremID","HasFieldName","HasEntryAuthority","HasSourceFile","HasCsvRow","HasRecordIdentity","HasProposedValue","HasSourceReference","HasReviewStatus","HasCaseID","HasDependencyID","HasEvidenceID","HasAssessmentID","ControlledIDRows","CaseIDRows","GovernedCaseDesignRows","GovernedDependencyRows","PendingReviewRows","ApprovedRows","BlankProposedValueRows","SHA256"
"volumes/VOLUME_I_FOUNDATION/verification/readiness/MS-T1_T2_FIELD_AUTHORITY_REGISTER.csv","C:\Users\18177\morning-star\volumes\VOLUME_I_FOUNDATION\verification\readiness\MS-T1_T2_FIELD_AUTHORITY_REGISTER.csv","14941","PASS","","76","9","TheoremID | FileName | CollectionClass | Sequence | FieldName | IdentityField | EntryAuthority | Instruction | Required","True","True","True","False","False","False","False","False","False","False","False","False","False","25","5","14","6","0","0","0","0A8AC9C3E9A3EBD8F00C059E0DA97B92ED0734472AF7FE5094B16A8160F05E19"
"volumes/VOLUME_I_FOUNDATION/verification/readiness/MS-T1_T2_PREEXECUTION_COMPLETION/PREEXECUTION_COMPLETION_WORKLIST.csv","C:\Users\18177\morning-star\volumes\VOLUME_I_FOUNDATION\verification\readiness\MS-T1_T2_PREEXECUTION_COMPLETION\PREEXECUTION_COMPLETION_WORKLIST.csv","8944","PASS","","42","16","TheoremID | FileName | CsvRow | RecordIdentity | FieldName | EntryAuthority | CurrentValue | ProposedValue | SourceReference | CompletedBy | CompletedAt | ReviewStatus | Reviewer | ReviewDate | Notes | Instruction","True","True","True","False","True","True","True","True","True","False","False","False","False","22","3","15","5","0","0","42","8E0835782EFCC4226420374D793A95811289A0C3E2EB1ADD7F73BDFB99B485FF"
"volumes/VOLUME_I_FOUNDATION/verification/readiness/MS-T1_T2_MISSING_VALUE_WORKLIST.csv","C:\Users\18177\morning-star\volumes\VOLUME_I_FOUNDATION\verification\readiness\MS-T1_T2_MISSING_VALUE_WORKLIST.csv","14149","PASS","","73","8","TheoremID | FileName | CsvRow | RecordIdentity | MissingField | EntryAuthority | Instruction | CompletionStatus","True","False","True","False","True","True","False","False","False","False","False","False","False","22","0","15","5","0","0","0","B3A496D94C95DF9F1C8341E0C53AF5B0BDAEB18F60B0E212994451725BE91E26"
"volumes/VOLUME_I_FOUNDATION/verification/execution/MS-T2_CONTROLLED_EXECUTION/00_COLLECTION_PACKET/PROPAGATION_EVENTS.FIELD_GUIDE.csv","C:\Users\18177\morning-star\volumes\VOLUME_I_FOUNDATION\verification\execution\MS-T2_CONTROLLED_EXECUTION\00_COLLECTION_PACKET\PROPAGATION_EVENTS.FIELD_GUIDE.csv","2529","PASS","","12","9","TheoremID | FileName | CollectionClass | Sequence | FieldName | IdentityField | EntryAuthority | Instruction | Required","True","True","True","False","False","False","False","False","False","False","False","False","False","5","1","0","0","0","0","0","BC7E0B265E442F0889D1A450C8DFE7FE4D743FCE259A5C18ACCC0CBD21ECEE69"
"volumes/VOLUME_I_FOUNDATION/verification/readiness/MS-T1_T2_PREEXECUTION_COMPLETION/completion_forms/MS-T2/MS-T2_PROPAGATION_EVENTS_ROW-2_UNASSIGNED-ROW-2.csv","C:\Users\18177\morning-star\volumes\VOLUME_I_FOUNDATION\verification\readiness\MS-T1_T2_PREEXECUTION_COMPLETION\completion_forms\MS-T2\MS-T2_PROPAGATION_EVENTS_ROW-2_UNASSIGNED-ROW-2.csv","1244","PASS","","5","15","TheoremID | SourceFile | CsvRow | RecordIdentity | FieldName | EntryAuthority | ProposedValue | SourceReference | CompletedBy | CompletedAt | ReviewStatus | Reviewer | ReviewDate | Notes | Instruction","True","True","True","True","True","True","True","True","True","False","False","False","False","5","1","0","0","0","0","5","6F9A853FB81A77722A1488B18FCEF95C3C9C0717651742096A477C1F6ECF9F01"
"volumes/VOLUME_I_FOUNDATION/verification/execution/MS-T2_CONTROLLED_EXECUTION/00_COLLECTION_PACKET/PROPAGATION_EVENTS.MISSING_VALUES.csv","C:\Users\18177\morning-star\volumes\VOLUME_I_FOUNDATION\verification\execution\MS-T2_CONTROLLED_EXECUTION\00_COLLECTION_PACKET\PROPAGATION_EVENTS.MISSING_VALUES.csv","2483","PASS","","12","8","TheoremID | FileName | CsvRow | RecordIdentity | MissingField | EntryAuthority | Instruction | CompletionStatus","True","False","True","False","True","True","False","False","False","False","False","False","False","5","0","0","0","0","0","0","9A765EA2B0BF9477A50FAA90FB75275B3FCC27E562839ECAE90CACD6BA47BF60"
"volumes/VOLUME_I_FOUNDATION/verification/execution/MS-T2_CONTROLLED_EXECUTION/00_COLLECTION_PACKET/DOWNSTREAM_ASSESSMENTS.FIELD_GUIDE.csv","C:\Users\18177\morning-star\volumes\VOLUME_I_FOUNDATION\verification\execution\MS-T2_CONTROLLED_EXECUTION\00_COLLECTION_PACKET\DOWNSTREAM_ASSESSMENTS.FIELD_GUIDE.csv","2597","PASS","","12","9","TheoremID | FileName | CollectionClass | Sequence | FieldName | IdentityField | EntryAuthority | Instruction | Required","True","True","True","False","False","False","False","False","False","False","False","False","False","4","1","0","0","0","0","0","BC8D167A2C817F7B1A3369329EB534A442CA6F5D72F2310BB2C336B4AF415E35"
"volumes/VOLUME_I_FOUNDATION/verification/readiness/MS-T1_T2_PREEXECUTION_COMPLETION/completion_forms/MS-T2/MS-T2_DOWNSTREAM_ASSESSMENTS_ROW-2_UNASSIGNED-ROW-2.csv","C:\Users\18177\morning-star\volumes\VOLUME_I_FOUNDATION\verification\readiness\MS-T1_T2_PREEXECUTION_COMPLETION\completion_forms\MS-T2\MS-T2_DOWNSTREAM_ASSESSMENTS_ROW-2_UNASSIGNED-ROW-2.csv","1043","PASS","","4","15","TheoremID | SourceFile | CsvRow | RecordIdentity | FieldName | EntryAuthority | ProposedValue | SourceReference | CompletedBy | CompletedAt | ReviewStatus | Reviewer | ReviewDate | Notes | Instruction","True","True","True","True","True","True","True","True","True","False","False","False","False","4","1","0","0","0","0","4","BE223886284A00FB39025128C901AB08DA8113428B4A01D8C2908E1424763131"
"volumes/VOLUME_I_FOUNDATION/verification/execution/MS-T1_CONTROLLED_EXECUTION/00_COLLECTION_PACKET/SEMANTIC_ASSESSMENTS.FIELD_GUIDE.csv","C:\Users\18177\morning-star\volumes\VOLUME_I_FOUNDATION\verification\execution\MS-T1_CONTROLLED_EXECUTION\00_COLLECTION_PACKET\SEMANTIC_ASSESSMENTS.FIELD_GUIDE.csv","2561","PASS","","12","9","TheoremID | FileName | CollectionClass | Sequence | FieldName | IdentityField | EntryAuthority | Instruction | Required","True","True","True","False","False","False","False","False","False","False","False","False","False","4","0","0","0","0","0","0","2AEB459E363E740F483878EA468B266A8E0C13AA2CEA2129B5ADC5F9696181A6"
"volumes/VOLUME_I_FOUNDATION/verification/execution/MS-T1_CONTROLLED_EXECUTION/00_COLLECTION_PACKET/SEMANTIC_ASSESSMENTS.MISSING_VALUES.csv","C:\Users\18177\morning-star\volumes\VOLUME_I_FOUNDATION\verification\execution\MS-T1_CONTROLLED_EXECUTION\00_COLLECTION_PACKET\SEMANTIC_ASSESSMENTS.MISSING_VALUES.csv","2503","PASS","","12","8","TheoremID | FileName | CsvRow | RecordIdentity | MissingField | EntryAuthority | Instruction | CompletionStatus","True","False","True","False","True","True","False","False","False","False","False","False","False","4","0","0","0","0","0","0","26E2BFCBAC22582DA116550043C2B86EDAF9EDDE44AD70F5E4248A655773385D"
"volumes/VOLUME_I_FOUNDATION/verification/execution/MS-T2_CONTROLLED_EXECUTION/00_COLLECTION_PACKET/DOWNSTREAM_ASSESSMENTS.MISSING_VALUES.csv","C:\Users\18177\morning-star\volumes\VOLUME_I_FOUNDATION\verification\execution\MS-T2_CONTROLLED_EXECUTION\00_COLLECTION_PACKET\DOWNSTREAM_ASSESSMENTS.MISSING_VALUES.csv","2515","PASS","","12","8","TheoremID | FileName | CsvRow | RecordIdentity | MissingField | EntryAuthority | Instruction | CompletionStatus","True","False","True","False","True","True","False","False","False","False","False","False","False","4","0","0","0","0","0","0","EFDF479ADBF56913A019108E224BFC4FF4439E7B8297F0EDCA8CE58426578DD9"
"volumes/VOLUME_I_FOUNDATION/verification/readiness/MS-T1_T2_PREEXECUTION_COMPLETION/completion_forms/MS-T1/MS-T1_SEMANTIC_ASSESSMENTS_ROW-2_UNASSIGNED-ROW-2.csv","C:\Users\18177\morning-star\volumes\VOLUME_I_FOUNDATION\verification\readiness\MS-T1_T2_PREEXECUTION_COMPLETION\completion_forms\MS-T1\MS-T1_SEMANTIC_ASSESSMENTS_ROW-2_UNASSIGNED-ROW-2.csv","1041","PASS","","4","15","TheoremID | SourceFile | CsvRow | RecordIdentity | FieldName | EntryAuthority | ProposedValue | SourceReference | CompletedBy | CompletedAt | ReviewStatus | Reviewer | ReviewDate | Notes | Instruction","True","True","True","True","True","True","True","True","True","False","False","False","False","4","0","0","0","0","0","4","9D46E2BC965E5705A12C73D79DD790135F649C738BB7EB2078935D8977D28517"
"volumes/VOLUME_I_FOUNDATION/verification/execution/MS-T1_CONTROLLED_EXECUTION/00_COLLECTION_PACKET/OBSERVER_RESPONSES.FIELD_GUIDE.csv","C:\Users\18177\morning-star\volumes\VOLUME_I_FOUNDATION\verification\execution\MS-T1_CONTROLLED_EXECUTION\00_COLLECTION_PACKET\OBSERVER_RESPONSES.FIELD_GUIDE.csv","2365","PASS","","11","9","TheoremID | FileName | CollectionClass | Sequence | FieldName | IdentityField | EntryAuthority | Instruction | Required","True","True","True","False","False","False","False","False","False","False","False","False","False","3","1","0","0","0","0","0","A047E651FEB1600C86E109EBC029406F0460D010F907858EE9D7D13C70A2CBB4"
"volumes/VOLUME_I_FOUNDATION/verification/execution/MS-T1_CONTROLLED_EXECUTION/00_COLLECTION_PACKET/TRIAL_CASES.FIELD_GUIDE.csv","C:\Users\18177\morning-star\volumes\VOLUME_I_FOUNDATION\verification\execution\MS-T1_CONTROLLED_EXECUTION\00_COLLECTION_PACKET\TRIAL_CASES.FIELD_GUIDE.csv","1911","PASS","","10","9","TheoremID | FileName | CollectionClass | Sequence | FieldName | IdentityField | EntryAuthority | Instruction | Required","True","True","True","False","False","False","False","False","False","False","False","False","False","3","1","7","0","0","0","0","F92CA792F385A98CDA6C7DDDF836BC46E71AE585737F590F76CBC506DB360E09"
"volumes/VOLUME_I_FOUNDATION/verification/execution/MS-T2_CONTROLLED_EXECUTION/00_COLLECTION_PACKET/TRIAL_CASES.FIELD_GUIDE.csv","C:\Users\18177\morning-star\volumes\VOLUME_I_FOUNDATION\verification\execution\MS-T2_CONTROLLED_EXECUTION\00_COLLECTION_PACKET\TRIAL_CASES.FIELD_GUIDE.csv","1855","PASS","","10","9","TheoremID | FileName | CollectionClass | Sequence | FieldName | IdentityField | EntryAuthority | Instruction | Required","True","True","True","False","False","False","False","False","False","False","False","False","False","3","1","7","0","0","0","0","0927066CF8A7131698C90E2AF8B33B14881EB1F14DDAD4797F173413CA2D63A8"
"volumes/VOLUME_I_FOUNDATION/verification/readiness/MS-T1_T2_PREEXECUTION_COMPLETION/completion_forms/MS-T1/MS-T1_OBSERVER_RESPONSES_ROW-2_UNASSIGNED-ROW-2.csv","C:\Users\18177\morning-star\volumes\VOLUME_I_FOUNDATION\verification\readiness\MS-T1_T2_PREEXECUTION_COMPLETION\completion_forms\MS-T1\MS-T1_OBSERVER_RESPONSES_ROW-2_UNASSIGNED-ROW-2.csv","1114","PASS","","3","15","TheoremID | SourceFile | CsvRow | RecordIdentity | FieldName | EntryAuthority | ProposedValue | SourceReference | CompletedBy | CompletedAt | ReviewStatus | Reviewer | ReviewDate | Notes | Instruction","True","True","True","True","True","True","True","True","True","False","False","False","False","3","1","0","0","1","0","2","CD641BC1C988E62E07CDD6A2E22875CBD9E9DCE7B58C6E4AA7FD263B16459DB7"
"volumes/VOLUME_I_FOUNDATION/verification/execution/MS-T1_CONTROLLED_EXECUTION/00_COLLECTION_PACKET/OBSERVER_RESPONSES.MISSING_VALUES.csv","C:\Users\18177\morning-star\volumes\VOLUME_I_FOUNDATION\verification\execution\MS-T1_CONTROLLED_EXECUTION\00_COLLECTION_PACKET\OBSERVER_RESPONSES.MISSING_VALUES.csv","2323","PASS","","11","8","TheoremID | FileName | CsvRow | RecordIdentity | MissingField | EntryAuthority | Instruction | CompletionStatus","True","False","True","False","True","True","False","False","False","False","False","False","False","3","0","0","0","0","0","0","8B20F0D63F6CC84281E4D4D46ACE79A236A938F709B4527F87BA20BEEDD70475"
"volumes/VOLUME_I_FOUNDATION/verification/execution/MS-T2_CONTROLLED_EXECUTION/00_COLLECTION_PACKET/DEPENDENCY_CHAINS.FIELD_GUIDE.csv","C:\Users\18177\morning-star\volumes\VOLUME_I_FOUNDATION\verification\execution\MS-T2_CONTROLLED_EXECUTION\00_COLLECTION_PACKET\DEPENDENCY_CHAINS.FIELD_GUIDE.csv","1879","PASS","","9","9","TheoremID | FileName | CollectionClass | Sequence | FieldName | IdentityField | EntryAuthority | Instruction | Required","True","True","True","False","False","False","False","False","False","False","False","False","False","3","0","0","6","0","0","0","DF6B095FB8086FBD095FFCB75EDD5F0906B392B7E134F9506BAF940AA76AFCAF"
"volumes/VOLUME_I_FOUNDATION/verification/execution/MS-T1_CONTROLLED_EXECUTION/00_COLLECTION_PACKET/TRIAL_CASES.MISSING_VALUES.csv","C:\Users\18177\morning-star\volumes\VOLUME_I_FOUNDATION\verification\execution\MS-T1_CONTROLLED_EXECUTION\00_COLLECTION_PACKET\TRIAL_CASES.MISSING_VALUES.csv","1533","PASS","","8","8","TheoremID | FileName | CsvRow | RecordIdentity | MissingField | EntryAuthority | Instruction | CompletionStatus","True","False","True","False","True","True","False","False","False","False","False","False","False","2","0","6","0","0","0","0","00BB848FBC6231B019E29631CB6F2DEA3814766E427C053CD06A28114C8DBD02"
"volumes/VOLUME_I_FOUNDATION/verification/execution/MS-T2_CONTROLLED_EXECUTION/00_COLLECTION_PACKET/DEPENDENCY_CHAINS.MISSING_VALUES.csv","C:\Users\18177\morning-star\volumes\VOLUME_I_FOUNDATION\verification\execution\MS-T2_CONTROLLED_EXECUTION\00_COLLECTION_PACKET\DEPENDENCY_CHAINS.MISSING_VALUES.csv","1482","PASS","","7","8","TheoremID | FileName | CsvRow | RecordIdentity | MissingField | EntryAuthority | Instruction | CompletionStatus","True","False","True","False","True","True","False","False","False","False","False","False","False","2","0","0","5","0","0","0","0713659EDADF6FF96392F909D42D3EB273378AAFE519051B9927D0B00754E1EC"
"volumes/VOLUME_I_FOUNDATION/verification/execution/MS-T2_CONTROLLED_EXECUTION/00_COLLECTION_PACKET/TRIAL_CASES.MISSING_VALUES.csv","C:\Users\18177\morning-star\volumes\VOLUME_I_FOUNDATION\verification\execution\MS-T2_CONTROLLED_EXECUTION\00_COLLECTION_PACKET\TRIAL_CASES.MISSING_VALUES.csv","2018","PASS","","11","8","TheoremID | FileName | CsvRow | RecordIdentity | MissingField | EntryAuthority | Instruction | CompletionStatus","True","False","True","False","True","True","False","False","False","False","False","False","False","2","0","9","0","0","0","0","D9EE8E297D9DAD12D47C9BB10CEB9DB45C6887584FE69844FA1745931B1DB980"
"volumes/VOLUME_I_FOUNDATION/verification/readiness/MS-T1_T2_PREEXECUTION_COMPLETION/completion_forms/MS-T1/MS-T1_TRIAL_CASES_ROW-2_MS-T1-CASE-001.csv","C:\Users\18177\morning-star\volumes\VOLUME_I_FOUNDATION\verification\readiness\MS-T1_T2_PREEXECUTION_COMPLETION\completion_forms\MS-T1\MS-T1_TRIAL_CASES_ROW-2_MS-T1-CASE-001.csv","1806","PASS","","8","15","TheoremID | SourceFile | CsvRow | RecordIdentity | FieldName | EntryAuthority | ProposedValue | SourceReference | CompletedBy | CompletedAt | ReviewStatus | Reviewer | ReviewDate | Notes | Instruction","True","True","True","True","True","True","True","True","True","False","False","False","False","2","0","6","0","0","0","8","0F0216C23A4A35B15C3A8B66099729013E149C73FB61E40D7BC087FB5E79F3A4"
"volumes/VOLUME_I_FOUNDATION/verification/readiness/MS-T1_T2_PREEXECUTION_COMPLETION/completion_forms/MS-T2/MS-T2_DEPENDENCY_CHAINS_ROW-2_MS-T2-CHAIN-001.csv","C:\Users\18177\morning-star\volumes\VOLUME_I_FOUNDATION\verification\readiness\MS-T1_T2_PREEXECUTION_COMPLETION\completion_forms\MS-T2\MS-T2_DEPENDENCY_CHAINS_ROW-2_MS-T2-CHAIN-001.csv","1732","PASS","","7","15","TheoremID | SourceFile | CsvRow | RecordIdentity | FieldName | EntryAuthority | ProposedValue | SourceReference | CompletedBy | CompletedAt | ReviewStatus | Reviewer | ReviewDate | Notes | Instruction","True","True","True","True","True","True","True","True","True","False","False","False","False","2","0","0","5","0","0","7","BA198831A5550A6867811FAF37A3B9BC19B3DD014D7BD1CB7E00ED6454031843"
"volumes/VOLUME_I_FOUNDATION/verification/readiness/MS-T1_T2_PREEXECUTION_COMPLETION/completion_forms/MS-T2/MS-T2_TRIAL_CASES_ROW-2_MS-T2-CASE-001-A.csv","C:\Users\18177\morning-star\volumes\VOLUME_I_FOUNDATION\verification\readiness\MS-T1_T2_PREEXECUTION_COMPLETION\completion_forms\MS-T2\MS-T2_TRIAL_CASES_ROW-2_MS-T2-CASE-001-A.csv","1186","PASS","","5","15","TheoremID | SourceFile | CsvRow | RecordIdentity | FieldName | EntryAuthority | ProposedValue | SourceReference | CompletedBy | CompletedAt | ReviewStatus | Reviewer | ReviewDate | Notes | Instruction","True","True","True","True","True","True","True","True","True","False","False","False","False","1","0","4","0","0","0","5","015795320E8418CCEB52DF26BA49BD0ECB9A2B679E76007B362B76747DB1A0DA"
"volumes/VOLUME_I_FOUNDATION/verification/readiness/MS-T1_T2_PREEXECUTION_COMPLETION/completion_forms/MS-T2/MS-T2_TRIAL_CASES_ROW-3_MS-T2-CASE-001-B.csv","C:\Users\18177\morning-star\volumes\VOLUME_I_FOUNDATION\verification\readiness\MS-T1_T2_PREEXECUTION_COMPLETION\completion_forms\MS-T2\MS-T2_TRIAL_CASES_ROW-3_MS-T2-CASE-001-B.csv","1381","PASS","","6","15","TheoremID | SourceFile | CsvRow | RecordIdentity | FieldName | EntryAuthority | ProposedValue | SourceReference | CompletedBy | CompletedAt | ReviewStatus | Reviewer | ReviewDate | Notes | Instruction","True","True","True","True","True","True","True","True","True","False","False","False","False","1","0","5","0","0","0","6","C7AFDE70D14248E0939D0AD03843D32392AC9A76879151FB671F8EE615F2A286"
"volumes/VOLUME_I_FOUNDATION/verification/readiness/MS-T1_T2_PREEXECUTION_COMPLETION/PREEXECUTION_VALIDATION_REGISTER.csv","C:\Users\18177\morning-star\volumes\VOLUME_I_FOUNDATION\verification\readiness\MS-T1_T2_PREEXECUTION_COMPLETION\PREEXECUTION_VALIDATION_REGISTER.csv","9831","PASS","","42","8","TheoremID | SourceFile | CsvRow | RecordIdentity | FieldName | Validation | GateStatus | Detail","True","True","False","True","True","True","False","False","False","False","False","False","False","0","3","0","0","0","0","0","B401010D3E635BA69FDF3CC46620E8304ADA994F9D3D1F34529AD2FA50A185A0"
"volumes/VOLUME_I_FOUNDATION/verification/readiness/CONTROLLED_ID_AUTHORITY/CONTROLLED_ID_ISSUANCE_REGISTER.csv","C:\Users\18177\morning-star\volumes\VOLUME_I_FOUNDATION\verification\readiness\CONTROLLED_ID_AUTHORITY\CONTROLLED_ID_ISSUANCE_REGISTER.csv","516","PASS","","1","17","IssuanceID | IdentifierType | IssuedIdentifier | TheoremID | SourceFile | CsvRow | RecordIdentity | FieldName | IssuingAuthority | IssuedBy | IssuedAt | IssuanceStatus | PreviousIdentity | Supersedes | RevokedAt | RevocationReason | Notes","True","True","False","True","True","True","False","False","False","False","False","False","False","0","1","0","0","0","0","0","92B5F730EDC5B1A11D6AD2082904CC779097B7912959E0F9B37BC080A557E41B"
"constitution/registries/AUTHORITY_OWNERSHIP_MAP.csv","C:\Users\18177\morning-star\constitution\registries\AUTHORITY_OWNERSHIP_MAP.csv","2308","PASS","","15","6","ResponsibilityID | Responsibility | CanonicalOwner | MorningStarRelationship | BoundaryRule | Status","False","False","False","False","False","False","False","False","False","False","False","False","False","0","0","0","0","0","0","0","3899B420FD118ECC78D1AF0C615576D5751466DAEA5F1E3482D4EF4F428B2740"
"constitution/registries/DEPENDENCY_GRAPH.csv","C:\Users\18177\morning-star\constitution\registries\DEPENDENCY_GRAPH.csv","1905","PASS","","12","7","DependencyID | SourceObject | RequiredObject | DependencyType | SatisfactionCondition | UnresolvedBehavior | Status","False","False","False","False","False","False","False","False","False","False","True","False","False","0","0","0","0","0","0","0","45317B60E01E08D694313AB941AEEE402F3C89DB53DA34FF2ACA6F0BCDD4CC4F"
"constitution/registries/INVARIANT_REGISTRY.csv","C:\Users\18177\morning-star\constitution\registries\INVARIANT_REGISTRY.csv","1749","PASS","","12","6","InvariantID | InvariantName | Requirement | ViolationResult | OwningArtifact | Status","False","False","False","False","False","False","False","False","False","False","False","False","False","0","0","0","0","0","0","0","75AD4654BAD6C0F3883960586356AB88473D37689F5C3E0696288B1084666CC4"
"constitution/registries/PROHIBITED_CONFLATION_REGISTER.csv","C:\Users\18177\morning-star\constitution\registries\PROHIBITED_CONFLATION_REGISTER.csv","1691","PASS","","10","6","ConflationID | ObjectA | ObjectB | ConstitutionalRisk | RequiredDistinction | Status","False","False","False","False","False","False","False","False","False","False","False","False","False","0","0","0","0","0","0","0","D56829D09BD1597606C9F400A0B834D11C613C2EFABC8AE146C574FFDE5AA3B6"
"constitution/registries/ROLE_REGISTRY.csv","C:\Users\18177\morning-star\constitution\registries\ROLE_REGISTRY.csv","1255","PASS","","7","7","RoleID | RoleName | MinimumSemanticState | AuthorityScope | AdmissionBasis | ProhibitedAuthority | Status","False","False","False","False","False","False","False","False","False","False","False","False","False","0","0","0","0","0","0","0","FE7DF374C38BB2E1A162E356452E337744795432C9F7A01F6E5EF77BC465F0FF"
"constitution/registries/STATE_REGISTRY.csv","C:\Users\18177\morning-star\constitution\registries\STATE_REGISTRY.csv","1986","PASS","","13","7","StateID | StateName | StateFamily | EntryCondition | ExitCondition | Terminal | Status","False","False","False","False","False","False","False","False","False","False","False","False","False","0","0","0","0","0","0","0","D5F7CEF137AC2B5A114C06F9616458785E0B90FE5921FADBEC508453990504EA"
"constitution/registries/TERMINOLOGY_REGISTRY.csv","C:\Users\18177\morning-star\constitution\registries\TERMINOLOGY_REGISTRY.csv","3289","PASS","","17","6","TermID | CanonicalTerm | Definition | OwningArtifact | Status | ProhibitedConflation","False","False","False","False","False","False","False","False","False","False","False","False","False","0","0","0","0","0","0","0","40827A735A975064456CD5452DA409C69E139ED395DA07D0CF8AAD01CC858888"
"governance/CONSTITUTIONAL_INVARIANT_REGISTRY.csv","C:\Users\18177\morning-star\governance\CONSTITUTIONAL_INVARIANT_REGISTRY.csv","2132","PASS","","15","6","InvariantID | InvariantName | GoverningVolume | Description | ViolationResult | Status","False","False","False","False","False","False","False","False","False","False","False","False","False","0","0","0","0","0","0","0","AD2124CF34F539104C3C83340BC0B065F9CFE8801AEA6A1BD5B35683789E5E5A"
"governance/STATE_TRANSITION_REGISTRY.csv","C:\Users\18177\morning-star\governance\STATE_TRANSITION_REGISTRY.csv","1633","PASS","","17","7","TransitionID | FromState | ToState | GoverningVolume | RequiredCondition | FailureState | Status","False","False","False","False","False","False","False","False","False","False","False","False","False","0","0","0","0","0","0","0","A6D2A329F952C88718B51BFED84D4059633A4D9D7EE729CEACD12A89DDB1FA15"
"orynth-reference-architecture/enterprise-evaluation/assessment/CASE_STUDY_FRAMEWORK.csv","C:\Users\18177\morning-star\orynth-reference-architecture\enterprise-evaluation\assessment\CASE_STUDY_FRAMEWORK.csv","458","PASS","","5","3","Section | Purpose | Status","False","False","False","False","False","False","False","False","False","False","False","False","False","0","0","0","0","0","0","0","89989728DFE5CA732B1F99D45EE5D534108FF666B9947CAE830605C1C52BA3BD"
"orynth-reference-architecture/enterprise-evaluation/assessment/COMMERCIAL_MATERIALS_PACKAGE.csv","C:\Users\18177\morning-star\orynth-reference-architecture\enterprise-evaluation\assessment\COMMERCIAL_MATERIALS_PACKAGE.csv","473","PASS","","4","4","Document | Purpose | Audience | Status","False","False","False","False","False","False","False","False","False","False","False","False","False","0","0","0","0","0","0","0","C71A104385BA865DFF2180F8F748E8D9418CDD570D98D4B3C28E6D74875FFB36"
"orynth-reference-architecture/enterprise-evaluation/assessment/ENGAGEMENT_MODEL.csv","C:\Users\18177\morning-star\orynth-reference-architecture\enterprise-evaluation\assessment\ENGAGEMENT_MODEL.csv","324","PASS","","4","3","Stage | Purpose | Model","False","False","False","False","False","False","False","False","False","False","False","False","False","0","0","0","0","0","0","0","C5A2F2ABD1D0D469A51228F60369942C40AABDFB2B62EA5F778ACA6F80EBD9A8"
"orynth-reference-architecture/enterprise-evaluation/assessment/ENTERPRISE_ADOPTION_PATH.csv","C:\Users\18177\morning-star\orynth-reference-architecture\enterprise-evaluation\assessment\ENTERPRISE_ADOPTION_PATH.csv","234","PASS","","6","2","Stage | Status","False","False","False","False","False","False","False","False","False","False","False","False","False","0","0","0","0","0","0","0","3492B8B71F24E5ECC4EE63B6E3E86996795DAE729059B3C82C64BF367D009073"
"orynth-reference-architecture/enterprise-evaluation/assessment/ENTERPRISE_CONTRACT_PATH.csv","C:\Users\18177\morning-star\orynth-reference-architecture\enterprise-evaluation\assessment\ENTERPRISE_CONTRACT_PATH.csv","295","PASS","","4","3","Stage | Purpose | ContractType","False","False","False","False","False","False","False","False","False","False","False","False","False","0","0","0","0","0","0","0","BCA46691E666BED9440DEA55724932B8E581C50E357D884B27B8F216247011DF"
"orynth-reference-architecture/enterprise-evaluation/assessment/ENTERPRISE_DEPLOYMENT_CAPABILITY_RECORD.csv","C:\Users\18177\morning-star\orynth-reference-architecture\enterprise-evaluation\assessment\ENTERPRISE_DEPLOYMENT_CAPABILITY_RECORD.csv","427","PASS","","1","7","Capability | Foundation | DeploymentScope | CoreFunctions | DeploymentModel | Status | Timestamp","False","False","False","False","False","False","False","False","False","False","False","False","False","0","0","0","0","0","0","0","FAE938B300E3A563CAEFDCA8CF6B6044CE73330A9002674DBCE95E7B5F808CDC"
"orynth-reference-architecture/enterprise-evaluation/assessment/ENTERPRISE_MATURITY_FRAMEWORK.csv","C:\Users\18177\morning-star\orynth-reference-architecture\enterprise-evaluation\assessment\ENTERPRISE_MATURITY_FRAMEWORK.csv","684","PASS","","5","4","Level | Objective | Capability | Status","False","False","False","False","False","False","False","False","False","False","False","False","False","0","0","0","0","0","0","0","EFA41111F7728AD4D0CE8191228142F7AF292B23AD6D62A9AEFAE716B93A92BA"
"orynth-reference-architecture/enterprise-evaluation/assessment/ENTERPRISE_OFFERING_ARCHITECTURE.csv","C:\Users\18177\morning-star\orynth-reference-architecture\enterprise-evaluation\assessment\ENTERPRISE_OFFERING_ARCHITECTURE.csv","511","PASS","","4","3","OfferingLayer | Purpose | Delivery","False","False","False","False","False","False","False","False","False","False","False","False","False","0","0","0","0","0","0","0","14AF433008AD891D52BF9E4A9FE91BA5C178EF3B6D88F01948654A8DCEAED834"
"orynth-reference-architecture/enterprise-evaluation/assessment/ENTERPRISE_OUTREACH_SEQUENCE.csv","C:\Users\18177\morning-star\orynth-reference-architecture\enterprise-evaluation\assessment\ENTERPRISE_OUTREACH_SEQUENCE.csv","338","PASS","","5","2","Step | Action","False","False","False","False","False","False","False","False","False","False","False","False","False","0","0","0","0","0","0","0","8383691164EA45CC9CA95FB0ACCD8C56C37F60046AC0F2593A3115BA15407627"
"orynth-reference-architecture/enterprise-evaluation/assessment/ENTERPRISE_PROPOSAL_TEMPLATE.csv","C:\Users\18177\morning-star\orynth-reference-architecture\enterprise-evaluation\assessment\ENTERPRISE_PROPOSAL_TEMPLATE.csv","394","PASS","","10","2","Section | Status","False","False","False","False","False","False","False","False","False","False","False","False","False","0","0","0","0","0","0","0","7BAB95EF828E6010AC2982FD176DD825180A75BF71F9E4C65EC8039502B71E0B"
"orynth-reference-architecture/enterprise-evaluation/assessment/ENTERPRISE_REFERENCE_PACKAGE.csv","C:\Users\18177\morning-star\orynth-reference-architecture\enterprise-evaluation\assessment\ENTERPRISE_REFERENCE_PACKAGE.csv","319","PASS","","5","2","PackageComponent | Purpose","False","False","False","False","False","False","False","False","False","False","False","False","False","0","0","0","0","0","0","0","BDA1927C56DFA7BBA0CDAF948EB0536ED09867DE03FDEB62993BD3C96CFF68AE"
"orynth-reference-architecture/enterprise-evaluation/assessment/ENTERPRISE_SCALE_FRAMEWORK.csv","C:\Users\18177\morning-star\orynth-reference-architecture\enterprise-evaluation\assessment\ENTERPRISE_SCALE_FRAMEWORK.csv","605","PASS","","5","4","Stage | Objective | Outcome | Status","False","False","False","False","False","False","False","False","False","False","False","False","False","0","0","0","0","0","0","0","AAE870042A7C4CCDA968766BB38E0F414CFFAC21EE040E9DF1719BA1C62E40C7"
"orynth-reference-architecture/enterprise-evaluation/assessment/FIRST_CUSTOMER_ACQUISITION_STRATEGY.csv","C:\Users\18177\morning-star\orynth-reference-architecture\enterprise-evaluation\assessment\FIRST_CUSTOMER_ACQUISITION_STRATEGY.csv","416","PASS","","4","3","Segment | Reason | EntryPoint","False","False","False","False","False","False","False","False","False","False","False","False","False","0","0","0","0","0","0","0","099CCA1CD2D3F046451ECAD6BDA862E0F3F6C3D91405FAAF14024611B5FB496C"
"orynth-reference-architecture/enterprise-evaluation/assessment/FIRST_DEPLOYMENT_OPPORTUNITY_REGISTRY.csv","C:\Users\18177\morning-star\orynth-reference-architecture\enterprise-evaluation\assessment\FIRST_DEPLOYMENT_OPPORTUNITY_REGISTRY.csv","243","PASS","","3","3","Domain | InitialUseCase | Readiness","False","False","False","False","False","False","False","False","False","False","False","False","False","0","0","0","0","0","0","0","BD93E5F149EAE6001A68B2FD991283B794F3702906D8023BE74AC8D03AEDEAB3"
"orynth-reference-architecture/enterprise-evaluation/assessment/GLOBAL_ADOPTION_MONITORING_FRAMEWORK.csv","C:\Users\18177\morning-star\orynth-reference-architecture\enterprise-evaluation\assessment\GLOBAL_ADOPTION_MONITORING_FRAMEWORK.csv","330","PASS","","4","3","Metric | Purpose | Source","False","False","False","False","False","False","False","False","False","False","False","False","False","0","0","0","0","0","0","0","C2C553E6DB2724CA76B377AB8D379356BE674353C097E791527B3F89A7A9D04B"
"orynth-reference-architecture/enterprise-evaluation/assessment/GLOBAL_AI_ASSURANCE_INFRASTRUCTURE.csv","C:\Users\18177\morning-star\orynth-reference-architecture\enterprise-evaluation\assessment\GLOBAL_AI_ASSURANCE_INFRASTRUCTURE.csv","274","PASS","","4","2","Layer | Function","False","False","False","False","False","False","False","False","False","False","False","False","False","0","0","0","0","0","0","0","515770B5FED4339A4CA555B4C4AD5962EFCBCA107EE57DD902D9F635B08577EC"
"orynth-reference-architecture/enterprise-evaluation/assessment/GLOBAL_AI_ASSURANCE_LAYER_MODEL.csv","C:\Users\18177\morning-star\orynth-reference-architecture\enterprise-evaluation\assessment\GLOBAL_AI_ASSURANCE_LAYER_MODEL.csv","314","PASS","","4","2","Layer | Function","False","False","False","False","False","False","False","False","False","False","False","False","False","0","0","0","0","0","0","0","897009CA63BDFF29FBE0DB789B4973BE9E0837C29CEE1C9A31A5605D9550625F"
"orynth-reference-architecture/enterprise-evaluation/assessment/INDUSTRY_STANDARD_POSITION.csv","C:\Users\18177\morning-star\orynth-reference-architecture\enterprise-evaluation\assessment\INDUSTRY_STANDARD_POSITION.csv","275","PASS","","4","2","Stage | Meaning","False","False","False","False","False","False","False","False","False","False","False","False","False","0","0","0","0","0","0","0","2ECC5981772EA19AD0B6BC2A11E2BAA92BC959D604C96444D2196713FB2E7D39"
"orynth-reference-architecture/enterprise-evaluation/assessment/INDUSTRY_VERTICAL_ADOPTION.csv","C:\Users\18177\morning-star\orynth-reference-architecture\enterprise-evaluation\assessment\INDUSTRY_VERTICAL_ADOPTION.csv","365","PASS","","4","3","Vertical | Adaptation | CorePreserved","False","False","False","False","False","False","False","False","False","False","False","False","False","0","0","0","0","0","0","0","7D15DFFF40C5AD9C524CA4F708A848ED1807942D80D432DDF3AD52B7B56F6DB2"
"orynth-reference-architecture/enterprise-evaluation/assessment/INTERNATIONAL_DEPLOYMENT_FRAMEWORK.csv","C:\Users\18177\morning-star\orynth-reference-architecture\enterprise-evaluation\assessment\INTERNATIONAL_DEPLOYMENT_FRAMEWORK.csv","265","PASS","","4","2","Layer | Purpose","False","False","False","False","False","False","False","False","False","False","False","False","False","0","0","0","0","0","0","0","950AF98409B3CBAAB8F22722E9978313C668892101571B71E25D00473E87AE4C"
"orynth-reference-architecture/enterprise-evaluation/assessment/PERFORMANCE_MEASUREMENT_MODEL.csv","C:\Users\18177\morning-star\orynth-reference-architecture\enterprise-evaluation\assessment\PERFORMANCE_MEASUREMENT_MODEL.csv","374","PASS","","4","3","Metric | Measurement | Category","False","False","False","False","False","False","False","False","False","False","False","False","False","0","0","0","0","0","0","0","64B4687BF400F445EA46A4094945FDF9124E51858D19C40D8BA3C0189D1113FA"
"orynth-reference-architecture/enterprise-evaluation/assessment/PERFORMANCE_REVIEW_FRAMEWORK.csv","C:\Users\18177\morning-star\orynth-reference-architecture\enterprise-evaluation\assessment\PERFORMANCE_REVIEW_FRAMEWORK.csv","356","PASS","","4","3","ReviewArea | Question | Frequency","False","False","False","False","False","False","False","False","False","False","False","False","False","0","0","0","0","0","0","0","BE356FACB0D38F99315B63F721CCA59F85694289FE50EBE7F8F764F398223788"
"orynth-reference-architecture/enterprise-evaluation/assessment/REFERENCE_CUSTOMER_MODEL.csv","C:\Users\18177\morning-star\orynth-reference-architecture\enterprise-evaluation\assessment\REFERENCE_CUSTOMER_MODEL.csv","256","PASS","","4","2","Component | Purpose","False","False","False","False","False","False","False","False","False","False","False","False","False","0","0","0","0","0","0","0","AB2B0C26E6052C33535DAFF94A576767B6CA9FEAE39CDE8D470B38B4628BC61F"
"orynth-reference-architecture/enterprise-evaluation/assessment/RELATIONSHIP_DEVELOPMENT_PROCESS.csv","C:\Users\18177\morning-star\orynth-reference-architecture\enterprise-evaluation\assessment\RELATIONSHIP_DEVELOPMENT_PROCESS.csv","319","PASS","","5","2","Stage | Objective","False","False","False","False","False","False","False","False","False","False","False","False","False","0","0","0","0","0","0","0","5FC450B22B4C7F59D863F500540B38B0FF29103055CCDB7FFA81FDBD2E1ABD8E"
"orynth-reference-architecture/enterprise-evaluation/assessment/SERVICES_FRAMEWORK.csv","C:\Users\18177\morning-star\orynth-reference-architecture\enterprise-evaluation\assessment\SERVICES_FRAMEWORK.csv","417","PASS","","4","3","Service | Purpose | Delivery","False","False","False","False","False","False","False","False","False","False","False","False","False","0","0","0","0","0","0","0","939D70793BF1693903BA146F7B6EDAEA28FB4C6791E9C1B22A826244C226E1D0"
"orynth-reference-architecture/enterprise-evaluation/assessment/STRATEGIC_INFRASTRUCTURE_POSITION.csv","C:\Users\18177\morning-star\orynth-reference-architecture\enterprise-evaluation\assessment\STRATEGIC_INFRASTRUCTURE_POSITION.csv","266","PASS","","4","2","Layer | Relationship","False","False","False","False","False","False","False","False","False","False","False","False","False","0","0","0","0","0","0","0","320326B2B41EE9B776D05E572E35084DFEB2FF41D349BAB1713C50C1CE009250"
"orynth-reference-architecture/enterprise-evaluation/assessment/TARGET_IDENTIFICATION_FRAMEWORK.csv","C:\Users\18177\morning-star\orynth-reference-architecture\enterprise-evaluation\assessment\TARGET_IDENTIFICATION_FRAMEWORK.csv","641","PASS","","4","4","TargetSegment | AIUse | PainPoint | EntryPoint","False","False","False","False","False","False","False","False","False","False","False","False","False","0","0","0","0","0","0","0","E0D3FEE12FB9839E2DF37485B6F61E2AF2FC30A24522535F7539BBD6ED5869F6"
"orynth-reference-architecture/enterprise-evaluation/assessment/TECHNICAL_CONVERSATION_FRAMEWORK.csv","C:\Users\18177\morning-star\orynth-reference-architecture\enterprise-evaluation\assessment\TECHNICAL_CONVERSATION_FRAMEWORK.csv","459","PASS","","6","2","Question | Purpose","False","False","False","False","False","False","False","False","False","False","False","False","False","0","0","0","0","0","0","0","7CA0A5EA034906E01EB49B74BD89F043641B8DEED2D3E603CA664F271235F665"
"orynth-reference-architecture/enterprise-evaluation/EVALUATION_CHECKLIST.csv","C:\Users\18177\morning-star\orynth-reference-architecture\enterprise-evaluation\EVALUATION_CHECKLIST.csv","357","PASS","","8","2","Requirement | Status","False","False","False","False","False","False","False","False","False","False","False","False","False","0","0","0","0","0","0","0","410F6A1769BE850D0D15F86E516513E5C4816FE1878F517C603ADD748AC781DF"
"orynth-reference-architecture/enterprise-evaluation/governance/ACTIVE_REFERENCE_STATE_OPERATIONS.csv","C:\Users\18177\morning-star\orynth-reference-architecture\enterprise-evaluation\governance\ACTIVE_REFERENCE_STATE_OPERATIONS.csv","325","PASS","","4","3","Function | Purpose | Status","False","False","False","False","False","False","False","False","False","False","False","False","False","0","0","0","0","0","0","0","CBFB3BFD705076EA3C13046DD7CB875A98BDFEC5BE91519B11B0293A03BA7371"
"orynth-reference-architecture/enterprise-evaluation/governance/AMENDMENT_DASHBOARD.csv","C:\Users\18177\morning-star\orynth-reference-architecture\enterprise-evaluation\governance\AMENDMENT_DASHBOARD.csv","105","PASS","","5","2","Status | Count","False","False","False","False","False","False","False","False","False","False","False","False","False","0","0","0","0","0","0","0","F02E32B1749356036EC7687F7420AB021876F15E33A7821B150A74A8F4D13087"
"orynth-reference-architecture/enterprise-evaluation/governance/AMENDMENT_PROCESSING_SYSTEM.csv","C:\Users\18177\morning-star\orynth-reference-architecture\enterprise-evaluation\governance\AMENDMENT_PROCESSING_SYSTEM.csv","282","PASS","","5","2","Stage | Purpose","False","False","False","False","False","False","False","False","False","False","False","False","False","0","0","0","0","0","0","0","667940131A27B82E40A1BD73DB731C53BD2514A119838F8F95B68A0F951AA2A1"
"orynth-reference-architecture/enterprise-evaluation/governance/AMENDMENT_SIMULATION_RECORD.csv","C:\Users\18177\morning-star\orynth-reference-architecture\enterprise-evaluation\governance\AMENDMENT_SIMULATION_RECORD.csv","169","PASS","","6","2","Stage | Result","False","False","False","False","False","False","False","False","False","False","False","False","False","0","0","0","0","0","0","0","D3A11786DF7C8A151FF15A7657BB4D8B838A67B319E5A1A2B8DBB2C8C9A1C598"
"orynth-reference-architecture/enterprise-evaluation/governance/ANNUAL_ARCHITECTURE_REVIEW_FRAMEWORK.csv","C:\Users\18177\morning-star\orynth-reference-architecture\enterprise-evaluation\governance\ANNUAL_ARCHITECTURE_REVIEW_FRAMEWORK.csv","266","PASS","","4","2","ReviewArea | Purpose","False","False","False","False","False","False","False","False","False","False","False","False","False","0","0","0","0","0","0","0","09C686D9405E8245515F7C8AD0141C6E62E557EA9AA5311FE76D2075385F12E7"
"orynth-reference-architecture/enterprise-evaluation/governance/AUTOMATED_COLLECTION_FRAMEWORK.csv","C:\Users\18177\morning-star\orynth-reference-architecture\enterprise-evaluation\governance\AUTOMATED_COLLECTION_FRAMEWORK.csv","284","PASS","","4","3","Process | Action | Status","False","False","False","False","False","False","False","False","False","False","False","False","False","0","0","0","0","0","0","0","19B87B0E75549D2C651CD01BCFBD2D8AAFAE4FA8231722C18F2EC34FA4C56511"
"orynth-reference-architecture/enterprise-evaluation/governance/AUTOMATED_DASHBOARD_OPERATING_MODEL.csv","C:\Users\18177\morning-star\orynth-reference-architecture\enterprise-evaluation\governance\AUTOMATED_DASHBOARD_OPERATING_MODEL.csv","435","PASS","","4","4","Component | Function | Source | Status","False","False","False","False","False","False","False","False","False","False","False","False","False","0","0","0","0","0","0","0","CDBB4042C075342D92B6E8345FA2B32BA00632CC033A84120F5CD1CABBB7BFA2"
"orynth-reference-architecture/enterprise-evaluation/governance/AUTOMATION_VALIDATION_RECORD.csv","C:\Users\18177\morning-star\orynth-reference-architecture\enterprise-evaluation\governance\AUTOMATION_VALIDATION_RECORD.csv","303","PASS","","4","3","Test | Requirement | Result","False","False","False","False","False","False","False","False","False","False","False","False","False","0","0","0","0","0","0","0","D45E2C22B9B9E6B3DD310A4EA56F0D915DCD1C14469D1E09336E29A431206D5F"
"orynth-reference-architecture/enterprise-evaluation/governance/CERTIFICATION_VALIDATION_MODEL.csv","C:\Users\18177\morning-star\orynth-reference-architecture\enterprise-evaluation\governance\CERTIFICATION_VALIDATION_MODEL.csv","335","PASS","","4","3","Stage | Purpose | Output","False","False","False","False","False","False","False","False","False","False","False","False","False","0","0","0","0","0","0","0","40FEE21E5EF93DCCD44D8F34527F221CF49D803846A29F8D25AF54CE09E0E5D4"
"orynth-reference-architecture/enterprise-evaluation/governance/CONFORMANCE_MODEL.csv","C:\Users\18177\morning-star\orynth-reference-architecture\enterprise-evaluation\governance\CONFORMANCE_MODEL.csv","378","PASS","","4","3","Requirement | Validation | Category","False","False","False","False","False","False","False","False","False","False","False","False","False","0","0","0","0","0","0","0","D80B85B6F78BBF4EB2B927D431E8D68096A9C6E9B4D31400C56FC7098B8D2893"
"orynth-reference-architecture/enterprise-evaluation/governance/CONFORMANCE_TESTING_FRAMEWORK.csv","C:\Users\18177\morning-star\orynth-reference-architecture\enterprise-evaluation\governance\CONFORMANCE_TESTING_FRAMEWORK.csv","464","PASS","","4","4","TestArea | Requirement | Evidence | Status","False","False","False","False","False","False","False","False","False","False","False","False","False","0","0","0","0","0","0","0","268AA026093269B02EC944EA6BF35CC5B60D7CC53C4B150262364070DB0A3BC6"
"orynth-reference-architecture/enterprise-evaluation/governance/CONTINUOUS_REFERENCE_STATE_MAINTENANCE.csv","C:\Users\18177\morning-star\orynth-reference-architecture\enterprise-evaluation\governance\CONTINUOUS_REFERENCE_STATE_MAINTENANCE.csv","237","PASS","","5","2","Cycle | Function","False","False","False","False","False","False","False","False","False","False","False","False","False","0","0","0","0","0","0","0","7F56F936474311EF3F697DEF78F89030B58BF68269CDBC0FC5EB3B3287ACBD54"
"orynth-reference-architecture/enterprise-evaluation/governance/CONTROLLED_AMENDMENT_LIFECYCLE.csv","C:\Users\18177\morning-star\orynth-reference-architecture\enterprise-evaluation\governance\CONTROLLED_AMENDMENT_LIFECYCLE.csv","307","PASS","","6","2","Stage | Purpose","False","False","False","False","False","False","False","False","False","False","False","False","False","0","0","0","0","0","0","0","2AF91E2598534DCA4C9D7EC45C37F517C4F2F46B7583B083BE9E7A8CE1D483AB"
"orynth-reference-architecture/enterprise-evaluation/governance/CONTROLLED_EVOLUTION_PROCESS.csv","C:\Users\18177\morning-star\orynth-reference-architecture\enterprise-evaluation\governance\CONTROLLED_EVOLUTION_PROCESS.csv","302","PASS","","6","2","Stage | Purpose","False","False","False","False","False","False","False","False","False","False","False","False","False","0","0","0","0","0","0","0","10B004E47DE50B512D5C11387CCE840255D3ECC68656A67414ECF3F8B48D66B1"
"orynth-reference-architecture/enterprise-evaluation/governance/DASHBOARD_REFERENCE_STATE.csv","C:\Users\18177\morning-star\orynth-reference-architecture\enterprise-evaluation\governance\DASHBOARD_REFERENCE_STATE.csv","239","PASS","","1","7","Architecture | CurrentState | CurrentVersion | GovernanceStatus | ValidationStatus | AmendmentStatus | Timestamp","False","False","False","False","False","False","False","False","False","False","False","False","False","0","0","0","0","0","0","0","B4BB84CDDF20F14DF9AC344FFC928E408270F5EFF52AA03FBB775E7B8269C53D"
"orynth-reference-architecture/enterprise-evaluation/governance/DASHBOARD_VALIDATION_RECORD.csv","C:\Users\18177\morning-star\orynth-reference-architecture\enterprise-evaluation\governance\DASHBOARD_VALIDATION_RECORD.csv","328","PASS","","4","3","Component | Validation | Result","False","False","False","False","False","False","False","False","False","False","False","False","False","0","0","0","0","0","0","0","92855AE64EC3526ABC32EDA66B3764F33FE7A7FA2705C84A58B2C193FE4EFD34"
"orynth-reference-architecture/enterprise-evaluation/governance/ECOSYSTEM_GOVERNANCE_MODEL.csv","C:\Users\18177\morning-star\orynth-reference-architecture\enterprise-evaluation\governance\ECOSYSTEM_GOVERNANCE_MODEL.csv","251","PASS","","4","2","Area | Purpose","False","False","False","False","False","False","False","False","False","False","False","False","False","0","0","0","0","0","0","0","6B918D8045A9AAD913D912BC602188845286B858939508C8787AB1C54E2E31EA"
"orynth-reference-architecture/enterprise-evaluation/governance/ECOSYSTEM_GOVERNANCE_OPERATION.csv","C:\Users\18177\morning-star\orynth-reference-architecture\enterprise-evaluation\governance\ECOSYSTEM_GOVERNANCE_OPERATION.csv","246","PASS","","4","2","Function | Purpose","False","False","False","False","False","False","False","False","False","False","False","False","False","0","0","0","0","0","0","0","101A4007D177BC765DB5CA338F58E7EA39B2370FA56247FB6CCABFC64E688F26"
"orynth-reference-architecture/enterprise-evaluation/governance/ECOSYSTEM_OPERATIONS_CONTINUITY_MODEL.csv","C:\Users\18177\morning-star\orynth-reference-architecture\enterprise-evaluation\governance\ECOSYSTEM_OPERATIONS_CONTINUITY_MODEL.csv","316","PASS","","4","3","Layer | Purpose | Status","False","False","False","False","False","False","False","False","False","False","False","False","False","0","0","0","0","0","0","0","A1D456199849A430CB67528EB2F44BEB8625A3F4180E6037950B0413E803BE95"
"orynth-reference-architecture/enterprise-evaluation/governance/ECOSYSTEM_PARTICIPATION_FRAMEWORK.csv","C:\Users\18177\morning-star\orynth-reference-architecture\enterprise-evaluation\governance\ECOSYSTEM_PARTICIPATION_FRAMEWORK.csv","278","PASS","","4","3","Participant | Role | Status","False","False","False","False","False","False","False","False","False","False","False","False","False","0","0","0","0","0","0","0","6C7FBA7ACF7953FEEE6B04A58CEA612675EACD968DA7EAC086DEEE39231FDBB2"
"orynth-reference-architecture/enterprise-evaluation/governance/ENTERPRISE_AI_ASSURANCE_LIFECYCLE.csv","C:\Users\18177\morning-star\orynth-reference-architecture\enterprise-evaluation\governance\ENTERPRISE_AI_ASSURANCE_LIFECYCLE.csv","237","PASS","","6","2","LifecycleStage | Status","False","False","False","False","False","False","False","False","False","False","False","False","False","0","0","0","0","0","0","0","2CA99CB47E3A0F4849A7231E4B38D501CC9ED5A070F05CBD3B7F455A2031C9B9"
"orynth-reference-architecture/enterprise-evaluation/governance/ENTERPRISE_AI_GOVERNANCE_OPERATING_MODEL.csv","C:\Users\18177\morning-star\orynth-reference-architecture\enterprise-evaluation\governance\ENTERPRISE_AI_GOVERNANCE_OPERATING_MODEL.csv","278","PASS","","4","2","Function | Purpose","False","False","False","False","False","False","False","False","False","False","False","False","False","0","0","0","0","0","0","0","2C225FDD9B15D2296C4F025DE193AD17EB4B5FDC7FF4B4250BE13242D94522CD"
"orynth-reference-architecture/enterprise-evaluation/governance/ENTERPRISE_AMENDMENT_MANAGEMENT.csv","C:\Users\18177\morning-star\orynth-reference-architecture\enterprise-evaluation\governance\ENTERPRISE_AMENDMENT_MANAGEMENT.csv","299","PASS","","4","3","Stage | Purpose | Status","False","False","False","False","False","False","False","False","False","False","False","False","False","0","0","0","0","0","0","0","ADD2C94C5BFCCAA86E63338C1A1491701EA0D306F408D921DF44F859533CBA2E"
"orynth-reference-architecture/enterprise-evaluation/governance/ENTERPRISE_ECOSYSTEM_MODEL.csv","C:\Users\18177\morning-star\orynth-reference-architecture\enterprise-evaluation\governance\ENTERPRISE_ECOSYSTEM_MODEL.csv","234","PASS","","4","2","Participant | Role","False","False","False","False","False","False","False","False","False","False","False","False","False","0","0","0","0","0","0","0","7FF9FBF3C97A86A3576182FF9FE7F8E3DACECB33197817C9D7AF172BB1AC091E"
"orynth-reference-architecture/enterprise-evaluation/governance/ENTERPRISE_EXPANSION_FRAMEWORK.csv","C:\Users\18177\morning-star\orynth-reference-architecture\enterprise-evaluation\governance\ENTERPRISE_EXPANSION_FRAMEWORK.csv","286","PASS","","4","2","Stage | Goal","False","False","False","False","False","False","False","False","False","False","False","False","False","0","0","0","0","0","0","0","D5151232A22189336B0A9CDD812F22060FAB3D992E80A3E525D0E373F11C024C"
"orynth-reference-architecture/enterprise-evaluation/governance/ENTERPRISE_MONITORING_MODEL.csv","C:\Users\18177\morning-star\orynth-reference-architecture\enterprise-evaluation\governance\ENTERPRISE_MONITORING_MODEL.csv","338","PASS","","4","3","Monitor | Measures | Output","False","False","False","False","False","False","False","False","False","False","False","False","False","0","0","0","0","0","0","0","FACD4FA7487FA2CA00F9C2BD6E4824F459118B32F4778228D19CF205D1F0E9D5"
"orynth-reference-architecture/enterprise-evaluation/governance/ENTERPRISE_OPERATIONAL_PLAYBOOK.csv","C:\Users\18177\morning-star\orynth-reference-architecture\enterprise-evaluation\governance\ENTERPRISE_OPERATIONAL_PLAYBOOK.csv","522","PASS","","7","3","Phase | Action | Output","False","False","False","False","False","False","False","False","False","False","False","False","False","0","0","0","0","0","0","0","865D2310E869A6C400FBC84B3313F5AA130EF2B26AAF047DAB84B30D4203E755"
"orynth-reference-architecture/enterprise-evaluation/governance/FINAL_CONFORMANCE_PACKAGE.csv","C:\Users\18177\morning-star\orynth-reference-architecture\enterprise-evaluation\governance\FINAL_CONFORMANCE_PACKAGE.csv","307","PASS","","4","3","Component | Purpose | Status","False","False","False","False","False","False","False","False","False","False","False","False","False","0","0","0","0","0","0","0","07BC62C938694EF91C9A1C0F9B10013DB785A4B078EC2C523B5720ACF3C82358"
"orynth-reference-architecture/enterprise-evaluation/governance/FINAL_GOVERNANCE_AUDIT.csv","C:\Users\18177\morning-star\orynth-reference-architecture\enterprise-evaluation\governance\FINAL_GOVERNANCE_AUDIT.csv","386","PASS","","5","3","AuditArea | Verification | Status","False","False","False","False","False","False","False","False","False","False","False","False","False","0","0","0","0","0","0","0","965AF33B8C53EFC812F183CBF78B5812455EDEC63EA8F7B4EF4CCEDB59A4CEDB"
"orynth-reference-architecture/enterprise-evaluation/governance/FUTURE_ARCHITECTURE_EVOLUTION_MODEL.csv","C:\Users\18177\morning-star\orynth-reference-architecture\enterprise-evaluation\governance\FUTURE_ARCHITECTURE_EVOLUTION_MODEL.csv","243","PASS","","6","2","EvolutionStage | Governance","False","False","False","False","False","False","False","False","False","False","False","False","False","0","0","0","0","0","0","0","57FC613ABE093F289860C2463F985C036F1F3E79F464723DBFFCCCCCCA7FD478"
"orynth-reference-architecture/enterprise-evaluation/governance/GOVERNANCE_DASHBOARD_SCHEMA.csv","C:\Users\18177\morning-star\orynth-reference-architecture\enterprise-evaluation\governance\GOVERNANCE_DASHBOARD_SCHEMA.csv","458","PASS","","5","3","Metric | Purpose | Source","False","False","False","False","False","False","False","False","False","False","False","False","False","0","0","0","0","0","0","0","8442C4A00685EEC6780117A469C510B6617E4B4A44BB2959EDD9B717079E862A"
"orynth-reference-architecture/enterprise-evaluation/governance/GOVERNANCE_DATA_SOURCE_REGISTRY.csv","C:\Users\18177\morning-star\orynth-reference-architecture\enterprise-evaluation\governance\GOVERNANCE_DATA_SOURCE_REGISTRY.csv","483","PASS","","5","4","Source | Purpose | UpdateMode | Status","False","False","False","False","False","False","False","False","False","False","False","False","False","0","0","0","0","0","0","0","C48BB528F1A121124AD11D74D430B3BC5A752E529591167A97F83E64A9396EE3"
"orynth-reference-architecture/enterprise-evaluation/governance/GOVERNANCE_MONITORING_OPERATIONS.csv","C:\Users\18177\morning-star\orynth-reference-architecture\enterprise-evaluation\governance\GOVERNANCE_MONITORING_OPERATIONS.csv","303","PASS","","4","3","Monitor | Measure | Output","False","False","False","False","False","False","False","False","False","False","False","False","False","0","0","0","0","0","0","0","DC41ADEAF6EE191A3EA0C70D5057AA9572A137EC5258F6D3F6AAE1CBC1FB0B08"
"orynth-reference-architecture/enterprise-evaluation/governance/GOVERNANCE_REPORT_GENERATOR.csv","C:\Users\18177\morning-star\orynth-reference-architecture\enterprise-evaluation\governance\GOVERNANCE_REPORT_GENERATOR.csv","313","PASS","","4","3","Report | Contains | Frequency","False","False","False","False","False","False","False","False","False","False","False","False","False","0","0","0","0","0","0","0","3D74DBF5776D0B8FEAA3D27A9AF659D88F315F7DBF19E93E11334F35BAF392B4"
"orynth-reference-architecture/enterprise-evaluation/governance/GOVERNANCE_REVIEW_WORKFLOW.csv","C:\Users\18177\morning-star\orynth-reference-architecture\enterprise-evaluation\governance\GOVERNANCE_REVIEW_WORKFLOW.csv","316","PASS","","5","3","Stage | Purpose | Status","False","False","False","False","False","False","False","False","False","False","False","False","False","0","0","0","0","0","0","0","A0D862E14F404E8794CC513EADB773283CBCD419DFF372FD5FA434BE4F935C76"
"orynth-reference-architecture/enterprise-evaluation/governance/IMPLEMENTATION_TRACKING_DASHBOARD.csv","C:\Users\18177\morning-star\orynth-reference-architecture\enterprise-evaluation\governance\IMPLEMENTATION_TRACKING_DASHBOARD.csv","215","PASS","","4","3","Status | Meaning | Count","False","False","False","False","False","False","False","False","False","False","False","False","False","0","0","0","0","0","0","0","E9FD10D70BDE46DF9A10EB2E9E241F69C4D01D18EDEBBF65E71261D99E91089E"
"orynth-reference-architecture/enterprise-evaluation/governance/INDEPENDENT_IMPLEMENTATION_REGISTRY.csv","C:\Users\18177\morning-star\orynth-reference-architecture\enterprise-evaluation\governance\INDEPENDENT_IMPLEMENTATION_REGISTRY.csv","280","PASS","","5","2","Field | Purpose","False","False","False","False","False","False","False","False","False","False","False","False","False","0","0","0","0","0","0","0","744DD0C4E25B69150EA4180FEFB01DF650C0F205A16886872FD79F0831150FD0"
"orynth-reference-architecture/enterprise-evaluation/governance/INDUSTRY_STANDARDS_ALIGNMENT.csv","C:\Users\18177\morning-star\orynth-reference-architecture\enterprise-evaluation\governance\INDUSTRY_STANDARDS_ALIGNMENT.csv","517","PASS","","4","4","StandardArea | Purpose | Alignment | Status","False","False","False","False","False","False","False","False","False","False","False","False","False","0","0","0","0","0","0","0","AC09EE13163D1D100AD6FCAF01EE06D7C091F22D92C31A99C2ECCF55BC442D30"
"orynth-reference-architecture/enterprise-evaluation/governance/INFRASTRUCTURE_STATUS_RECORD.csv","C:\Users\18177\morning-star\orynth-reference-architecture\enterprise-evaluation\governance\INFRASTRUCTURE_STATUS_RECORD.csv","277","PASS","","1","9","System | Architecture | Deployment | Standardization | Governance | Monitoring | Evolution | InfrastructureState | Timestamp","False","False","False","False","False","False","False","False","False","False","False","False","False","0","0","0","0","0","0","0","6B21F92F34D317B96C0FFE39F2F8798C368E2617912450CED6297A847A3FFAF1"
"orynth-reference-architecture/enterprise-evaluation/governance/INSTITUTIONAL_PARTNERSHIP_FRAMEWORK.csv","C:\Users\18177\morning-star\orynth-reference-architecture\enterprise-evaluation\governance\INSTITUTIONAL_PARTNERSHIP_FRAMEWORK.csv","326","PASS","","4","3","PartnerCategory | Contribution | Status","False","False","False","False","False","False","False","False","False","False","False","False","False","0","0","0","0","0","0","0","FA1F1330C5EB3D7510CA38D4AAD52BAFC901314D333003BC0EC3732C111A9F5F"
"orynth-reference-architecture/enterprise-evaluation/governance/LIFECYCLE_INTEGRITY_VERIFICATION.csv","C:\Users\18177\morning-star\orynth-reference-architecture\enterprise-evaluation\governance\LIFECYCLE_INTEGRITY_VERIFICATION.csv","345","PASS","","5","3","LifecycleLayer | Verification | Result","False","False","False","False","False","False","False","False","False","False","False","False","False","0","0","0","0","0","0","0","D9B9DC74F49408AC7C1035FF89CF343C89EC9153E94F775CE2C6A82F11B97926"
"orynth-reference-architecture/enterprise-evaluation/governance/MULTI_WORKFLOW_EXPANSION_MODEL.csv","C:\Users\18177\morning-star\orynth-reference-architecture\enterprise-evaluation\governance\MULTI_WORKFLOW_EXPANSION_MODEL.csv","338","PASS","","3","3","Expansion | Example | Governance","False","False","False","False","False","False","False","False","False","False","False","False","False","0","0","0","0","0","0","0","9FD2F1ADE3417878EDCE2818BBA0968DE890C4337BC62C5A3A31CDEB33C04509"
"orynth-reference-architecture/enterprise-evaluation/governance/OPERATIONAL_READINESS_RECORD.csv","C:\Users\18177\morning-star\orynth-reference-architecture\enterprise-evaluation\governance\OPERATIONAL_READINESS_RECORD.csv","301","PASS","","1","9","System | Dashboard | Automation | ReviewCycle | AmendmentProcessing | GovernanceState | ReferenceMaintenance | FinalStatus | Timestamp","False","False","False","False","False","False","False","False","False","False","False","False","False","0","0","0","0","0","0","0","1C7F0927C2424BF33129DA8BE470B70FF25C75704F33B6355DC0D338EDC36297"
"orynth-reference-architecture/enterprise-evaluation/governance/ORYNTH_INFRASTRUCTURE_GOVERNANCE_COMPLETION.csv","C:\Users\18177\morning-star\orynth-reference-architecture\enterprise-evaluation\governance\ORYNTH_INFRASTRUCTURE_GOVERNANCE_COMPLETION.csv","374","PASS","","1","9","System | LongTermInfrastructureModel | FinalGovernanceAudit | LifecycleIntegrityVerification | InfrastructureStatus | PermanentReferenceState | GovernanceMode | FinalStatus | Timestamp","False","False","False","False","False","False","False","False","False","False","False","False","False","0","0","0","0","0","0","0","97FDE34A4EDB3837FA404D967BBAEB631F8F003D4848CF34B85CF0F0E6CC27E0"
"orynth-reference-architecture/enterprise-evaluation/governance/ORYNTH_PERMANENT_REFERENCE_STATE.csv","C:\Users\18177\morning-star\orynth-reference-architecture\enterprise-evaluation\governance\ORYNTH_PERMANENT_REFERENCE_STATE.csv","330","PASS","","1","9","System | State | ArchitectureLifecycle | GovernanceLifecycle | ValidationLifecycle | AmendmentLifecycle | ReferenceMaintenance | FinalCondition | Timestamp","False","False","False","False","False","False","False","False","False","False","False","False","False","0","0","0","0","0","0","0","331F1300F5D47B7A3E3E7E1159BCD90064CF56E9A6B5DF3597BCCEFF883A9026"
"orynth-reference-architecture/enterprise-evaluation/governance/PARTNER_ACCREDITATION_FRAMEWORK.csv","C:\Users\18177\morning-star\orynth-reference-architecture\enterprise-evaluation\governance\PARTNER_ACCREDITATION_FRAMEWORK.csv","360","PASS","","4","3","Level | Requirement | Authority","False","False","False","False","False","False","False","False","False","False","False","False","False","0","0","0","0","0","0","0","1423D0E9356B3D1A5C5FBCB92CDC21D2D96FBBB52E2CB76373D06AFA1906E491"
"orynth-reference-architecture/enterprise-evaluation/governance/PARTNER_ECOSYSTEM_ACTIVATION.csv","C:\Users\18177\morning-star\orynth-reference-architecture\enterprise-evaluation\governance\PARTNER_ECOSYSTEM_ACTIVATION.csv","288","PASS","","4","3","PartnerClass | Function | Status","False","False","False","False","False","False","False","False","False","False","False","False","False","0","0","0","0","0","0","0","46D5F99F5CC9885256C2ABC374F70480671578910924C438F87ECD5BF64129D9"
"orynth-reference-architecture/enterprise-evaluation/governance/PARTNER_ECOSYSTEM_FRAMEWORK.csv","C:\Users\18177\morning-star\orynth-reference-architecture\enterprise-evaluation\governance\PARTNER_ECOSYSTEM_FRAMEWORK.csv","303","PASS","","4","3","PartnerType | Role | Status","False","False","False","False","False","False","False","False","False","False","False","False","False","0","0","0","0","0","0","0","DFA39F37BA47AC77D327B361EEAD203A11EE820742F0466E4660B5447846B8F8"
"orynth-reference-architecture/enterprise-evaluation/governance/PARTNER_NETWORK_FRAMEWORK.csv","C:\Users\18177\morning-star\orynth-reference-architecture\enterprise-evaluation\governance\PARTNER_NETWORK_FRAMEWORK.csv","295","PASS","","4","3","Partner | Function | Relationship","False","False","False","False","False","False","False","False","False","False","False","False","False","0","0","0","0","0","0","0","E4B07A84B541BE54506454F1670AFF4906803DC159B6D728312E91D21713EE51"
"orynth-reference-architecture/enterprise-evaluation/governance/PERIODIC_ECOSYSTEM_REVIEW_CYCLE.csv","C:\Users\18177\morning-star\orynth-reference-architecture\enterprise-evaluation\governance\PERIODIC_ECOSYSTEM_REVIEW_CYCLE.csv","233","PASS","","4","2","Stage | Purpose","False","False","False","False","False","False","False","False","False","False","False","False","False","0","0","0","0","0","0","0","6516E0450FE8D4C737F30EB91C368057BF1427E31CC6DC9D52FEE0E802A823B0"
"orynth-reference-architecture/enterprise-evaluation/governance/PERMANENT_REFERENCE_INFRASTRUCTURE_MODEL.csv","C:\Users\18177\morning-star\orynth-reference-architecture\enterprise-evaluation\governance\PERMANENT_REFERENCE_INFRASTRUCTURE_MODEL.csv","288","PASS","","1","8","System | ArchitectureState | ValidationSystem | GovernanceSystem | EcosystemOperations | InstitutionalLayer | LongTermStatus | Timestamp","False","False","False","False","False","False","False","False","False","False","False","False","False","0","0","0","0","0","0","0","0D0768F1769BDB022BA4D58D24B51E2700AE388E4EA975480B8EFAB785C7D710"
"orynth-reference-architecture/enterprise-evaluation/governance/PRODUCTION_GOVERNANCE_FRAMEWORK.csv","C:\Users\18177\morning-star\orynth-reference-architecture\enterprise-evaluation\governance\PRODUCTION_GOVERNANCE_FRAMEWORK.csv","466","PASS","","4","4","Area | Purpose | Owner | Status","False","False","False","False","False","False","False","False","False","False","False","False","False","0","0","0","0","0","0","0","775B05788A604D2C2003E38556E58C6E5B0B192862F1BB5BCA1AC9C6D1D037C3"
"orynth-reference-architecture/enterprise-evaluation/governance/REFERENCE_STATE_REGISTRY.csv","C:\Users\18177\morning-star\orynth-reference-architecture\enterprise-evaluation\governance\REFERENCE_STATE_REGISTRY.csv","262","PASS","","1","8","Architecture | CurrentVersion | State | Dependencies | Validation | AmendmentProcess | Status | Timestamp","False","False","False","False","False","False","False","False","False","False","False","False","False","0","0","0","0","0","0","0","592DBC26F315D3B640906D3ED2EE457B2F5E26CC5E37CCAC7AC842C226F06EF9"
"orynth-reference-architecture/enterprise-evaluation/governance/RELEASE_HISTORY_DASHBOARD.csv","C:\Users\18177\morning-star\orynth-reference-architecture\enterprise-evaluation\governance\RELEASE_HISTORY_DASHBOARD.csv","116","PASS","","1","4","Version | State | Validation | Publication","False","False","False","False","False","False","False","False","False","False","False","False","False","0","0","0","0","0","0","0","0616E6A6594FA0D2CA7C6FB5B34325C240756B2F87E3FC870BDA2BC7E013DE19"
"orynth-reference-architecture/enterprise-evaluation/governance/REVIEW_CYCLE_TEST_RECORD.csv","C:\Users\18177\morning-star\orynth-reference-architecture\enterprise-evaluation\governance\REVIEW_CYCLE_TEST_RECORD.csv","160","PASS","","5","2","Step | Status","False","False","False","False","False","False","False","False","False","False","False","False","False","0","0","0","0","0","0","0","C9673B79FA623C8F293DA42909B89FE83CE3E32B19D8AE71F43A3C6A1DCE5E60"
"orynth-reference-architecture/enterprise-evaluation/governance/SCHEDULED_REPORT_FRAMEWORK.csv","C:\Users\18177\morning-star\orynth-reference-architecture\enterprise-evaluation\governance\SCHEDULED_REPORT_FRAMEWORK.csv","327","PASS","","4","3","Report | Frequency | Purpose","False","False","False","False","False","False","False","False","False","False","False","False","False","0","0","0","0","0","0","0","30BD07EB6E9CE2178037984FA343BB177DC21219F7B44020D5532C54B092E4D3"
"orynth-reference-architecture/enterprise-evaluation/governance/STANDARDS_EVOLUTION_FRAMEWORK.csv","C:\Users\18177\morning-star\orynth-reference-architecture\enterprise-evaluation\governance\STANDARDS_EVOLUTION_FRAMEWORK.csv","320","PASS","","6","2","Stage | Purpose","False","False","False","False","False","False","False","False","False","False","False","False","False","0","0","0","0","0","0","0","691A749E3C2B4E0959F01F8221002E3273A6CB00BE888D2B35B966A498125DFC"
"orynth-reference-architecture/enterprise-evaluation/governance/STATUS_CALCULATION_MODEL.csv","C:\Users\18177\morning-star\orynth-reference-architecture\enterprise-evaluation\governance\STATUS_CALCULATION_MODEL.csv","337","PASS","","4","3","Metric | Rule | Output","False","False","False","False","False","False","False","False","False","False","False","False","False","0","0","0","0","0","0","0","55181EDF91387F12AA867D1BB8C8BEF6A71090B5E8BADB18E5D739B3C328E400"
"orynth-reference-architecture/enterprise-evaluation/governance/VALIDATED_IMPLEMENTATION_FRAMEWORK.csv","C:\Users\18177\morning-star\orynth-reference-architecture\enterprise-evaluation\governance\VALIDATED_IMPLEMENTATION_FRAMEWORK.csv","507","PASS","","5","4","Stage | Purpose | Output | Status","False","False","False","False","False","False","False","False","False","False","False","False","False","0","0","0","0","0","0","0","D42BAF5BD9204C62598A2810D8A16626772360D2C3247AE059B23A6838D6853B"
"orynth-reference-architecture/enterprise-evaluation/governance/VALIDATION_REGISTRY_ACTIVATION.csv","C:\Users\18177\morning-star\orynth-reference-architecture\enterprise-evaluation\governance\VALIDATION_REGISTRY_ACTIVATION.csv","286","PASS","","1","7","Registry | Purpose | ValidationState | RequiredFields | Governance | Status | Timestamp","False","False","False","False","False","False","False","False","False","False","False","False","False","0","0","0","0","0","0","0","3F90191E5507B3862C5F2D35F800EFE419D7199DD0B6D8688C46B46C14B48FFD"
"orynth-reference-architecture/enterprise-evaluation/governance/VALIDATION_REGISTRY_SCHEMA.csv","C:\Users\18177\morning-star\orynth-reference-architecture\enterprise-evaluation\governance\VALIDATION_REGISTRY_SCHEMA.csv","322","PASS","","5","2","Field | Purpose","False","False","False","False","False","False","False","False","False","False","False","False","False","0","0","0","0","0","0","0","E6B50C78536E3DA865CD320A700DFF2CC848837D0C519D8BB7CBA48263832ED4"
"orynth-reference-architecture/enterprise-evaluation/governance/VALIDATION_UPDATE_PROCESS.csv","C:\Users\18177\morning-star\orynth-reference-architecture\enterprise-evaluation\governance\VALIDATION_UPDATE_PROCESS.csv","206","PASS","","6","2","Step | Status","False","False","False","False","False","False","False","False","False","False","False","False","False","0","0","0","0","0","0","0","275DA911AB846378A5C3C6063CA1E3D2DF33265242BCF3A604E358C6CADA1A98"
"orynth-reference-architecture/enterprise-evaluation/integration/DEPLOYMENT_ARCHITECTURE.csv","C:\Users\18177\morning-star\orynth-reference-architecture\enterprise-evaluation\integration\DEPLOYMENT_ARCHITECTURE.csv","318","PASS","","4","3","Layer | Function | Integration","False","False","False","False","False","False","False","False","False","False","False","False","False","0","0","0","0","0","0","0","B1188E94916FFE3582C7AE036ADAF6752C851727B92FD9644E9ADCF596EFDE3E"
"orynth-reference-architecture/enterprise-evaluation/integration/DEPLOYMENT_METHODOLOGY.csv","C:\Users\18177\morning-star\orynth-reference-architecture\enterprise-evaluation\integration\DEPLOYMENT_METHODOLOGY.csv","262","PASS","","6","2","Phase | Output","False","False","False","False","False","False","False","False","False","False","False","False","False","0","0","0","0","0","0","0","24505CAD3D61E34CDB27F147FD6E727F667792054813DFB974647E9E7AE88BFE"
"orynth-reference-architecture/enterprise-evaluation/integration/DEPLOYMENT_MODEL.csv","C:\Users\18177\morning-star\orynth-reference-architecture\enterprise-evaluation\integration\DEPLOYMENT_MODEL.csv","294","PASS","","1","6","ExistingAI | GovernanceInsertion | IntegrationMethod | DecisionOutputs | EvidenceOutput | DeploymentState","False","False","False","False","False","False","False","False","False","False","False","False","False","0","0","0","0","0","0","0","19FB95FBF22DFED826584D71CA4F46FDA76319D564FBDFD8F144056D38FBA874"
"orynth-reference-architecture/enterprise-evaluation/integration/ENTERPRISE_ARCHITECTURE_MAPPING.csv","C:\Users\18177\morning-star\orynth-reference-architecture\enterprise-evaluation\integration\ENTERPRISE_ARCHITECTURE_MAPPING.csv","948","PASS","","6","4","ORYNTH_LAYER | Enterprise_EQUIVALENT | Purpose | Integration_Point","False","False","False","False","False","False","False","False","False","False","False","False","False","0","0","0","0","0","0","0","3C9777599C38EA86C273C407B3048ACA26D905240FFB66F33E7ED119ABFB41D0"
"orynth-reference-architecture/enterprise-evaluation/integration/ENTERPRISE_MAPPING.csv","C:\Users\18177\morning-star\orynth-reference-architecture\enterprise-evaluation\integration\ENTERPRISE_MAPPING.csv","440","PASS","","4","4","Domain | Risk | Integration | Governance","False","False","False","False","False","False","False","False","False","False","False","False","False","0","0","0","0","0","0","0","5CF64F844A0DDC0C5F5DCE41EC8084D2F9B237BD14185B785A19FC929F90E408"
"orynth-reference-architecture/enterprise-evaluation/integration/ENTERPRISE_REQUIREMENTS.csv","C:\Users\18177\morning-star\orynth-reference-architecture\enterprise-evaluation\integration\ENTERPRISE_REQUIREMENTS.csv","513","PASS","","4","4","RequirementArea | Purpose | Source | Status","False","False","False","False","False","False","False","False","False","False","False","False","False","0","0","0","0","0","0","0","1A93E65A660CF49200F21CC2504B142B1585F79C66A45FD3D1C3F6E5CA8455CA"
"orynth-reference-architecture/enterprise-evaluation/integration/INTEGRATION_BUILD_FRAMEWORK.csv","C:\Users\18177\morning-star\orynth-reference-architecture\enterprise-evaluation\integration\INTEGRATION_BUILD_FRAMEWORK.csv","297","PASS","","5","3","Phase | Output | Status","False","False","False","False","False","False","False","False","False","False","False","False","False","0","0","0","0","0","0","0","21FA585C0587A80225BEE8237C0EA12A585431B1C58A085399B328E4A364BE4C"
"orynth-reference-architecture/enterprise-evaluation/integration/INTEGRATION_EXECUTION_PLAN.csv","C:\Users\18177\morning-star\orynth-reference-architecture\enterprise-evaluation\integration\INTEGRATION_EXECUTION_PLAN.csv","257","PASS","","5","2","Phase | Output","False","False","False","False","False","False","False","False","False","False","False","False","False","0","0","0","0","0","0","0","D88157DEF8AB8C8D46A4041B73DF7C0857A000EE4DFAB6D3EA6CD547CBE9E778"
"orynth-reference-architecture/enterprise-evaluation/MODEL_2_COMPLETION_RECORD.csv","C:\Users\18177\morning-star\orynth-reference-architecture\enterprise-evaluation\MODEL_2_COMPLETION_RECORD.csv","405","PASS","","1","11","Model | PublicReferenceArchitecture | EnterpriseEvaluation | PilotFramework | ImplementationServices | DeploymentOperations | GlobalAdoptionFramework | OperationalPlaybook | EnterpriseReferencePackage | FinalStatus | Timestamp","False","False","False","False","False","False","False","False","False","False","False","False","False","0","0","0","0","0","0","0","A17178AC6DA40FA366B44878A26F3BE7E9077E55432817009A8B2C8E31AB6EC6"
"orynth-reference-architecture/enterprise-evaluation/MODEL_3_COMPLETION_RECORD.csv","C:\Users\18177\morning-star\orynth-reference-architecture\enterprise-evaluation\MODEL_3_COMPLETION_RECORD.csv","279","PASS","","1","8","Model | ConformanceTesting | ValidationRegistry | PartnerEcosystem | EcosystemGovernance | StandardReferenceState | FinalStatus | Timestamp","False","False","False","False","False","False","False","False","False","False","False","False","False","0","0","0","0","0","0","0","CCA7E22EF2C5CA4DD487815637060337003768D4EC4CB4E97690F707CDEA3E0B"
"orynth-reference-architecture/enterprise-evaluation/pilot/AI_WORKFLOW_SELECTION.csv","C:\Users\18177\morning-star\orynth-reference-architecture\enterprise-evaluation\pilot\AI_WORKFLOW_SELECTION.csv","362","PASS","","3","4","Workflow | RiskLevel | ExecutionEffect | GovernanceNeed","False","False","False","False","False","False","False","False","False","False","False","False","False","0","0","0","0","0","0","0","E5B83836E15D43702FE32BD1D2FCA070EB379A65F577278F7D7A8523847538D5"
"orynth-reference-architecture/enterprise-evaluation/pilot/DISCOVERY_SESSION_FRAMEWORK.csv","C:\Users\18177\morning-star\orynth-reference-architecture\enterprise-evaluation\pilot\DISCOVERY_SESSION_FRAMEWORK.csv","428","PASS","","4","3","Topic | Objective | Output","False","False","False","False","False","False","False","False","False","False","False","False","False","0","0","0","0","0","0","0","4E481DD5884C064ADFEE0A2A1A8BA23712BA4D1CDA6BB981432CA384CB9D5DE2"
"orynth-reference-architecture/enterprise-evaluation/pilot/INTEGRATION_BOUNDARY_MODEL.csv","C:\Users\18177\morning-star\orynth-reference-architecture\enterprise-evaluation\pilot\INTEGRATION_BOUNDARY_MODEL.csv","272","PASS","","1","6","Input | Processing | Output | Evidence | IntegrationPattern | Status","False","False","False","False","False","False","False","False","False","False","False","False","False","0","0","0","0","0","0","0","5FA5E84B464D69E4237DBF17F91D51C1F8DE71933CA134C691905413E55C32A1"
"orynth-reference-architecture/enterprise-evaluation/pilot/PILOT_DEFINITION_FRAMEWORK.csv","C:\Users\18177\morning-star\orynth-reference-architecture\enterprise-evaluation\pilot\PILOT_DEFINITION_FRAMEWORK.csv","344","PASS","","4","3","Element | Definition | Status","False","False","False","False","False","False","False","False","False","False","False","False","False","0","0","0","0","0","0","0","F7BE26A4B3E40EBBD1E7964A2C908EBCE06AE8016E49D40098C4A0E9C1C111D1"
"orynth-reference-architecture/enterprise-evaluation/pilot/PILOT_ENGAGEMENT_WORKFLOW.csv","C:\Users\18177\morning-star\orynth-reference-architecture\enterprise-evaluation\pilot\PILOT_ENGAGEMENT_WORKFLOW.csv","321","PASS","","8","2","Stage | Status","False","False","False","False","False","False","False","False","False","False","False","False","False","0","0","0","0","0","0","0","F25B91A0350CB8F577AEEBDFC15ABAFC02441C0C1B8CCB4A2F6EED6A16654E40"
"orynth-reference-architecture/enterprise-evaluation/pilot/PILOT_FRAMEWORK.csv","C:\Users\18177\morning-star\orynth-reference-architecture\enterprise-evaluation\pilot\PILOT_FRAMEWORK.csv","399","PASS","","1","7","PilotObjective | Scope | Inputs | Outputs | SuccessCriteria | Duration | Status","False","False","False","False","False","False","False","False","False","False","False","False","False","0","0","0","0","0","0","0","4CC6E26D5D178C538B0DA69E689A218D478C4C3901DA18EDD22E69CB4D4F356F"
"orynth-reference-architecture/enterprise-evaluation/pilot/PILOT_INTAKE_MODEL.csv","C:\Users\18177\morning-star\orynth-reference-architecture\enterprise-evaluation\pilot\PILOT_INTAKE_MODEL.csv","377","PASS","","5","3","Field | Purpose | Required","False","False","False","False","False","False","False","False","False","False","False","False","False","0","0","0","0","0","0","0","C4723761C9F475C1992B40A49F00B2E8C6BD9B60B5B540342D0C96618AB1AABE"
"orynth-reference-architecture/enterprise-evaluation/pilot/PILOT_PROPOSAL_FRAMEWORK.csv","C:\Users\18177\morning-star\orynth-reference-architecture\enterprise-evaluation\pilot\PILOT_PROPOSAL_FRAMEWORK.csv","310","PASS","","5","2","Section | Purpose","False","False","False","False","False","False","False","False","False","False","False","False","False","0","0","0","0","0","0","0","BF702A1CD6967B744531F3189842AD947848411D43B4C713B22335BB8691BC06"
"orynth-reference-architecture/enterprise-evaluation/pilot/PILOT_SUCCESS_CRITERIA.csv","C:\Users\18177\morning-star\orynth-reference-architecture\enterprise-evaluation\pilot\PILOT_SUCCESS_CRITERIA.csv","431","PASS","","4","3","Metric | SuccessCondition | Measurement","False","False","False","False","False","False","False","False","False","False","False","False","False","0","0","0","0","0","0","0","4631618EF0A77664720ABCA779614680E15D0F6C150A613802A55A0E9969F899"
"orynth-reference-architecture/enterprise-evaluation/pilot/PILOT_VALIDATION_REPORT.csv","C:\Users\18177\morning-star\orynth-reference-architecture\enterprise-evaluation\pilot\PILOT_VALIDATION_REPORT.csv","295","PASS","","4","3","Category | Measurement | Status","False","False","False","False","False","False","False","False","False","False","False","False","False","0","0","0","0","0","0","0","24AEDCE0F453DBD9EFA63CD13BFF3FD364DD661B9163C564CF763F3EB280E8E8"
"orynth-reference-architecture/enterprise-evaluation/pilot/PILOT_VALIDATION_RESULTS.csv","C:\Users\18177\morning-star\orynth-reference-architecture\enterprise-evaluation\pilot\PILOT_VALIDATION_RESULTS.csv","304","PASS","","4","3","Category | Measure | Result","False","False","False","False","False","False","False","False","False","False","False","False","False","0","0","0","0","0","0","0","A1572588D5E9604F820EC9E0519729AFB0B6F9E5138912E88C996E4B2168527A"
"orynth-reference-architecture/enterprise-evaluation/pilot/PRODUCTION_DEPLOYMENT_FRAMEWORK.csv","C:\Users\18177\morning-star\orynth-reference-architecture\enterprise-evaluation\pilot\PRODUCTION_DEPLOYMENT_FRAMEWORK.csv","376","PASS","","3","4","Phase | Objective | Output | Status","False","False","False","False","False","False","False","False","False","False","False","False","False","0","0","0","0","0","0","0","01924AE284B7B1AC056E348D1C2375D776880F5A576833D4D8D3BF124E3DDCCD"
"orynth-reference-architecture/enterprise-evaluation/security/TECHNICAL_DUE_DILIGENCE_PACKAGE.csv","C:\Users\18177\morning-star\orynth-reference-architecture\enterprise-evaluation\security\TECHNICAL_DUE_DILIGENCE_PACKAGE.csv","341","PASS","","4","3","Area | Requirement | Evidence","False","False","False","False","False","False","False","False","False","False","False","False","False","0","0","0","0","0","0","0","ECC845FA6B9EB8EF13265E176F0E96F93E44398CFDB26BC8ACB39012F1EFD261"
"orynth-reference-architecture/enterprise-evaluation/STANDARD_REFERENCE_STATE.csv","C:\Users\18177\morning-star\orynth-reference-architecture\enterprise-evaluation\STANDARD_REFERENCE_STATE.csv","258","PASS","","1","8","Architecture | State | Conformance | ValidationRegistry | PartnerNetwork | Governance | RevisionProcess | Timestamp","False","False","False","False","False","False","False","False","False","False","False","False","False","0","0","0","0","0","0","0","F033FE8C40A17505AAD290F9E845581D06ECCA2DE66EA155EEF960211325FFDE"
"orynth-reference-architecture/enterprise-evaluation/STANDARD_REFERENCE_STATE_PUBLICATION.csv","C:\Users\18177\morning-star\orynth-reference-architecture\enterprise-evaluation\STANDARD_REFERENCE_STATE_PUBLICATION.csv","310","PASS","","1","9","System | ReferenceState | Conformance | ValidationRegistry | PartnerEcosystem | Governance | RevisionModel | PublicationStatus | Timestamp","False","False","False","False","False","False","False","False","False","False","False","False","False","0","0","0","0","0","0","0","32C22B5106CB9D6671B41FBC197B036E15747CBFA01FC54453EB06AB2AFD1F15"
"orynth-reference-architecture/governance/AMENDMENT_ENTRY_GATE.csv","C:\Users\18177\morning-star\orynth-reference-architecture\governance\AMENDMENT_ENTRY_GATE.csv","287","PASS","","5","2","Entry | Requirement","False","False","False","False","False","False","False","False","False","False","False","False","False","0","0","0","0","0","0","0","C8513DF899B9FACB3C1B63FFF046420E194733D0060E950E9FA34CD894B3F3D6"
"orynth-reference-architecture/governance/FINAL_MAINTENANCE_STATE_RECORD.csv","C:\Users\18177\morning-star\orynth-reference-architecture\governance\FINAL_MAINTENANCE_STATE_RECORD.csv","271","PASS","","1","9","System | Construction | Architecture | Governance | Amendments | Verification | RepositoryState | OperatingMode | Timestamp","False","False","False","False","False","False","False","False","False","False","False","False","False","0","0","0","0","0","0","0","98F7D1BB80B5829C86945E0407D538E121923643A919E3A35E8F03DF40186490"
"orynth-reference-architecture/governance/MAINTENANCE_GOVERNANCE_RECORD.csv","C:\Users\18177\morning-star\orynth-reference-architecture\governance\MAINTENANCE_GOVERNANCE_RECORD.csv","255","PASS","","1","8","System | Construction | Expansion | Amendments | Verification | Maintenance | GovernanceMode | Timestamp","False","False","False","False","False","False","False","False","False","False","False","False","False","0","0","0","0","0","0","0","16FE879349D6729435B8EE6B876BA796E9699BDCF12643FF28789C5153EB9057"
"orynth-reference-architecture/governance/PERMANENT_REFERENCE_STATE_OPERATING_MODEL.csv","C:\Users\18177\morning-star\orynth-reference-architecture\governance\PERMANENT_REFERENCE_STATE_OPERATING_MODEL.csv","520","PASS","","5","4","Stage | Purpose | Authority | Status","False","False","False","False","False","False","False","False","False","False","False","False","False","0","0","0","0","0","0","0","6362F0B43B500169FD08531A3FECC9FA1C85EC4C7D14DD00F9F198BB08633096"
"orynth-reference-architecture/governance/PERMANENT_STATE_INTEGRITY_RECORD.csv","C:\Users\18177\morning-star\orynth-reference-architecture\governance\PERMANENT_STATE_INTEGRITY_RECORD.csv","332","PASS","","4","3","Invariant | Condition | Status","False","False","False","False","False","False","False","False","False","False","False","False","False","0","0","0","0","0","0","0","B423F2DBCBA3476D6F2450DFFEC93C58FF3D0E82661CF0C865234ECB740194E6"
"orynth-reference-architecture/MODEL_1_PUBLIC_RELEASE_RECORD.csv","C:\Users\18177\morning-star\orynth-reference-architecture\MODEL_1_PUBLIC_RELEASE_RECORD.csv","306","PASS","","1","10","Release | Version | Status | RepositoryState | InternalResearch | ReferenceImplementation | TechnicalPapers | GovernanceModel | AdoptionStatus | Timestamp","False","False","False","False","False","False","False","False","False","False","False","False","False","0","0","0","0","0","0","0","3F5750558C257B5DF9567E4EC3C70CD9B316951490ECC944C8AD25796D1B4208"
"orynth-reference-architecture/papers/PUBLICATION_INDEX.csv","C:\Users\18177\morning-star\orynth-reference-architecture\papers\PUBLICATION_INDEX.csv","311","PASS","","4","3","Title | Type | Status","False","False","False","False","False","False","False","False","False","False","False","False","False","0","0","0","0","0","0","0","D593B6C862D75C37B2448A51553EC67B24E1E68A92AAC161CBD9895B6A47D9E1"
"orynth-reference-architecture/papers/publication-package/export/EXPORT_MANIFEST.csv","C:\Users\18177\morning-star\orynth-reference-architecture\papers\publication-package\export\EXPORT_MANIFEST.csv","129","PASS","","1","5","Artifact | Source | Version | Status | Verification","False","False","False","False","False","False","False","False","False","False","False","False","False","0","0","0","0","0","0","0","82A32ADDC00960D61962C4F5AAF19B3529E4F6A8A59386AD021C913FD2E222A5"
"orynth-reference-architecture/papers/publication-package/PAPER_GENERATION_PACKAGE_MANIFEST.csv","C:\Users\18177\morning-star\orynth-reference-architecture\papers\publication-package\PAPER_GENERATION_PACKAGE_MANIFEST.csv","418","PASS","","6","3","Component | Artifact | Status","False","False","False","False","False","False","False","False","False","False","False","False","False","0","0","0","0","0","0","0","4C8F4A72F842DFDB6305E08379038F55DF1332BCA4CE3829E857B7B67CF16A93"
"orynth-reference-architecture/papers/publication-package/PUBLICATION_ARTIFACT_REGISTRY.csv","C:\Users\18177\morning-star\orynth-reference-architecture\papers\publication-package\PUBLICATION_ARTIFACT_REGISTRY.csv","790","PASS","","7","6","Artifact | Format | Source | Version | Publication_Status | Verification_State","False","False","False","False","False","False","False","False","False","False","False","False","False","0","0","0","0","0","0","0","E0E93CB79B1088E62D5918D5EF8E4DA7B0F65196BD7711CAE6A9A6436CE71436"
"orynth-reference-architecture/reference-implementations/IMPLEMENTATION_REGISTRY.csv","C:\Users\18177\morning-star\orynth-reference-architecture\reference-implementations\IMPLEMENTATION_REGISTRY.csv","425","PASS","","3","4","Component | Purpose | Source | Status","False","False","False","False","False","False","False","False","False","False","False","False","False","0","0","0","0","0","0","0","C33FD47B4A1D27943D009FA6F7A0DAFE146FC202FA722CDDC532419505B4329E"
"orynth-reference-architecture/release/PUBLIC_ARTIFACT_INVENTORY.csv","C:\Users\18177\morning-star\orynth-reference-architecture\release\PUBLIC_ARTIFACT_INVENTORY.csv","9412","PASS","","131","2","Artifact | Length","False","False","False","False","False","False","False","False","False","False","False","False","False","0","0","0","0","0","0","0","826F6A55CA739D490D8B83827E5F38B71DA9A0214EAFA396DD6A191A37728429"
"orynth-reference-architecture/release/PUBLIC_RELEASE_MANIFEST.csv","C:\Users\18177\morning-star\orynth-reference-architecture\release\PUBLIC_RELEASE_MANIFEST.csv","355","PASS","","6","2","Artifact | Status","False","False","False","False","False","False","False","False","False","False","False","False","False","0","0","0","0","0","0","0","FBDB298B05C707F3BAC5ECD5E81B21333B33C4DC485985D3B2EF2E3C055FA6DF"
"orynth-reference-architecture/release/RELEASE_READINESS_RECORD.csv","C:\Users\18177\morning-star\orynth-reference-architecture\release\RELEASE_READINESS_RECORD.csv","268","PASS","","1","8","Repository | ReleaseSurface | Documentation | ArtifactInventory | License | GitState | ReleaseVersion | Status","False","False","False","False","False","False","False","False","False","False","False","False","False","0","0","0","0","0","0","0","AD60A38C515E13089471F28427F91A0F4105EF3C4F7A871BA046E8774AEAC33E"
"orynth-reference-architecture/VERSION.csv","C:\Users\18177\morning-star\orynth-reference-architecture\VERSION.csv","170","PASS","","1","5","Project | Version | ReleaseType | Status | Date","False","False","False","False","False","False","False","False","False","False","False","False","False","0","0","0","0","0","0","0","073BC2A14BAF447330AC47D8C7A20304459F765CE3787C93A9FD90D01A2834CC"
"PUBLIC_REFERENCE_MANIFEST.csv","C:\Users\18177\morning-star\PUBLIC_REFERENCE_MANIFEST.csv","354","PASS","","7","2","Layer | Contents","False","False","False","False","False","False","False","False","False","False","False","False","False","0","0","0","0","0","0","0","63E204050C42DFD1D6F2EC7D14AD13D3E1A41B00A14EC657FDC6AAE3FBFD0092"
"registries/CONSTITUTIONAL_REVISION_REGISTER.csv","C:\Users\18177\morning-star\registries\CONSTITUTIONAL_REVISION_REGISTER.csv","273","PASS","","0","18","RevisionID | GovernedObject | CurrentVersion | ProposedVersion | RevisionClass | Rationale | EvidenceReference | AffectedDependencies | CompatibilityImpact | UnresolvedUncertainty | Proposer | ReviewAuthority | ReviewDisposition | ApprovalAuthority | EffectiveDate | Status | SupersededRevision | Notes","False","False","False","False","False","False","False","False","False","False","False","False","False","0","0","0","0","0","0","0","99C102F2BA486B05359B6BE185F62ADB1F7C20B80EAAD470DD666100E5FB116A"
"registries/DEPENDENCY_REGISTER.csv","C:\Users\18177\morning-star\registries\DEPENDENCY_REGISTER.csv","176","PASS","","0","12","DependencyRecordID | SourceObjectID | TargetObjectID | DependencyType | RequirementLevel | DependencyDirection | Rationale | EvidenceReference | Status | EffectiveVersion | SupersededBy | Notes","False","False","False","False","False","False","False","False","False","False","False","False","False","0","0","0","0","0","0","0","C5397DB810623EAF7CE8E0B6CAFE4415AEB5E1C6507741D92CC410B946E9476A"
"registries/ENTRY_ASSESSMENT_REGISTER.csv","C:\Users\18177\morning-star\registries\ENTRY_ASSESSMENT_REGISTER.csv","315","PASS","","0","17","EntryAssessmentID | ObserverID | EntrySource | FirstGovernedObject | RepresentationType | IntendedRelationship | EntryEligibility | OrientationStatus | DependencyMappingStatus | FrameworkDifferentiationStatus | ReconstructionStatus | VerificationStatus | FinalDisposition | Assessor | AssessmentDate | EvidenceReference | UnresolvedConditions","False","False","False","False","False","False","False","False","False","False","False","False","False","0","0","0","0","0","0","0","CD6B8FCDDB818798426375E0EA9CBB6CA11A18B00F764270B9C887F7B275AF1C"
"registries/FRAMEWORK_DIFFERENTIATION_REGISTER.csv","C:\Users\18177\morning-star\registries\FRAMEWORK_DIFFERENTIATION_REGISTER.csv","195","PASS","","0","14","DifferentiationRecordID | ObserverID | AssessmentID | ObjectA | ObjectB | ObjectAClass | ObjectBClass | DistinctionRequirement | ObserverResult | EvidenceReference | VerificationStatus | Reviewer | ReviewDate | Notes","False","False","False","False","False","False","False","False","False","False","False","False","True","0","0","0","0","0","0","0","61838620EFA145DFF3345B78643FBB60A78D5259407B9B1E34CA7B9C4F36D7B9"
"registries/IDENTIFIER_ASSIGNMENT_REGISTER.csv","C:\Users\18177\morning-star\registries\IDENTIFIER_ASSIGNMENT_REGISTER.csv","113","PASS","","0","10","Identifier | ObjectType | CanonicalName | ArtifactPath | Version | Status | AssignedBy | AssignmentDate | SupersededBy | Notes","False","False","False","False","False","False","False","False","False","False","False","False","False","0","0","0","0","0","0","0","122909AF1B2B43D622176D12D702B4209E3BB731AF64C7C143EF6EC1EB5D299D"
"registries/INITIATION_VERIFICATION_REGISTER.csv","C:\Users\18177\morning-star\registries\INITIATION_VERIFICATION_REGISTER.csv","380","PASS","","0","20","VerificationID | ObserverID | GovernedDomain | CanonicalMeaningPreservation | FrameworkIdentityPreservation | DependencyPreservation | BoundaryPreservation | TerminologicalIntegrity | Traceability | UncertaintyPreservation | IndependentReconstruction | InterpretiveDeclaration | RevisionDiscipline | FinalDisposition | Evaluator | EvaluatorAuthority | EvaluationDate | EvidenceReference | RevalidationDate | Notes","False","False","False","False","False","False","False","False","False","False","False","False","False","0","0","0","0","0","0","0","9C39BE5088E34FE4727631052ACD9F7C5E34A9A42CC42E8B3F96D571CD8A5868"
"registries/OBSERVER_STATE_REGISTER.csv","C:\Users\18177\morning-star\registries\OBSERVER_STATE_REGISTER.csv","220","PASS","","0","15","ObserverStateRecordID | ObserverID | GovernedObjectID | PriorState | CurrentState | TransitionID | AssessmentID | EvidenceReference | Assessor | AssessmentAuthority | EffectiveTimestamp | ExpirationTimestamp | UncertaintyState | Status | Notes","False","False","False","False","False","False","False","False","False","False","False","False","True","0","0","0","0","0","0","0","7DAF4B822F4F47FC9A0B3DD3D9FB5EC33FB9B7C69C4C830C51DECA715BABD30C"
"registries/RECONSTRUCTION_REGISTER.csv","C:\Users\18177\morning-star\registries\RECONSTRUCTION_REGISTER.csv","292","PASS","","0","18","ReconstructionRecordID | DriftID | GovernedObject | AuthoritativeReference | AffectedRepresentation | RestoredContent | InferredContent | MissingContent | DisputedContent | SupersededContent | ExcludedContent | UnresolvedContent | VerificationStatus | Verifier | VerificationDate | EvidenceReference | Disposition | Notes","False","False","False","False","False","False","False","False","False","False","False","False","False","0","0","0","0","0","0","0","ACAD5E333A9AC162FA0093232C35B7C5258E96360C631FF15DE81BAF7173C951"
"registries/ROLE_ASSIGNMENT_REGISTER.csv","C:\Users\18177\morning-star\registries\ROLE_ASSIGNMENT_REGISTER.csv","249","PASS","","0","17","RoleAssignmentID | ObserverID | RoleID | AuthorityClass | GovernedDomain | Scope | RequiredObserverState | VerificationID | AssigningAuthority | EffectiveDate | ExpirationDate | Status | SuspensionReason | RevocationReason | RevalidationRequirement | EvidenceReference | Notes","False","False","False","False","False","False","False","False","False","False","False","False","False","0","0","0","0","0","0","0","0C30D4AD12FECDD9BEA30212182D0621AE4898B09C22D805B7C70AECAACD5C29"
"registries/SEMANTIC_DRIFT_REGISTER.csv","C:\Users\18177\morning-star\registries\SEMANTIC_DRIFT_REGISTER.csv","277","PASS","","0","19","DriftID | DetectionDate | Detector | AffectedObject | AffectedArtifact | AffectedVersion | DriftClass | Severity | BlockingStatus | AuthorityStatus | EvidenceReference | ReconstructionRecordID | CorrectionRecordID | Disposition | ClosureStatus | ClosureAuthority | ClosureDate | UnresolvedUncertainty | Notes","False","False","False","False","False","False","False","False","False","False","False","False","False","0","0","0","0","0","0","0","88505F7F60B0C04E707B00ABE37F2532269760234A18A67B6934D4484F5CD238"
"registries/STEWARDSHIP_REGISTER.csv","C:\Users\18177\morning-star\registries\STEWARDSHIP_REGISTER.csv","263","PASS","","0","17","StewardshipRecordID | ObserverID | StewardshipClass | GovernedDomain | DelegatingAuthority | AuthorityReference | Scope | EffectiveDate | ExpirationDate | Status | LastRevalidationDate | NextRevalidationDate | ActiveRisks | UnresolvedQuestions | SuccessionStatus | EvidenceReference | Notes","False","False","False","False","False","False","False","False","False","False","False","False","False","0","0","0","0","0","0","0","18F688840CC1240969BBD440DC0014C93AB06360BF6F9EF45E87D37E06AB488B"
"registries/THEOREM_VERIFICATION_REGISTER.csv","C:\Users\18177\morning-star\registries\THEOREM_VERIFICATION_REGISTER.csv","3936","PASS","","9","15","VerificationID | TheoremID | VerificationTitle | DesignStatus | EvidenceStatus | ExecutionStatus | ResultStatus | PrimaryMethod | IndependentVariable | DependentVariable | ControlCondition | TestCondition | Reproducibility | Version | Notes","True","False","False","False","False","False","False","False","False","False","False","False","False","0","0","0","0","0","0","0","11B526195F29B72EC662EEF6C9F880AFF5A2EEE2E577BD1783020308A30B747D"
"release/ARTIFACT_MANIFEST.csv","C:\Users\18177\morning-star\release\ARTIFACT_MANIFEST.csv","524658","PASS","","3061","4","RelativePath | Extension | Bytes | SHA256","False","False","False","False","False","False","False","False","False","False","False","False","False","0","0","0","0","0","0","0","CDF6C1652E0260E060A328252DE854B26CFBB1E118C225470E86A76F0C597D93"
"runtime/coverage/ARCHITECTURE_RUNTIME_COVERAGE_MATRIX.csv","C:\Users\18177\morning-star\runtime\coverage\ARCHITECTURE_RUNTIME_COVERAGE_MATRIX.csv","2627","PASS","","20","5","RequirementID | ConstitutionalSource | RuntimeComponent | VerificationArtifact | CoverageStatus","False","False","False","False","False","False","False","False","False","False","False","False","False","0","0","0","0","0","0","0","5BDE1D3624B73870BD3093D4032CA5C0449593787C4F85FE673ABCC4CAA9943B"
"verification/MS-T2_DEPENDENCY_PROPAGATION_TRIAL/DOWNSTREAM_SEMANTIC_EXPOSURE.csv","C:\Users\18177\morning-star\verification\MS-T2_DEPENDENCY_PROPAGATION_TRIAL\DOWNSTREAM_SEMANTIC_EXPOSURE.csv","884","PASS","","5","9","TrialID | SourceObject | DependentObject | DependentDocument | ConstitutionalPattern | MatchingLineCount | MatchingLines | DownstreamSemanticExposure | PropagationRiskStatus","False","False","False","False","False","False","False","False","False","False","False","False","False","0","0","0","0","0","0","0","BF628E02C6F704BED882D4AEC3B96D6D9EE702D570D27B43EAF56AB3AAABE436"
"verification/MS-T2_DEPENDENCY_PROPAGATION_TRIAL/EXECUTION_RESULTS.csv","C:\Users\18177\morning-star\verification\MS-T2_DEPENDENCY_PROPAGATION_TRIAL\EXECUTION_RESULTS.csv","491","PASS","","5","8","TrialID | MutationID | SourceObject | DependentObject | ExpectedResult | ObservedResult | PropagationDetected | VerificationDisposition","False","False","False","False","False","False","False","False","False","False","False","False","False","0","0","0","0","0","0","0","AA6702C711CB805CBB3592BB2A8D7351729EFD7AF654EA5367450DD09309A8B5"
"verification/MS-T2_DEPENDENCY_PROPAGATION_TRIAL/INTEGRATED_VERIFICATION_RESULTS.csv","C:\Users\18177\morning-star\verification\MS-T2_DEPENDENCY_PROPAGATION_TRIAL\INTEGRATED_VERIFICATION_RESULTS.csv","850","PASS","","5","11","TrialID | SourceObject | DependentObject | MutationVerified | DependencyConfirmed | DownstreamSemanticExposure | MatchingLineCount | MatchingLines | NonzeroRiskSupported | ObservedSemanticPropagation | VerificationDisposition","False","False","False","False","False","False","False","False","False","False","False","False","False","0","0","0","0","0","0","0","8065DA71924686D1E9DE72EA548F5939F3C15D9D1F8243B098BC23B54DAD3EB7"
"verification/MS-T2_DEPENDENCY_PROPAGATION_TRIAL/MUTATION_DIFF_EVIDENCE.csv","C:\Users\18177\morning-star\verification\MS-T2_DEPENDENCY_PROPAGATION_TRIAL\MUTATION_DIFF_EVIDENCE.csv","3127","PASS","","27","5","TrialID | ObjectID | SourceFile | ChangeType | ChangedText","False","False","False","True","False","False","False","False","False","False","False","False","False","0","0","0","0","0","0","0","ED1E110E1918CCBD7ED8CEF2A24532E677D80090E092D223C723955E71E06019"
"verification/MS-T2_DEPENDENCY_PROPAGATION_TRIAL/MUTATION_EVIDENCE.csv","C:\Users\18177\morning-star\verification\MS-T2_DEPENDENCY_PROPAGATION_TRIAL\MUTATION_EVIDENCE.csv","1040","PASS","","5","6","TrialID | ObjectID | SourceFile | OriginalSHA256 | MutatedSHA256 | MutationVerified","False","False","False","True","False","False","False","False","False","False","False","False","False","0","0","0","0","0","0","0","086C12EE5E9D940DBC4ACB271294F50637A53571DF56C04B76A9D85E6FFBF646"
"verification/MS-T2_DEPENDENCY_PROPAGATION_TRIAL/MUTATION_REGISTER.csv","C:\Users\18177\morning-star\verification\MS-T2_DEPENDENCY_PROPAGATION_TRIAL\MUTATION_REGISTER.csv","797","PASS","","5","7","TrialID | InjectedObject | MutationClass | MutationDescription | ExpectedAffectedObject | ExpectedOutcome | ExecutionStatus","False","False","False","False","False","False","False","False","False","False","False","False","False","0","0","0","0","0","0","0","CCB16DCAB6113B671B9015333200B2AC57A9FCAC3E902329178EB78894138699"
"verification/MS-T2_DEPENDENCY_PROPAGATION_TRIAL/OBJECT_REGISTRY.csv","C:\Users\18177\morning-star\verification\MS-T2_DEPENDENCY_PROPAGATION_TRIAL\OBJECT_REGISTRY.csv","955","PASS","","7","6","ObjectID | ObjectName | SourceDocument | DependsOn | DependencyClass | VerificationStatus","False","False","False","False","False","False","False","False","False","False","False","False","False","0","0","0","0","0","0","0","50F1FA0105692C5F9FDAE5209D1F63E4B66273A21D1830DD5D4C925296316E21"
"verification/MS-T2_DEPENDENCY_PROPAGATION_TRIAL/PROPAGATION_RESULTS.csv","C:\Users\18177\morning-star\verification\MS-T2_DEPENDENCY_PROPAGATION_TRIAL\PROPAGATION_RESULTS.csv","608","PASS","","5","8","TrialID | SourceObject | DependentObject | MutationVerified | ReachableObjects | DependencyConfirmed | SemanticRiskEstablished | VerificationDisposition","False","False","False","False","False","False","False","False","False","False","False","False","False","0","0","0","0","0","0","0","0C22BDDC4E9EE4DC86E92EF20A50B9F24FCEAD97B26544719B361E5E31152E3F"
"verification/MS-T2_DEPENDENCY_PROPAGATION_TRIAL/RECONSTRUCTION_CONTRACTS.csv","C:\Users\18177\morning-star\verification\MS-T2_DEPENDENCY_PROPAGATION_TRIAL\RECONSTRUCTION_CONTRACTS.csv","1004","PASS","","5","9","TrialID | SourceObject | SourceDocument | DependentObject | DependentDocument | CanonicalTerm | MutatedTerm | DownstreamPattern | EvaluationProperty","False","False","False","False","False","False","False","False","False","False","False","False","False","0","0","0","0","0","0","0","4CE38387615FE03DC9EE8877300B256A4F8E2245DC448CBE94DB3EBD14B41763"
"verification/MS-T2_DEPENDENCY_PROPAGATION_TRIAL/RECONSTRUCTION_RESULTS.csv","C:\Users\18177\morning-star\verification\MS-T2_DEPENDENCY_PROPAGATION_TRIAL\RECONSTRUCTION_RESULTS.csv","1554","PASS","","5","13","TrialID | SourceObject | DependentObject | EvaluationProperty | DependentDocument | OriginalSHA256 | ReconstructedSHA256 | DownstreamChanged | ChangedLineCount | CanonicalTermRemaining | MutatedTermOccurrences | ObservedSemanticPropagation | VerificationDisposition","False","False","False","False","False","False","False","False","False","False","False","False","False","0","0","0","0","0","0","0","2AEEBA9223822AA2F212A9B44D69AD3E2664D6326EC08A5CBAE65CAE2403A122"
"verification/MS-T2_DEPENDENCY_PROPAGATION_TRIAL/STRICT_RECONSTRUCTION_RESULTS.csv","C:\Users\18177\morning-star\verification\MS-T2_DEPENDENCY_PROPAGATION_TRIAL\STRICT_RECONSTRUCTION_RESULTS.csv","909","PASS","","5","12","TrialID | SourceObject | DependentObject | EvaluationProperty | DependentDocument | ChangedLineCount | CanonicalTermRemaining | MutatedTermOccurrences | FileHashChanged | SemanticSubstitutionObserved | ObservedSemanticPropagation | VerificationDisposition","False","False","False","False","False","False","False","False","False","False","False","False","False","0","0","0","0","0","0","0","D308DC5D83687601CD4C05CA5517D5223EBE944D110D7293EB0E1FA33922EE96"
"verification/MS-T2_DEPENDENCY_PROPAGATION_TRIAL/TRIAL_REGISTER.csv","C:\Users\18177\morning-star\verification\MS-T2_DEPENDENCY_PROPAGATION_TRIAL\TRIAL_REGISTER.csv","878","PASS","","5","8","TrialID | SourceObject | DependentObject | DependencyType | InjectedDivergence | ExpectedPropagation | ObservedPropagation | VerificationStatus","False","False","False","False","False","False","False","False","False","False","False","False","False","0","0","0","0","0","0","0","3DD4EF7264E9927352E540C44F80B235653EDFCC269712007E4C26AC097CE062"
"verification/MS-T2_DEPENDENCY_PROPAGATION_TRIAL/TRIAL_SPECIFICATION.csv","C:\Users\18177\morning-star\verification\MS-T2_DEPENDENCY_PROPAGATION_TRIAL\TRIAL_SPECIFICATION.csv","487","PASS","","1","6","TrialID | VerificationObjective | ConstitutionalBasis | Hypothesis | SuccessCriteria | Status","False","False","False","False","False","False","False","False","False","False","False","False","False","0","0","0","0","0","0","0","D91C8E8E4386A4B435EF06B0A6455E738310913B24F8274B018E61DBFED249C0"
"verification/MS-T2_DEPENDENCY_PROPAGATION_TRIAL/VERIFICATION_SUMMARY.csv","C:\Users\18177\morning-star\verification\MS-T2_DEPENDENCY_PROPAGATION_TRIAL\VERIFICATION_SUMMARY.csv","604","PASS","","1","11","Trial | ConstitutionalTheorem | TotalTrials | ControlledReconstructions | ObservedSemanticPropagations | UnobservedPropagations | ConstitutionalDisposition | VerificationStatus | Scope | Limitation | Timestamp","False","False","False","False","False","False","False","False","False","False","False","False","False","0","0","0","0","0","0","0","ED65934917B2562F530F7219EFA2055FF99E448F0CD0795612D7D36A410D6A96"
"volumes/VOLUME_I_FOUNDATION/verification/_NEXT_VERIFICATION_INTAKE/SOURCE_MATCHES.csv","C:\Users\18177\morning-star\volumes\VOLUME_I_FOUNDATION\verification\_NEXT_VERIFICATION_INTAKE\SOURCE_MATCHES.csv","4900","PASS","","20","11","MatchID | TheoremID | MatchClass | Priority | SourcePath | LineNumber | MatchedTerms | SourceText | ReviewStatus | CanonicalUse | Notes","True","False","False","False","False","False","False","False","True","False","False","False","False","0","0","0","0","0","0","0","7537E228FFC488DD7C471A832432B0C6C32D5CDB92CDB37C7F84330CB767E617"
"volumes/VOLUME_I_FOUNDATION/verification/_NEXT_VERIFICATION_INTAKE/SOURCE_REVIEW_REGISTER.csv","C:\Users\18177\morning-star\volumes\VOLUME_I_FOUNDATION\verification\_NEXT_VERIFICATION_INTAKE\SOURCE_REVIEW_REGISTER.csv","6166","PASS","","20","12","MatchID | TheoremID | MatchClass | EvidenceClass | AuthorityWeight | AutomaticDisposition | SourcePath | LineNumber | SourceText | CanonicalUse | ReviewStatus | Notes","True","False","False","False","False","False","False","False","True","False","False","False","False","0","0","0","0","0","0","0","0C2A3963A921B85EF4ECAE5F2F8DC4D0B167A3BE58DA66E8264D435DA859DFE9"
"volumes/VOLUME_I_FOUNDATION/verification/_NEXT_VERIFICATION_INTAKE/THEOREM_DEFINITION_GAPS.csv","C:\Users\18177\morning-star\volumes\VOLUME_I_FOUNDATION\verification\_NEXT_VERIFICATION_INTAKE\THEOREM_DEFINITION_GAPS.csv","938","PASS","","4","9","GapID | TheoremID | Field | Severity | Description | RequiredResolution | ResolutionStatus | EvidenceReference | Notes","True","False","False","False","False","False","False","False","False","False","False","False","False","0","0","0","0","0","0","0","D1D8030B76C51512319473482C216FF8640C10698FFE2A94550C7AB01551798F"
"volumes/VOLUME_I_FOUNDATION/verification/_NEXT_VERIFICATION_INTAKE/THEOREM_SOURCE_EVIDENCE_MATRIX.csv","C:\Users\18177\morning-star\volumes\VOLUME_I_FOUNDATION\verification\_NEXT_VERIFICATION_INTAKE\THEOREM_SOURCE_EVIDENCE_MATRIX.csv","6142","PASS","","20","13","EvidenceID | TheoremID | VerificationID | EvidenceClass | MatchClass | AuthorityWeight | Disposition | SourcePath | LineNumber | EvidenceText | CanonicalAdmission | VerificationStatus | Notes","True","False","False","False","False","False","False","False","False","False","False","True","False","0","0","0","0","0","0","0","205B03269EF58B3411F50B755A36F6ED25B3E7F4D238FBB0EF69C562DA7195E9"
"volumes/VOLUME_I_FOUNDATION/verification/execution/MS-T1_CONTROLLED_EXECUTION/00_COLLECTION_PACKET/OBSERVER_RESPONSES.COLLECTION_COPY.csv","C:\Users\18177\morning-star\volumes\VOLUME_I_FOUNDATION\verification\execution\MS-T1_CONTROLLED_EXECUTION\00_COLLECTION_PACKET\OBSERVER_RESPONSES.COLLECTION_COPY.csv","209","PASS","","1","11","ResponseID | ObserverID | CaseID | EntryCondition | ObserverClass | PriorExposure | SubmittedAt | ResponseText | SourceReferences | DeclaredUncertainty | ResponseStatus","False","False","False","False","False","False","False","False","False","True","False","False","False","0","0","0","0","0","0","0","624B26AD883AE70A954EFD2FEDE89470E562DB6D336A5A13E0E477417D7BA512"
"volumes/VOLUME_I_FOUNDATION/verification/execution/MS-T1_CONTROLLED_EXECUTION/00_COLLECTION_PACKET/SEMANTIC_ASSESSMENTS.COLLECTION_COPY.csv","C:\Users\18177\morning-star\volumes\VOLUME_I_FOUNDATION\verification\execution\MS-T1_CONTROLLED_EXECUTION\00_COLLECTION_PACKET\SEMANTIC_ASSESSMENTS.COLLECTION_COPY.csv","228","PASS","","1","12","AssessmentID | ResponseID | PropertyID | PropertyClass | Compensability | AssessorID | AssessmentResult | Materiality | EvidenceReference | Rationale | AdjudicationStatus | FinalResult","False","False","False","False","False","False","False","False","False","False","False","False","True","0","0","0","0","0","0","0","300FBA791EE13950C65B768D79B9F47D3B4AF539F604C4D62948DE2B613AA089"
"volumes/VOLUME_I_FOUNDATION/verification/execution/MS-T1_CONTROLLED_EXECUTION/00_COLLECTION_PACKET/TRIAL_CASES.COLLECTION_COPY.csv","C:\Users\18177\morning-star\volumes\VOLUME_I_FOUNDATION\verification\execution\MS-T1_CONTROLLED_EXECUTION\00_COLLECTION_PACKET\TRIAL_CASES.COLLECTION_COPY.csv","223","PASS","","1","10","CaseID | GovernedObjectID | FrameworkID | GoverningVersion | MaterialPropertyCount | CanonicalSource | DependencyIDs | AuthoritySource | UncertaintyState | CaseStatus","False","False","False","False","False","False","False","False","False","True","False","False","False","0","0","0","0","0","0","0","7369B940B68498282EEA89CECAC82B48069B2AB5B63DAA43CECCD87426BA636F"
"volumes/VOLUME_I_FOUNDATION/verification/execution/MS-T1_CONTROLLED_EXECUTION/01_INPUT/TRIAL_CASES.csv","C:\Users\18177\morning-star\volumes\VOLUME_I_FOUNDATION\verification\execution\MS-T1_CONTROLLED_EXECUTION\01_INPUT\TRIAL_CASES.csv","223","PASS","","1","10","CaseID | GovernedObjectID | FrameworkID | GoverningVersion | MaterialPropertyCount | CanonicalSource | DependencyIDs | AuthoritySource | UncertaintyState | CaseStatus","False","False","False","False","False","False","False","False","False","True","False","False","False","0","0","0","0","0","0","0","7369B940B68498282EEA89CECAC82B48069B2AB5B63DAA43CECCD87426BA636F"
"volumes/VOLUME_I_FOUNDATION/verification/execution/MS-T1_CONTROLLED_EXECUTION/02_EVIDENCE/OBSERVER_RESPONSES.csv","C:\Users\18177\morning-star\volumes\VOLUME_I_FOUNDATION\verification\execution\MS-T1_CONTROLLED_EXECUTION\02_EVIDENCE\OBSERVER_RESPONSES.csv","209","PASS","","1","11","ResponseID | ObserverID | CaseID | EntryCondition | ObserverClass | PriorExposure | SubmittedAt | ResponseText | SourceReferences | DeclaredUncertainty | ResponseStatus","False","False","False","False","False","False","False","False","False","True","False","False","False","0","0","0","0","0","0","0","624B26AD883AE70A954EFD2FEDE89470E562DB6D336A5A13E0E477417D7BA512"
"volumes/VOLUME_I_FOUNDATION/verification/execution/MS-T1_CONTROLLED_EXECUTION/03_ASSESSMENT/SEMANTIC_ASSESSMENTS.csv","C:\Users\18177\morning-star\volumes\VOLUME_I_FOUNDATION\verification\execution\MS-T1_CONTROLLED_EXECUTION\03_ASSESSMENT\SEMANTIC_ASSESSMENTS.csv","228","PASS","","1","12","AssessmentID | ResponseID | PropertyID | PropertyClass | Compensability | AssessorID | AssessmentResult | Materiality | EvidenceReference | Rationale | AdjudicationStatus | FinalResult","False","False","False","False","False","False","False","False","False","False","False","False","True","0","0","0","0","0","0","0","300FBA791EE13950C65B768D79B9F47D3B4AF539F604C4D62948DE2B613AA089"
"volumes/VOLUME_I_FOUNDATION/verification/execution/MS-T2_CONTROLLED_EXECUTION/00_COLLECTION_PACKET/DEPENDENCY_CHAINS.COLLECTION_COPY.csv","C:\Users\18177\morning-star\volumes\VOLUME_I_FOUNDATION\verification\execution\MS-T2_CONTROLLED_EXECUTION\00_COLLECTION_PACKET\DEPENDENCY_CHAINS.COLLECTION_COPY.csv","202","PASS","","1","9","ChainID | ChainName | GoverningVersion | RootObjectID | TerminalObjectID | DependencyDepth | CorrectionAvailability | CanonicalSource | ChainStatus","False","False","False","False","False","False","False","False","False","False","False","False","False","0","0","0","0","0","0","0","7F5A003991A102650FFE6575AC6BEEFC3EDC8D02BFDFC055B4E8D2FFD17404F2"
"volumes/VOLUME_I_FOUNDATION/verification/execution/MS-T2_CONTROLLED_EXECUTION/00_COLLECTION_PACKET/DOWNSTREAM_ASSESSMENTS.COLLECTION_COPY.csv","C:\Users\18177\morning-star\volumes\VOLUME_I_FOUNDATION\verification\execution\MS-T2_CONTROLLED_EXECUTION\00_COLLECTION_PACKET\DOWNSTREAM_ASSESSMENTS.COLLECTION_COPY.csv","222","PASS","","1","12","AssessmentID | CaseID | ObjectID | PropertyClass | AssessorID | AssessmentResult | Materiality | Compensability | EvidenceReference | Rationale | FinalResult | AdjudicationStatus","False","False","False","False","False","False","False","False","False","True","False","False","True","0","0","0","0","0","0","0","201D0A0EE2FD350F660E3ECB9171607497DA80566CF7FA3090B621E152249F24"
"volumes/VOLUME_I_FOUNDATION/verification/execution/MS-T2_CONTROLLED_EXECUTION/00_COLLECTION_PACKET/PROPAGATION_EVENTS.COLLECTION_COPY.csv","C:\Users\18177\morning-star\volumes\VOLUME_I_FOUNDATION\verification\execution\MS-T2_CONTROLLED_EXECUTION\00_COLLECTION_PACKET\PROPAGATION_EVENTS.COLLECTION_COPY.csv","226","PASS","","1","12","EventID | CaseID | SourceObjectID | TargetObjectID | DependencyEdgeID | PropertyClass | PropagationLevel | EventClass | EvidenceReference | DetectedAt | DetectionMethod | EventStatus","False","False","False","False","False","False","False","False","False","True","False","False","False","0","0","0","0","0","0","0","5BE053EDC8F888E4D9897926D67BA6172B973386AF41CCB77799A73FADF686F9"
"volumes/VOLUME_I_FOUNDATION/verification/execution/MS-T2_CONTROLLED_EXECUTION/00_COLLECTION_PACKET/TRIAL_CASES.COLLECTION_COPY.csv","C:\Users\18177\morning-star\volumes\VOLUME_I_FOUNDATION\verification\execution\MS-T2_CONTROLLED_EXECUTION\00_COLLECTION_PACKET\TRIAL_CASES.COLLECTION_COPY.csv","325","PASS","","2","10","CaseID | ChainID | Condition | SeedObjectID | DivergenceClass | OriginalValue | SeededValue | SeedPropertyClass | CorrectionEnabled | CaseStatus","False","False","False","False","False","False","False","False","False","True","False","False","False","0","0","0","0","0","0","0","F9D7F57EF6A96BEC24B6DCB901071F956762C224E469748C5D8F651D391A8E59"
"volumes/VOLUME_I_FOUNDATION/verification/execution/MS-T2_CONTROLLED_EXECUTION/01_INPUT/DEPENDENCY_CHAINS.csv","C:\Users\18177\morning-star\volumes\VOLUME_I_FOUNDATION\verification\execution\MS-T2_CONTROLLED_EXECUTION\01_INPUT\DEPENDENCY_CHAINS.csv","202","PASS","","1","9","ChainID | ChainName | GoverningVersion | RootObjectID | TerminalObjectID | DependencyDepth | CorrectionAvailability | CanonicalSource | ChainStatus","False","False","False","False","False","False","False","False","False","False","False","False","False","0","0","0","0","0","0","0","7F5A003991A102650FFE6575AC6BEEFC3EDC8D02BFDFC055B4E8D2FFD17404F2"
"volumes/VOLUME_I_FOUNDATION/verification/execution/MS-T2_CONTROLLED_EXECUTION/01_INPUT/TRIAL_CASES.csv","C:\Users\18177\morning-star\volumes\VOLUME_I_FOUNDATION\verification\execution\MS-T2_CONTROLLED_EXECUTION\01_INPUT\TRIAL_CASES.csv","325","PASS","","2","10","CaseID | ChainID | Condition | SeedObjectID | DivergenceClass | OriginalValue | SeededValue | SeedPropertyClass | CorrectionEnabled | CaseStatus","False","False","False","False","False","False","False","False","False","True","False","False","False","0","0","0","0","0","0","0","F9D7F57EF6A96BEC24B6DCB901071F956762C224E469748C5D8F651D391A8E59"
"volumes/VOLUME_I_FOUNDATION/verification/execution/MS-T2_CONTROLLED_EXECUTION/02_EVIDENCE/PROPAGATION_EVENTS.csv","C:\Users\18177\morning-star\volumes\VOLUME_I_FOUNDATION\verification\execution\MS-T2_CONTROLLED_EXECUTION\02_EVIDENCE\PROPAGATION_EVENTS.csv","226","PASS","","1","12","EventID | CaseID | SourceObjectID | TargetObjectID | DependencyEdgeID | PropertyClass | PropagationLevel | EventClass | EvidenceReference | DetectedAt | DetectionMethod | EventStatus","False","False","False","False","False","False","False","False","False","True","False","False","False","0","0","0","0","0","0","0","5BE053EDC8F888E4D9897926D67BA6172B973386AF41CCB77799A73FADF686F9"
"volumes/VOLUME_I_FOUNDATION/verification/execution/MS-T2_CONTROLLED_EXECUTION/03_ASSESSMENT/DOWNSTREAM_ASSESSMENTS.csv","C:\Users\18177\morning-star\volumes\VOLUME_I_FOUNDATION\verification\execution\MS-T2_CONTROLLED_EXECUTION\03_ASSESSMENT\DOWNSTREAM_ASSESSMENTS.csv","222","PASS","","1","12","AssessmentID | CaseID | ObjectID | PropertyClass | AssessorID | AssessmentResult | Materiality | Compensability | EvidenceReference | Rationale | FinalResult | AdjudicationStatus","False","False","False","False","False","False","False","False","False","True","False","False","True","0","0","0","0","0","0","0","201D0A0EE2FD350F660E3ECB9171607497DA80566CF7FA3090B621E152249F24"
"volumes/VOLUME_I_FOUNDATION/verification/MS-T1/archive/ARCHIVE_INDEX.csv","C:\Users\18177\morning-star\volumes\VOLUME_I_FOUNDATION\verification\MS-T1\archive\ARCHIVE_INDEX.csv","633","PASS","","1","14","ArchiveEntryID | TheoremID | VerificationID | TrialID | ReleaseID | VerificationResult | AssuranceState | PublicationState | GeneralizationState | PackageState | PackageManifestPath | PackageManifestSHA256 | ClosureReportPath | ClosedAt","True","False","False","False","False","False","False","False","False","False","False","False","False","0","0","0","0","0","0","0","B3213A588544A752D407BCC7637372849AEF71A2635F53A393141E16BCC2F775"
"volumes/VOLUME_I_FOUNDATION/verification/MS-T1/PACKAGE_MANIFEST.csv","C:\Users\18177\morning-star\volumes\VOLUME_I_FOUNDATION\verification\MS-T1\PACKAGE_MANIFEST.csv","17812","PASS","","75","9","PackageArtifactID | TheoremID | VerificationID | TrialID | RelativePath | SHA256 | SizeBytes | RecordedAt | PackageState","True","False","False","False","False","False","False","False","False","False","False","False","False","0","0","0","0","0","0","0","5CED29C32D5B75BA9D7FCB1B382F0601F6E65148D560AD858252C1389BF517AD"
"volumes/VOLUME_I_FOUNDATION/verification/MS-T1/source_snapshot/SOURCE_MATCHES.csv","C:\Users\18177\morning-star\volumes\VOLUME_I_FOUNDATION\verification\MS-T1\source_snapshot\SOURCE_MATCHES.csv","4900","PASS","","20","11","MatchID | TheoremID | MatchClass | Priority | SourcePath | LineNumber | MatchedTerms | SourceText | ReviewStatus | CanonicalUse | Notes","True","False","False","False","False","False","False","False","True","False","False","False","False","0","0","0","0","0","0","0","7537E228FFC488DD7C471A832432B0C6C32D5CDB92CDB37C7F84330CB767E617"
"volumes/VOLUME_I_FOUNDATION/verification/MS-T1/source_snapshot/SOURCE_REVIEW_REGISTER.csv","C:\Users\18177\morning-star\volumes\VOLUME_I_FOUNDATION\verification\MS-T1\source_snapshot\SOURCE_REVIEW_REGISTER.csv","6166","PASS","","20","12","MatchID | TheoremID | MatchClass | EvidenceClass | AuthorityWeight | AutomaticDisposition | SourcePath | LineNumber | SourceText | CanonicalUse | ReviewStatus | Notes","True","False","False","False","False","False","False","False","True","False","False","False","False","0","0","0","0","0","0","0","0C2A3963A921B85EF4ECAE5F2F8DC4D0B167A3BE58DA66E8264D435DA859DFE9"
"volumes/VOLUME_I_FOUNDATION/verification/MS-T1/source_snapshot/THEOREM_DEFINITION_GAPS.csv","C:\Users\18177\morning-star\volumes\VOLUME_I_FOUNDATION\verification\MS-T1\source_snapshot\THEOREM_DEFINITION_GAPS.csv","938","PASS","","4","9","GapID | TheoremID | Field | Severity | Description | RequiredResolution | ResolutionStatus | EvidenceReference | Notes","True","False","False","False","False","False","False","False","False","False","False","False","False","0","0","0","0","0","0","0","D1D8030B76C51512319473482C216FF8640C10698FFE2A94550C7AB01551798F"
"volumes/VOLUME_I_FOUNDATION/verification/MS-T1/source_snapshot/THEOREM_SOURCE_EVIDENCE_MATRIX.csv","C:\Users\18177\morning-star\volumes\VOLUME_I_FOUNDATION\verification\MS-T1\source_snapshot\THEOREM_SOURCE_EVIDENCE_MATRIX.csv","6142","PASS","","20","13","EvidenceID | TheoremID | VerificationID | EvidenceClass | MatchClass | AuthorityWeight | Disposition | SourcePath | LineNumber | EvidenceText | CanonicalAdmission | VerificationStatus | Notes","True","False","False","False","False","False","False","False","False","False","False","True","False","0","0","0","0","0","0","0","205B03269EF58B3411F50B755A36F6ED25B3E7F4D238FBB0EF69C562DA7195E9"
"volumes/VOLUME_I_FOUNDATION/verification/MS-T1/TRIAL_REGISTER.csv","C:\Users\18177\morning-star\volumes\VOLUME_I_FOUNDATION\verification\MS-T1\TRIAL_REGISTER.csv","407","PASS","","1","10","TrialID | TheoremID | VerificationID | CreatedAt | TrialState | ExecutionState | EvidenceState | ResultState | TrialPath | Notes","True","False","False","False","False","False","False","False","False","False","False","False","False","0","0","0","0","0","0","0","A228B12D8B1DC9587A24C4081EF3BFEF389A06C29CB46224A7FE2A3E6EA6545C"
"volumes/VOLUME_I_FOUNDATION/verification/MS-T1/trials/MS-T1-TRIAL-0001/assessment/EVIDENCE_REVIEW_REGISTER.csv","C:\Users\18177\morning-star\volumes\VOLUME_I_FOUNDATION\verification\MS-T1\trials\MS-T1-TRIAL-0001\assessment\EVIDENCE_REVIEW_REGISTER.csv","1701","PASS","","5","15","ReviewID | TrialID | EvidenceID | EvidenceClass | ReviewedAt | IntegrityReview | ContentReview | IdentityReview | ProvenanceReview | UncertaintyReview | ScopeReview | SufficiencyReview | AdmissibilityDecision | Reviewer | Notes","False","False","False","False","False","False","False","False","False","False","False","True","False","0","0","0","0","0","0","0","BFF1E5A178EB9C4AC26EDB5B1BFA3F5B2E6527DD1988D254A2FA3BC24E2F51E4"
"volumes/VOLUME_I_FOUNDATION/verification/MS-T1/trials/MS-T1-TRIAL-0001/authority_snapshot/THEOREM_DEFINITION_GAPS.csv","C:\Users\18177\morning-star\volumes\VOLUME_I_FOUNDATION\verification\MS-T1\trials\MS-T1-TRIAL-0001\authority_snapshot\THEOREM_DEFINITION_GAPS.csv","938","PASS","","4","9","GapID | TheoremID | Field | Severity | Description | RequiredResolution | ResolutionStatus | EvidenceReference | Notes","True","False","False","False","False","False","False","False","False","False","False","False","False","0","0","0","0","0","0","0","D1D8030B76C51512319473482C216FF8640C10698FFE2A94550C7AB01551798F"
"volumes/VOLUME_I_FOUNDATION/verification/MS-T1/trials/MS-T1-TRIAL-0001/authority_snapshot/THEOREM_SOURCE_EVIDENCE_MATRIX.csv","C:\Users\18177\morning-star\volumes\VOLUME_I_FOUNDATION\verification\MS-T1\trials\MS-T1-TRIAL-0001\authority_snapshot\THEOREM_SOURCE_EVIDENCE_MATRIX.csv","6142","PASS","","20","13","EvidenceID | TheoremID | VerificationID | EvidenceClass | MatchClass | AuthorityWeight | Disposition | SourcePath | LineNumber | EvidenceText | CanonicalAdmission | VerificationStatus | Notes","True","False","False","False","False","False","False","False","False","False","False","True","False","0","0","0","0","0","0","0","205B03269EF58B3411F50B755A36F6ED25B3E7F4D238FBB0EF69C562DA7195E9"
"volumes/VOLUME_I_FOUNDATION/verification/MS-T1/trials/MS-T1-TRIAL-0001/CONDITION_EVALUATION_REGISTER.csv","C:\Users\18177\morning-star\volumes\VOLUME_I_FOUNDATION\verification\MS-T1\trials\MS-T1-TRIAL-0001\CONDITION_EVALUATION_REGISTER.csv","8357","PASS","","38","11","EvaluationID | TrialID | ConditionID | ConditionType | ConditionText | EvidenceReferences | EvaluationState | Determination | Evaluator | EvaluatedAt | Notes","False","False","False","False","False","False","False","False","False","False","False","False","False","0","0","0","0","0","0","0","47F628C87A6DB262C5D26958F166E34AA00E166033AAFC665C18D303DE65FBB9"
"volumes/VOLUME_I_FOUNDATION/verification/MS-T1/trials/MS-T1-TRIAL-0001/CONSTRAINT_EVALUATION_REGISTER.csv","C:\Users\18177\morning-star\volumes\VOLUME_I_FOUNDATION\verification\MS-T1\trials\MS-T1-TRIAL-0001\CONSTRAINT_EVALUATION_REGISTER.csv","2246","PASS","","6","11","ConstraintID | TrialID | TheoremID | ConstraintType | ApplicabilityState | EvaluationState | EvidenceReferences | EvaluatedAt | Evaluator | Finding | Notes","True","False","False","False","False","False","False","False","False","False","False","False","False","0","0","0","0","0","0","0","981E1000B58559D361AE7F9EE60C3A580AB03FAF36077D383D857A2DC416F54C"
"volumes/VOLUME_I_FOUNDATION/verification/MS-T1/trials/MS-T1-TRIAL-0001/DECISION_REGISTER.csv","C:\Users\18177\morning-star\volumes\VOLUME_I_FOUNDATION\verification\MS-T1\trials\MS-T1-TRIAL-0001\DECISION_REGISTER.csv","117","PASS","","0","9","DecisionID | TrialID | DecisionType | DecisionState | AuthorityBasis | EvidenceReferences | DecisionMaker | DecisionTime | Notes","False","False","False","False","False","False","False","False","False","False","False","False","False","0","0","0","0","0","0","0","2619D5897A3D4A30B6E9E1DDC33007077B8DF40D468AEA9776712BD5BCBF7EED"
"volumes/VOLUME_I_FOUNDATION/verification/MS-T1/trials/MS-T1-TRIAL-0001/evidence/_SUBMISSIONS/COLLECTION_REGISTER.csv","C:\Users\18177\morning-star\volumes\VOLUME_I_FOUNDATION\verification\MS-T1\trials\MS-T1-TRIAL-0001\evidence\_SUBMISSIONS\COLLECTION_REGISTER.csv","1285","PASS","","5","11","CollectionID | TrialID | EvidenceClass | RequestArtifact | CollectionState | Required | CandidateItemCount | SubmittedItemCount | RegisteredItemCount | ReviewState | Notes","False","False","False","False","False","False","False","False","False","False","False","False","False","0","0","0","0","0","0","0","5BB2C6F241EECCFEFDB68D0DD4DEB47F1980358306AB71E101081EA427455EB2"
"volumes/VOLUME_I_FOUNDATION/verification/MS-T1/trials/MS-T1-TRIAL-0001/evidence/_SUBMISSIONS/EVIDENCE_REGISTRATION_TEMPLATE.csv","C:\Users\18177\morning-star\volumes\VOLUME_I_FOUNDATION\verification\MS-T1\trials\MS-T1-TRIAL-0001\evidence\_SUBMISSIONS\EVIDENCE_REGISTRATION_TEMPLATE.csv","190","PASS","","0","13","EvidenceID | TrialID | EvidenceClass | SourcePath | RegisteredAt | ProvenanceStatus | ReviewStatus | AdmissibilityStatus | UncertaintyStatus | RequirementReferences | AcquisitionMethod | OriginalSource | Notes","False","False","False","False","False","False","False","False","True","False","False","True","False","0","0","0","0","0","0","0","75475E954BCF6FA57FFBB18047C09EC49A5D29777DC8731100FF8A7E28562D6F"
"volumes/VOLUME_I_FOUNDATION/verification/MS-T1/trials/MS-T1-TRIAL-0001/evidence/_SUBMISSIONS/SUBMISSION_MANIFEST.csv","C:\Users\18177\morning-star\volumes\VOLUME_I_FOUNDATION\verification\MS-T1\trials\MS-T1-TRIAL-0001\evidence\_SUBMISSIONS\SUBMISSION_MANIFEST.csv","1934","PASS","","5","12","SubmissionID | TrialID | EvidenceClass | SubmittedFileName | RelativeSubmissionPath | SubmittedAt | SubmittedBy | AcquisitionMethod | OriginalSource | RequirementReferences | SubmissionState | Notes","False","False","False","False","False","False","False","False","False","False","False","False","False","0","0","0","0","0","0","0","770838C9A8F3CB841E23B2A3542A0C5411D5812D2C11CE85F9D04F689ECE2D7C"
"volumes/VOLUME_I_FOUNDATION/verification/MS-T1/trials/MS-T1-TRIAL-0001/evidence/_SUBMISSIONS/trace/MS-T1-TRACE-0001.csv","C:\Users\18177\morning-star\volumes\VOLUME_I_FOUNDATION\verification\MS-T1\trials\MS-T1-TRIAL-0001\evidence\_SUBMISSIONS\trace\MS-T1-TRACE-0001.csv","1525","PASS","","5","14","EvidenceID | TrialID | ScenarioID | EventSequence | EventType | PriorState | NewState | CanonicalIdentityState | DependencyOrderState | ScopeState | AuthorityState | UncertaintyState | ProvenanceStatus | Notes","False","False","False","False","False","False","False","False","False","False","False","True","False","0","0","0","0","0","0","0","2E20C5EA21689B6710132B29C54176D795054212EF8890F99E2A3E968AA0692D"
"volumes/VOLUME_I_FOUNDATION/verification/MS-T1/trials/MS-T1-TRIAL-0001/evidence/registered/EVIDENCE_INTEGRITY_MANIFEST.csv","C:\Users\18177\morning-star\volumes\VOLUME_I_FOUNDATION\verification\MS-T1\trials\MS-T1-TRIAL-0001\evidence\registered\EVIDENCE_INTEGRITY_MANIFEST.csv","1451","PASS","","5","10","EvidenceID | SubmissionID | TrialID | EvidenceClass | SubmittedPath | RegisteredPath | SHA256 | SizeBytes | IntegrityState | RegisteredAt","False","False","False","False","False","False","False","False","False","False","False","True","False","0","0","0","0","0","0","0","B3B48F61E53F7001400F5972B464270A311B1903091575910F583AD47D66A6E0"
"volumes/VOLUME_I_FOUNDATION/verification/MS-T1/trials/MS-T1-TRIAL-0001/evidence/registered/trace/MS-T1-TRACE-0001.csv","C:\Users\18177\morning-star\volumes\VOLUME_I_FOUNDATION\verification\MS-T1\trials\MS-T1-TRIAL-0001\evidence\registered\trace\MS-T1-TRACE-0001.csv","1525","PASS","","5","14","EvidenceID | TrialID | ScenarioID | EventSequence | EventType | PriorState | NewState | CanonicalIdentityState | DependencyOrderState | ScopeState | AuthorityState | UncertaintyState | ProvenanceStatus | Notes","False","False","False","False","False","False","False","False","False","False","False","True","False","0","0","0","0","0","0","0","2E20C5EA21689B6710132B29C54176D795054212EF8890F99E2A3E968AA0692D"
"volumes/VOLUME_I_FOUNDATION/verification/MS-T1/trials/MS-T1-TRIAL-0001/EVIDENCE_CLASS_REGISTER.csv","C:\Users\18177\morning-star\volumes\VOLUME_I_FOUNDATION\verification\MS-T1\trials\MS-T1-TRIAL-0001\EVIDENCE_CLASS_REGISTER.csv","719","PASS","","5","6","EvidenceClassID | EvidenceClass | Directory | Purpose | Required | RegistrationState","False","False","False","False","False","False","False","False","False","False","False","False","False","0","0","0","0","0","0","0","BD312B048AA254EFFF3DF9047499ED1E8B31C6159A632B9D739D354FD440774D"
"volumes/VOLUME_I_FOUNDATION/verification/MS-T1/trials/MS-T1-TRIAL-0001/EVIDENCE_REGISTER.csv","C:\Users\18177\morning-star\volumes\VOLUME_I_FOUNDATION\verification\MS-T1\trials\MS-T1-TRIAL-0001\EVIDENCE_REGISTER.csv","1953","PASS","","5","13","EvidenceID | TrialID | EvidenceClass | SourcePath | RegisteredAt | ProvenanceStatus | ReviewStatus | AdmissibilityStatus | UncertaintyStatus | RequirementReferences | AcquisitionMethod | OriginalSource | Notes","False","False","False","False","False","False","False","False","True","False","False","True","False","0","0","0","0","0","0","0","6E24F7D483756A1048122006AB09BECAAEC041AF418735F298123C0AC50DCA79"
"volumes/VOLUME_I_FOUNDATION/verification/MS-T1/trials/MS-T1-TRIAL-0001/EVIDENCE_REQUIREMENT_REGISTER.csv","C:\Users\18177\morning-star\volumes\VOLUME_I_FOUNDATION\verification\MS-T1\trials\MS-T1-TRIAL-0001\EVIDENCE_REQUIREMENT_REGISTER.csv","1736","PASS","","4","12","RequirementID | TrialID | RequirementType | GoverningReference | RequirementText | RequiredEvidenceClass | Mandatory | EvidenceReferences | RegistrationState | ReviewState | AdmissibilityState | Notes","False","False","False","False","False","False","False","False","False","False","False","False","False","0","0","0","0","0","0","0","B8EC5B78468E70395A3C15E065EF5C13A374B4C44F9F5FD1D5E4B7EC6AEB6D16"
"volumes/VOLUME_I_FOUNDATION/verification/MS-T1/trials/MS-T1-TRIAL-0001/EXECUTION_REGISTER.csv","C:\Users\18177\morning-star\volumes\VOLUME_I_FOUNDATION\verification\MS-T1\trials\MS-T1-TRIAL-0001\EXECUTION_REGISTER.csv","118","PASS","","0","10","ExecutionID | TrialID | StartedAt | CompletedAt | ExecutionState | EvidenceCount | EvaluationCount | ResultState | Executor | Notes","False","False","False","False","False","False","False","False","False","False","False","False","False","0","0","0","0","0","0","0","31F773BF00CE2134821D1946592BD489D3FF12BE7FF5D97F39D6D4A3E637C11F"
"volumes/VOLUME_I_FOUNDATION/verification/MS-T1/trials/MS-T1-TRIAL-0001/release/RELEASE_MANIFEST.csv","C:\Users\18177\morning-star\volumes\VOLUME_I_FOUNDATION\verification\MS-T1\trials\MS-T1-TRIAL-0001\release\RELEASE_MANIFEST.csv","2613","PASS","","10","11","ReleaseArtifactID | ReleaseID | TrialID | TheoremID | ArtifactClass | ArtifactPath | SHA256 | SizeBytes | Required | IntegrityState | ReleasedAt","True","False","False","False","False","False","False","False","False","False","False","False","False","0","0","0","0","0","0","0","5A8E565B1CA74C37F2B1142F32A981BDAB29B5E96600FC15528706629038573E"
"volumes/VOLUME_I_FOUNDATION/verification/MS-T1/trials/MS-T1-TRIAL-0001/runtime/OBSERVATION_REGISTER.csv","C:\Users\18177\morning-star\volumes\VOLUME_I_FOUNDATION\verification\MS-T1\trials\MS-T1-TRIAL-0001\runtime\OBSERVATION_REGISTER.csv","1475","PASS","","4","13","ObservationID | TrialID | ObservationSequence | ObservationTime | ObservationType | PriorState | ObservedState | EvidenceReferences | AuthorityReference | UncertaintyState | AdmissibilityState | Observer | Notes","False","False","False","False","False","False","False","False","False","False","False","False","False","0","0","0","0","0","0","0","762BFFA27776BC387574663B6F4133276EB7A09EC4E1F529A846473F0C5D8E92"
"volumes/VOLUME_I_FOUNDATION/verification/MS-T1/trials/MS-T1-TRIAL-0001/runtime/TRANSITION_PLAN.csv","C:\Users\18177\morning-star\volumes\VOLUME_I_FOUNDATION\verification\MS-T1\trials\MS-T1-TRIAL-0001\runtime\TRANSITION_PLAN.csv","1841","PASS","","6","10","TransitionID | TrialID | Sequence | TransitionName | PriorState | IntendedState | RequiredEvidenceClass | ExecutionState | EvidenceReferences | Notes","False","False","False","False","False","False","False","False","False","False","False","False","False","0","0","0","0","0","0","0","5B406E4FEEC5828450AFC8E1FD6547955A06E54A640AF93C75B7E20D1E2A82D9"
"volumes/VOLUME_I_FOUNDATION/verification/MS-T1/trials/MS-T1-TRIAL-0001/TRACE_REGISTER.csv","C:\Users\18177\morning-star\volumes\VOLUME_I_FOUNDATION\verification\MS-T1\trials\MS-T1-TRIAL-0001\TRACE_REGISTER.csv","6105","PASS","","17","11","TraceEventID | TrialID | EventSequence | EventTime | EventType | PriorState | NewState | AuthorityReference | EvidenceReference | Actor | Notes","False","False","False","False","False","False","False","False","False","False","False","False","False","0","0","0","0","0","0","0","27343F27077B4DBF04168C50777E06F5600648C92CBCCB45CBFC53E9DC3FD7E0"
"volumes/VOLUME_I_FOUNDATION/verification/MS-T1/trials/MS-T1-TRIAL-0001/VERIFICATION_RESULT_REGISTER.csv","C:\Users\18177\morning-star\volumes\VOLUME_I_FOUNDATION\verification\MS-T1\trials\MS-T1-TRIAL-0001\VERIFICATION_RESULT_REGISTER.csv","746","PASS","","1","18","ResultID | TrialID | TheoremID | VerificationID | DecisionID | DecidedAt | ResultState | VerificationResult | AssuranceState | EvidenceCount | SatisfiedConstraintCount | SatisfiedSuccessConditionCount | TriggeredFalsificationCount | Scope | GeneralizationState | PublicationState | AuthorityReference | Notes","True","False","False","False","False","False","False","False","False","False","False","False","False","0","0","0","0","0","0","0","BB385760AFB51AB795795F830B451E46491E2A93BC9853C1F6CF66CFF3C082B8"
"volumes/VOLUME_I_FOUNDATION/verification/MS-T1_GOVERNED_INITIATION_TRIAL/OBSERVER_RESPONSES.csv","C:\Users\18177\morning-star\volumes\VOLUME_I_FOUNDATION\verification\MS-T1_GOVERNED_INITIATION_TRIAL\OBSERVER_RESPONSES.csv","209","PASS","","1","11","ResponseID | ObserverID | CaseID | EntryCondition | ObserverClass | PriorExposure | SubmittedAt | ResponseText | SourceReferences | DeclaredUncertainty | ResponseStatus","False","False","False","False","False","False","False","False","False","True","False","False","False","0","0","0","0","0","0","0","624B26AD883AE70A954EFD2FEDE89470E562DB6D336A5A13E0E477417D7BA512"
"volumes/VOLUME_I_FOUNDATION/verification/MS-T1_GOVERNED_INITIATION_TRIAL/SEMANTIC_ASSESSMENTS.csv","C:\Users\18177\morning-star\volumes\VOLUME_I_FOUNDATION\verification\MS-T1_GOVERNED_INITIATION_TRIAL\SEMANTIC_ASSESSMENTS.csv","228","PASS","","1","12","AssessmentID | ResponseID | PropertyID | PropertyClass | Compensability | AssessorID | AssessmentResult | Materiality | EvidenceReference | Rationale | AdjudicationStatus | FinalResult","False","False","False","False","False","False","False","False","False","False","False","False","True","0","0","0","0","0","0","0","300FBA791EE13950C65B768D79B9F47D3B4AF539F604C4D62948DE2B613AA089"
"volumes/VOLUME_I_FOUNDATION/verification/MS-T1_GOVERNED_INITIATION_TRIAL/TRIAL_CASES.csv","C:\Users\18177\morning-star\volumes\VOLUME_I_FOUNDATION\verification\MS-T1_GOVERNED_INITIATION_TRIAL\TRIAL_CASES.csv","223","PASS","","1","10","CaseID | GovernedObjectID | FrameworkID | GoverningVersion | MaterialPropertyCount | CanonicalSource | DependencyIDs | AuthoritySource | UncertaintyState | CaseStatus","False","False","False","False","False","False","False","False","False","True","False","False","False","0","0","0","0","0","0","0","7369B940B68498282EEA89CECAC82B48069B2AB5B63DAA43CECCD87426BA636F"
"volumes/VOLUME_I_FOUNDATION/verification/MS-T2_DEPENDENCY_PROPAGATION_TRIAL/DEPENDENCY_CHAINS.csv","C:\Users\18177\morning-star\volumes\VOLUME_I_FOUNDATION\verification\MS-T2_DEPENDENCY_PROPAGATION_TRIAL\DEPENDENCY_CHAINS.csv","202","PASS","","1","9","ChainID | ChainName | GoverningVersion | RootObjectID | TerminalObjectID | DependencyDepth | CorrectionAvailability | CanonicalSource | ChainStatus","False","False","False","False","False","False","False","False","False","False","False","False","False","0","0","0","0","0","0","0","7F5A003991A102650FFE6575AC6BEEFC3EDC8D02BFDFC055B4E8D2FFD17404F2"
"volumes/VOLUME_I_FOUNDATION/verification/MS-T2_DEPENDENCY_PROPAGATION_TRIAL/DOWNSTREAM_ASSESSMENTS.csv","C:\Users\18177\morning-star\volumes\VOLUME_I_FOUNDATION\verification\MS-T2_DEPENDENCY_PROPAGATION_TRIAL\DOWNSTREAM_ASSESSMENTS.csv","222","PASS","","1","12","AssessmentID | CaseID | ObjectID | PropertyClass | AssessorID | AssessmentResult | Materiality | Compensability | EvidenceReference | Rationale | FinalResult | AdjudicationStatus","False","False","False","False","False","False","False","False","False","True","False","False","True","0","0","0","0","0","0","0","201D0A0EE2FD350F660E3ECB9171607497DA80566CF7FA3090B621E152249F24"
"volumes/VOLUME_I_FOUNDATION/verification/MS-T2_DEPENDENCY_PROPAGATION_TRIAL/PROPAGATION_EVENTS.csv","C:\Users\18177\morning-star\volumes\VOLUME_I_FOUNDATION\verification\MS-T2_DEPENDENCY_PROPAGATION_TRIAL\PROPAGATION_EVENTS.csv","226","PASS","","1","12","EventID | CaseID | SourceObjectID | TargetObjectID | DependencyEdgeID | PropertyClass | PropagationLevel | EventClass | EvidenceReference | DetectedAt | DetectionMethod | EventStatus","False","False","False","False","False","False","False","False","False","True","False","False","False","0","0","0","0","0","0","0","5BE053EDC8F888E4D9897926D67BA6172B973386AF41CCB77799A73FADF686F9"
"volumes/VOLUME_I_FOUNDATION/verification/MS-T2_DEPENDENCY_PROPAGATION_TRIAL/TRIAL_CASES.csv","C:\Users\18177\morning-star\volumes\VOLUME_I_FOUNDATION\verification\MS-T2_DEPENDENCY_PROPAGATION_TRIAL\TRIAL_CASES.csv","325","PASS","","2","10","CaseID | ChainID | Condition | SeedObjectID | DivergenceClass | OriginalValue | SeededValue | SeedPropertyClass | CorrectionEnabled | CaseStatus","False","False","False","False","False","False","False","False","False","True","False","False","False","0","0","0","0","0","0","0","F9D7F57EF6A96BEC24B6DCB901071F956762C224E469748C5D8F651D391A8E59"
"volumes/VOLUME_I_FOUNDATION/verification/MS-T3_CAPABILITY_AUTHORITY_SEPARATION_TRIAL/ACTION_DECISIONS.csv","C:\Users\18177\morning-star\volumes\VOLUME_I_FOUNDATION\verification\MS-T3_CAPABILITY_AUTHORITY_SEPARATION_TRIAL\ACTION_DECISIONS.csv","413","PASS","","2","8","DecisionID | ScenarioID | ParticipantID | RequestedAction | Decision | DecisionBasis | AssessmentID | DecisionStatus","False","False","False","False","False","False","False","False","False","False","False","False","True","0","0","0","0","0","0","0","216114B98C0538467B103052CD57B440C80226735C888AC4B585031BE70D0973"
"volumes/VOLUME_I_FOUNDATION/verification/MS-T3_CAPABILITY_AUTHORITY_SEPARATION_TRIAL/AUTHORITY_ASSESSMENTS.csv","C:\Users\18177\morning-star\volumes\VOLUME_I_FOUNDATION\verification\MS-T3_CAPABILITY_AUTHORITY_SEPARATION_TRIAL\AUTHORITY_ASSESSMENTS.csv","726","PASS","","2","16","AssessmentID | DecisionID | AssessorID | CapabilityValid | AuthoritySourceValid | RoleMatch | DomainMatch | ActionScopeMatch | VersionMatch | TemporalValidity | DelegationValidity | AssessmentResult | EvidenceReference | Rationale | AdjudicationStatus | FinalResult","False","False","False","False","False","False","False","False","False","False","False","False","True","0","0","0","0","0","0","0","768142BC3CB84CC7ECCD4FAC3E3C7E745CCCC29ED6EEF985883EC883A3F3A30B"
"volumes/VOLUME_I_FOUNDATION/verification/MS-T3_CAPABILITY_AUTHORITY_SEPARATION_TRIAL/AUTHORITY_ASSIGNMENTS.csv","C:\Users\18177\morning-star\volumes\VOLUME_I_FOUNDATION\verification\MS-T3_CAPABILITY_AUTHORITY_SEPARATION_TRIAL\AUTHORITY_ASSIGNMENTS.csv","440","PASS","","1","12","AssignmentID | ParticipantID | AuthoritySource | RoleID | Domain | PermittedActions | GoverningVersion | ValidFrom | ValidUntil | Constraints | DelegationBasis | AuthorityStatus","False","False","False","False","False","False","False","False","False","False","False","False","False","0","0","0","0","0","0","0","3AED07F8731ABAD73814994D89D6D8BC5B2C051BB6901571209408150874E8E9"
"volumes/VOLUME_I_FOUNDATION/verification/MS-T3_CAPABILITY_AUTHORITY_SEPARATION_TRIAL/AUTHORITY_SCENARIOS.csv","C:\Users\18177\morning-star\volumes\VOLUME_I_FOUNDATION\verification\MS-T3_CAPABILITY_AUTHORITY_SEPARATION_TRIAL\AUTHORITY_SCENARIOS.csv","596","PASS","","2","12","ScenarioID | ScenarioPairID | AuthorityModel | ParticipantID | GovernedObjectID | RequestedAction | RequiredRole | RequiredDomain | RequiredVersion | RequiredCapability | CorrectDisposition | ScenarioStatus","False","False","False","False","False","False","False","False","False","False","False","False","False","0","0","0","0","0","0","0","0EBC16FFB6B97D928EC8CD10F37507EC7C0A2258A4163BDD89E7794E298541F9"
"volumes/VOLUME_I_FOUNDATION/verification/MS-T3_CAPABILITY_AUTHORITY_SEPARATION_TRIAL/PARTICIPANT_CAPABILITIES.csv","C:\Users\18177\morning-star\volumes\VOLUME_I_FOUNDATION\verification\MS-T3_CAPABILITY_AUTHORITY_SEPARATION_TRIAL\PARTICIPANT_CAPABILITIES.csv","330","PASS","","1","10","CapabilityRecordID | ParticipantID | Domain | CapabilityClass | CapabilityStatus | EvidenceReference | AssessorID | AssessedAt | ExpiresAt | Limitations","False","False","False","False","False","False","False","False","False","False","False","False","False","0","0","0","0","0","0","0","E86363A744A739F356978BA469EB7CA2061885B943B9BC371C675C9E40F08F33"
"volumes/VOLUME_I_FOUNDATION/verification/MS-T4_DOMAIN_VERSION_RELATIVITY_TRIAL/DOMAIN_PROFILES.csv","C:\Users\18177\morning-star\volumes\VOLUME_I_FOUNDATION\verification\MS-T4_DOMAIN_VERSION_RELATIVITY_TRIAL\DOMAIN_PROFILES.csv","2427","PASS","","3","11","DomainID | DomainName | CanonicalPurpose | GovernedObjects | RequiredCapabilities | BoundarySummary | DependencySummary | AuthoritySummary | UncertaintySummary | CanonicalSource | DomainStatus","False","False","False","False","False","False","False","False","False","False","False","False","False","0","0","0","0","0","0","0","A6A8E37D568FBD35286316D13F8662C8400D4518664B2FB49730E3212A5680AC"
"volumes/VOLUME_I_FOUNDATION/verification/MS-T4_DOMAIN_VERSION_RELATIVITY_TRIAL/OBSERVER_BASELINES.csv","C:\Users\18177\morning-star\volumes\VOLUME_I_FOUNDATION\verification\MS-T4_DOMAIN_VERSION_RELATIVITY_TRIAL\OBSERVER_BASELINES.csv","534","PASS","","1","10","BaselineID | ObserverID | SourceDomainID | SourceVersion | CapabilityStatus | EvidenceReference | VerifiedAt | ValidUntil | AuthorityScope | Limitations","False","False","False","False","False","False","False","False","False","False","False","False","False","0","0","0","0","0","0","0","308B0F55B8E08BC7086873C240733B58A06B1370AA12B95D8B0207285F4EAB96"
"volumes/VOLUME_I_FOUNDATION/verification/MS-T4_DOMAIN_VERSION_RELATIVITY_TRIAL/TRANSFER_ASSESSMENTS.csv","C:\Users\18177\morning-star\volumes\VOLUME_I_FOUNDATION\verification\MS-T4_DOMAIN_VERSION_RELATIVITY_TRIAL\TRANSFER_ASSESSMENTS.csv","10879","PASS","","36","12","AssessmentID | ResponseID | PropertyClass | AssessorID | AssessmentResult | Materiality | Compensability | EvidenceReference | Rationale | TransferDisposition | AdjudicationStatus | FinalResult","False","False","False","False","False","False","False","False","False","False","False","False","True","0","0","0","0","0","0","0","72A943351C5425129B4D508D1328A702F40FFB4B793A004C621560810428EA34"
"volumes/VOLUME_I_FOUNDATION/verification/MS-T4_DOMAIN_VERSION_RELATIVITY_TRIAL/TRANSFER_CASES.csv","C:\Users\18177\morning-star\volumes\VOLUME_I_FOUNDATION\verification\MS-T4_DOMAIN_VERSION_RELATIVITY_TRIAL\TRANSFER_CASES.csv","806","PASS","","4","11","TransferCaseID | ObserverID | SourceDomainID | TargetDomainID | SourceVersion | TargetVersion | DomainDistanceClass | VersionChangeClass | TransferRuleID | ExpectedDisposition | CaseStatus","False","False","False","False","False","False","False","False","False","False","False","False","False","0","0","0","0","0","0","0","DE6FE27B6A5CB831D25661CA7BC21E2F65E47A1347036ADAB6810AC316DD3571"
"volumes/VOLUME_I_FOUNDATION/verification/MS-T4_DOMAIN_VERSION_RELATIVITY_TRIAL/TRANSFER_RESPONSES.csv","C:\Users\18177\morning-star\volumes\VOLUME_I_FOUNDATION\verification\MS-T4_DOMAIN_VERSION_RELATIVITY_TRIAL\TRANSFER_RESPONSES.csv","1961","PASS","","4","12","ResponseID | TransferCaseID | ObserverID | TargetReconstruction | TargetVersionIdentified | AuthoritySourceIdentified | DeclaredTransferStatus | RevalidationRequired | DeclaredUncertainty | EvidenceReferences | SubmittedAt | ResponseStatus","False","False","False","False","False","False","False","False","False","False","False","False","False","0","0","0","0","0","0","0","861BEEF43BA84F996D2B07D9DE71DD9592008D64EEADA259F6C06F4D9C4D4113"
"volumes/VOLUME_I_FOUNDATION/verification/MS-T4_DOMAIN_VERSION_RELATIVITY_TRIAL/VERSION_PROFILES.csv","C:\Users\18177\morning-star\volumes\VOLUME_I_FOUNDATION\verification\MS-T4_DOMAIN_VERSION_RELATIVITY_TRIAL\VERSION_PROFILES.csv","919","PASS","","4","10","VersionProfileID | DomainID | Version | EffectiveDate | Supersedes | ChangeClass | MaterialChanges | AuthorityState | CanonicalSource | VersionStatus","False","False","False","False","False","False","False","False","False","False","False","False","False","0","0","0","0","0","0","0","DBC7EEC196F857D702B67C9E937871185B6C6262C15BEB52CE6ED1CDB7463598"
"volumes/VOLUME_I_FOUNDATION/verification/MS-T5_MATERIAL_CHANGE_REVALIDATION_TRIAL/MATERIAL_REVISIONS.csv","C:\Users\18177\morning-star\volumes\VOLUME_I_FOUNDATION\verification\MS-T5_MATERIAL_CHANGE_REVALIDATION_TRIAL\MATERIAL_REVISIONS.csv","794","PASS","","2","12","RevisionID | SourceVersion | TargetVersion | EffectiveDate | ChangeClass | MaterialChangeType | AffectedObjects | AffectedProperties | CompatibilityState | AuthoritySource | CanonicalSource | RevisionStatus","False","False","False","False","False","False","False","False","False","False","False","False","False","0","0","0","0","0","0","0","B74C3B1600C7EEC8AAF2CBFBCD32581536D385ADDD3F899D5E7B6E8AE2F32166"
"volumes/VOLUME_I_FOUNDATION/verification/MS-T5_MATERIAL_CHANGE_REVALIDATION_TRIAL/OBSERVER_BASELINES.csv","C:\Users\18177\morning-star\volumes\VOLUME_I_FOUNDATION\verification\MS-T5_MATERIAL_CHANGE_REVALIDATION_TRIAL\OBSERVER_BASELINES.csv","644","PASS","","1","10","BaselineID | ObserverID | DomainID | VerifiedVersion | VerifiedCapabilities | EvidenceReference | VerifiedAt | ValidUntil | AuthorityScope | Limitations","False","False","False","False","False","False","False","False","False","False","False","False","False","0","0","0","0","0","0","0","FE2ECA8EBA09408C167B3E85C6C501C14C9584AAAACC7FBF2259D4A7A9485454"
"volumes/VOLUME_I_FOUNDATION/verification/MS-T5_MATERIAL_CHANGE_REVALIDATION_TRIAL/POST_REVISION_RESPONSES.csv","C:\Users\18177\morning-star\volumes\VOLUME_I_FOUNDATION\verification\MS-T5_MATERIAL_CHANGE_REVALIDATION_TRIAL\POST_REVISION_RESPONSES.csv","1606","PASS","","3","12","ResponseID | CaseID | ObserverID | GoverningVersionIdentified | CurrentReconstruction | SupersededRulesIdentified | AuthoritySourceIdentified | RevalidationClaim | DeclaredUncertainty | EvidenceReferences | SubmittedAt | ResponseStatus","False","False","False","False","False","False","False","False","False","True","False","False","False","0","0","0","0","0","0","0","1DE8800412AA1F7FE72994A4538ECABEE018A259D3397998167CF0C7629187D5"
"volumes/VOLUME_I_FOUNDATION/verification/MS-T5_MATERIAL_CHANGE_REVALIDATION_TRIAL/REVALIDATION_ASSESSMENTS.csv","C:\Users\18177\morning-star\volumes\VOLUME_I_FOUNDATION\verification\MS-T5_MATERIAL_CHANGE_REVALIDATION_TRIAL\REVALIDATION_ASSESSMENTS.csv","8252","PASS","","27","12","AssessmentID | ResponseID | PropertyClass | AssessorID | AssessmentResult | Materiality | Compensability | EvidenceReference | Rationale | RevalidationDisposition | AdjudicationStatus | FinalResult","False","False","False","False","False","False","False","False","False","False","False","False","True","0","0","0","0","0","0","0","FA920F5892D4D914240DCAB10C7DAD808339FE7BD032547D642BC84BECE20FA6"
"volumes/VOLUME_I_FOUNDATION/verification/MS-T5_MATERIAL_CHANGE_REVALIDATION_TRIAL/REVALIDATION_CASES.csv","C:\Users\18177\morning-star\volumes\VOLUME_I_FOUNDATION\verification\MS-T5_MATERIAL_CHANGE_REVALIDATION_TRIAL\REVALIDATION_CASES.csv","1212","PASS","","3","11","CaseID | ObserverID | RevisionID | SourceVersion | TargetVersion | RevalidationCondition | AffectedPropertyClass | CurrentCanonicalValue | SupersededValue | ExpectedDisposition | CaseStatus","False","False","False","False","False","False","False","False","False","True","False","False","False","0","0","0","0","0","0","0","23E4BD44AEEF4D4A6C6EBC7A341994FB5AD14701CAA78D18CD50FACA5792EC9A"
"volumes/VOLUME_I_FOUNDATION/verification/MS-T6_UNCERTAINTY_NON_ERASURE_TRIAL/OBSERVER_RESPONSES.csv","C:\Users\18177\morning-star\volumes\VOLUME_I_FOUNDATION\verification\MS-T6_UNCERTAINTY_NON_ERASURE_TRIAL\OBSERVER_RESPONSES.csv","1281","PASS","","3","13","ResponseID | CaseID | ObserverID | EvidenceStateIdentified | UncertaintyClassIdentified | Interpretation | Decision | CertaintyClaim | DeclaredUncertainty | ResolutionRequirements | EvidenceReferences | SubmittedAt | ResponseStatus","False","False","False","False","False","False","False","False","False","True","False","False","False","0","0","0","0","0","0","0","D0EA74DECB309985E3C38DEB33C31503D2909D63BE171F6257CC4C5AE3693B83"
"volumes/VOLUME_I_FOUNDATION/verification/MS-T6_UNCERTAINTY_NON_ERASURE_TRIAL/SOURCE_UNCERTAINTY_STATES.csv","C:\Users\18177\morning-star\volumes\VOLUME_I_FOUNDATION\verification\MS-T6_UNCERTAINTY_NON_ERASURE_TRIAL\SOURCE_UNCERTAINTY_STATES.csv","895","PASS","","2","10","SourceStateID | EvidenceObjectID | UncertaintyClass | AffectedProperty | UncertaintySource | Materiality | ResolutionState | CanonicalEvidence | ProhibitedInference | GoverningVersion","False","False","False","False","False","False","False","False","False","False","False","False","False","0","0","0","0","0","0","0","D14494D167D832D875E9A6F02E8638C13A6F192E766C2F7827804778171348A1"
"volumes/VOLUME_I_FOUNDATION/verification/MS-T6_UNCERTAINTY_NON_ERASURE_TRIAL/UNCERTAINTY_ASSESSMENTS.csv","C:\Users\18177\morning-star\volumes\VOLUME_I_FOUNDATION\verification\MS-T6_UNCERTAINTY_NON_ERASURE_TRIAL\UNCERTAINTY_ASSESSMENTS.csv","7848","PASS","","27","11","AssessmentID | ResponseID | PropertyClass | AssessorID | AssessmentResult | Materiality | Compensability | EvidenceReference | Rationale | AdjudicationStatus | FinalResult","False","False","False","False","False","False","False","False","False","False","False","False","True","0","0","0","0","0","0","0","E2504BCBB57D140B937E43A593D2742EA81E2BB09FADD94FF3E0E5712790E641"
"volumes/VOLUME_I_FOUNDATION/verification/MS-T6_UNCERTAINTY_NON_ERASURE_TRIAL/UNCERTAINTY_CASES.csv","C:\Users\18177\morning-star\volumes\VOLUME_I_FOUNDATION\verification\MS-T6_UNCERTAINTY_NON_ERASURE_TRIAL\UNCERTAINTY_CASES.csv","1049","PASS","","3","9","CaseID | SourceStateID | Condition | InterpretationTask | DecisionRequired | CanonicalResponseClass | ProhibitedResponseClass | ExpectedDisposition | CaseStatus","False","False","False","False","False","False","False","False","False","True","False","False","False","0","0","0","0","0","0","0","6ABE6E8B96C7D5DC984117462FBB681851354E39B97495C0A6AED27EFCF7ED9F"
"volumes/VOLUME_I_FOUNDATION/verification/MS-T6_UNCERTAINTY_NON_ERASURE_TRIAL/UNCERTAINTY_TRANSFORMATIONS.csv","C:\Users\18177\morning-star\volumes\VOLUME_I_FOUNDATION\verification\MS-T6_UNCERTAINTY_NON_ERASURE_TRIAL\UNCERTAINTY_TRANSFORMATIONS.csv","910","PASS","","3","10","TransformationID | ResponseID | SourceUncertaintyClass | OutputUncertaintyClass | TransformationClass | SupportingEvidence | CertaintyAsserted | ActionOccurred | ResidualUncertainty | TraceabilityState","False","False","False","False","False","False","False","False","False","False","False","False","False","0","0","0","0","0","0","0","91A4A7A822146BD46099BF3E1532BD175494FA2D4D701FCC3C6A3EF6FF0BA449"
"volumes/VOLUME_I_FOUNDATION/verification/MS-T7_SCOPE_NON_EXPANSION_TRIAL/INTERPRETATION_CASES.csv","C:\Users\18177\morning-star\volumes\VOLUME_I_FOUNDATION\verification\MS-T7_SCOPE_NON_EXPANSION_TRIAL\INTERPRETATION_CASES.csv","1210","PASS","","3","9","CaseID | ClaimID | ScopePropertyClass | Condition | InterpretationTask | AdditionalEvidence | ExpectedClassification | ProhibitedClassification | CaseStatus","False","False","False","False","False","False","False","False","False","True","False","False","False","0","0","0","0","0","0","0","73ED7AB1E92574AB61CE6A70B5456A26A82F83D390E54F385B32AF1EACA64B7F"
"volumes/VOLUME_I_FOUNDATION/verification/MS-T7_SCOPE_NON_EXPANSION_TRIAL/OBSERVER_RESPONSES.csv","C:\Users\18177\morning-star\volumes\VOLUME_I_FOUNDATION\verification\MS-T7_SCOPE_NON_EXPANSION_TRIAL\OBSERVER_RESPONSES.csv","2879","PASS","","3","17","ResponseID | CaseID | ObserverID | RestatedClaim | IdentifiedSubject | IdentifiedDomain | IdentifiedConditions | IdentifiedEvidenceBoundary | IdentifiedAuthorityBoundary | IdentifiedVersion | IdentifiedApplication | IdentifiedExclusions | Interpretation | DerivationClaimed | EvidenceReferences | SubmittedAt | ResponseStatus","False","False","False","False","False","False","False","False","False","True","False","False","False","0","0","0","0","0","0","0","2290F73F51FA89060D4B2192D9BBA4837375AC65C10703B6112F458AE0AD4C9A"
"volumes/VOLUME_I_FOUNDATION/verification/MS-T7_SCOPE_NON_EXPANSION_TRIAL/SCOPE_ASSESSMENTS.csv","C:\Users\18177\morning-star\volumes\VOLUME_I_FOUNDATION\verification\MS-T7_SCOPE_NON_EXPANSION_TRIAL\SCOPE_ASSESSMENTS.csv","8626","PASS","","27","11","AssessmentID | ResponseID | PropertyClass | AssessorID | AssessmentResult | Materiality | Compensability | EvidenceReference | Rationale | AdjudicationStatus | FinalResult","False","False","False","False","False","False","False","False","False","False","False","False","True","0","0","0","0","0","0","0","999DAC37AFFBFBE7824AFD6A1EF61C2D6FEA557B0856EE89EBAEA3CAEC13525C"
"volumes/VOLUME_I_FOUNDATION/verification/MS-T7_SCOPE_NON_EXPANSION_TRIAL/SCOPE_PROFILES.csv","C:\Users\18177\morning-star\volumes\VOLUME_I_FOUNDATION\verification\MS-T7_SCOPE_NON_EXPANSION_TRIAL\SCOPE_PROFILES.csv","3330","PASS","","9","9","ScopeProfileID | ClaimID | PropertyClass | CanonicalValue | ProhibitedExpansion | PermittedDerivation | Materiality | Compensability | EvidenceReference","False","False","False","False","False","False","False","False","False","False","False","False","False","0","0","0","0","0","0","0","F25E1A50E8D3EFFB0AD2E6F25FC3D9DF810CA207F85776CDC7DB17BE9D9F0B4F"
"volumes/VOLUME_I_FOUNDATION/verification/MS-T7_SCOPE_NON_EXPANSION_TRIAL/SOURCE_CLAIMS.csv","C:\Users\18177\morning-star\volumes\VOLUME_I_FOUNDATION\verification\MS-T7_SCOPE_NON_EXPANSION_TRIAL\SOURCE_CLAIMS.csv","1388","PASS","","1","13","ClaimID | CanonicalText | Subject | Domain | Conditions | EvidenceBoundary | AuthorityBoundary | GoverningVersion | IntendedApplication | Exclusions | UncertaintyState | CanonicalSource | ClaimStatus","False","False","False","False","False","False","False","False","False","False","False","False","False","0","0","0","0","0","0","0","6A827DD5B8192538D5DCCBE36AC0FBC1DFBE93429C57BBE0927B7CE4DBE36C52"
"volumes/VOLUME_I_FOUNDATION/verification/MS-T8_TRACEABILITY_RECONSTRUCTION_TRIAL/CANONICAL_OBJECTS.csv","C:\Users\18177\morning-star\volumes\VOLUME_I_FOUNDATION\verification\MS-T8_TRACEABILITY_RECONSTRUCTION_TRIAL\CANONICAL_OBJECTS.csv","359","PASS","","1","9","ObjectID | ObjectType | ObjectName | CanonicalDefinition | Domain | GoverningVersion | AuthoritySource | CanonicalSource | ObjectStatus","False","False","False","False","False","False","False","False","False","False","False","False","False","0","0","0","0","0","0","0","9695625F349DA2A8EBF4ED319862FB151D3EABC61D4BC3C06D973287E3E72697"
"volumes/VOLUME_I_FOUNDATION/verification/MS-T8_TRACEABILITY_RECONSTRUCTION_TRIAL/EVIDENCE_REFERENCES.csv","C:\Users\18177\morning-star\volumes\VOLUME_I_FOUNDATION\verification\MS-T8_TRACEABILITY_RECONSTRUCTION_TRIAL\EVIDENCE_REFERENCES.csv","779","PASS","","10","9","EvidenceID | EvidenceType | SourceReference | GoverningVersion | ProvenanceAuthority | IntegrityReference | UncertaintyState | AccessibilityState | EvidenceStatus","False","False","False","False","False","False","False","True","False","False","False","True","False","0","0","0","0","0","0","0","2FA8C204AF4B211B55AE764B701ED22275DCA36B9D89A5B3E83066920025D263"
"volumes/VOLUME_I_FOUNDATION/verification/MS-T8_TRACEABILITY_RECONSTRUCTION_TRIAL/RECONSTRUCTION_CASES.csv","C:\Users\18177\morning-star\volumes\VOLUME_I_FOUNDATION\verification\MS-T8_TRACEABILITY_RECONSTRUCTION_TRIAL\RECONSTRUCTION_CASES.csv","1044","PASS","","4","9","CaseID | ChainID | Condition | TargetProperties | HiddenLinks | ExpectedReconstruction | ExpectedDisposition | GoverningVersion | CaseStatus","False","False","False","False","False","False","False","False","False","True","False","False","False","0","0","0","0","0","0","0","9F72601AE86B05C51B6FD2711B99D15328B7113421258572618B3DB865F28626"
"volumes/VOLUME_I_FOUNDATION/verification/MS-T8_TRACEABILITY_RECONSTRUCTION_TRIAL/RECONSTRUCTION_RESPONSES.csv","C:\Users\18177\morning-star\volumes\VOLUME_I_FOUNDATION\verification\MS-T8_TRACEABILITY_RECONSTRUCTION_TRIAL\RECONSTRUCTION_RESPONSES.csv","1047","PASS","","4","16","ResponseID | CaseID | ObserverID | ReconstructedObjectID | ReconstructedSource | ReconstructedVersion | ReconstructedAuthority | ReconstructedDependencies | ReconstructedTransformations | ReconstructedEvidence | ReconstructedUncertainty | ReconstructedSupersession | MissingOrAmbiguousLinks | EvidenceReferences | SubmittedAt | ResponseStatus","False","False","False","False","False","False","False","False","False","True","False","False","False","0","0","0","0","0","0","0","4DB558E55297074B2845C1F49AD10E093A6D5884466BEA6CBE123766287B124E"
"volumes/VOLUME_I_FOUNDATION/verification/MS-T8_TRACEABILITY_RECONSTRUCTION_TRIAL/TRACEABILITY_ASSESSMENTS.csv","C:\Users\18177\morning-star\volumes\VOLUME_I_FOUNDATION\verification\MS-T8_TRACEABILITY_RECONSTRUCTION_TRIAL\TRACEABILITY_ASSESSMENTS.csv","10271","PASS","","40","12","AssessmentID | ResponseID | PropertyClass | AssessorID | AssessmentResult | FailureClass | Materiality | Compensability | EvidenceReference | Rationale | AdjudicationStatus | FinalResult","False","False","False","False","False","False","False","False","False","False","False","False","True","0","0","0","0","0","0","0","354494B378F9372AEF9C85736F9F702BB6E4073FE17EC9A3EEFC75DD335680BB"
"volumes/VOLUME_I_FOUNDATION/verification/MS-T8_TRACEABILITY_RECONSTRUCTION_TRIAL/TRACEABILITY_CHAINS.csv","C:\Users\18177\morning-star\volumes\VOLUME_I_FOUNDATION\verification\MS-T8_TRACEABILITY_RECONSTRUCTION_TRIAL\TRACEABILITY_CHAINS.csv","1208","PASS","","4","11","ChainID | SourceObjectID | ResultObjectID | LinkSequence | RequiredLinkCount | ResolvedLinkCount | MissingLinkClasses | TransformationCount | RevisionDepth | ChainCondition | ChainStatus","False","False","False","False","False","False","False","False","False","False","False","False","False","0","0","0","0","0","0","0","02A81EB85DC51C0D5522C9E85B1AACF6CBAB3F67625AA0C5286029D3FE7FD0CA"
"volumes/VOLUME_I_FOUNDATION/verification/MS-T9_STEWARDSHIP_CONTINUITY_TRIAL/CONTINUITY_ASSESSMENTS.csv","C:\Users\18177\morning-star\volumes\VOLUME_I_FOUNDATION\verification\MS-T9_STEWARDSHIP_CONTINUITY_TRIAL\CONTINUITY_ASSESSMENTS.csv","13078","PASS","","44","12","AssessmentID | ResponseID | PropertyClass | AssessorID | AssessmentResult | Materiality | Compensability | EvidenceReference | Rationale | TransitionDisposition | AdjudicationStatus | FinalResult","False","False","False","False","False","False","False","False","False","False","False","False","True","0","0","0","0","0","0","0","923415BA6377209BB472A234340A4EBB5A99257F9CF70AFC75AAF65296B64E5A"
"volumes/VOLUME_I_FOUNDATION/verification/MS-T9_STEWARDSHIP_CONTINUITY_TRIAL/CONTINUITY_CASES.csv","C:\Users\18177\morning-star\volumes\VOLUME_I_FOUNDATION\verification\MS-T9_STEWARDSHIP_CONTINUITY_TRIAL\CONTINUITY_CASES.csv","1576","PASS","","4","9","CaseID | TransferID | Condition | TargetProperties | MissingProperties | OperationalTask | ExpectedDisposition | GoverningVersion | CaseStatus","False","False","False","False","False","False","False","False","False","True","False","False","False","0","0","0","0","0","0","0","28E8050CF07D635F1343AB5824E27343A77FF48B38FDB4FDADD3FEC92474DD78"
"volumes/VOLUME_I_FOUNDATION/verification/MS-T9_STEWARDSHIP_CONTINUITY_TRIAL/GOVERNED_OBJECTS.csv","C:\Users\18177\morning-star\volumes\VOLUME_I_FOUNDATION\verification\MS-T9_STEWARDSHIP_CONTINUITY_TRIAL\GOVERNED_OBJECTS.csv","553","PASS","","1","10","ObjectID | ObjectName | ObjectType | CanonicalDefinition | CanonicalSource | GoverningVersion | Domain | Dependencies | UncertaintyState | ObjectStatus","False","False","False","False","False","False","False","False","False","False","False","False","False","0","0","0","0","0","0","0","FAA51B2D8709E0DECFA07D66A2199A706A5D84797DA571578852A448C41A3680"
"volumes/VOLUME_I_FOUNDATION/verification/MS-T9_STEWARDSHIP_CONTINUITY_TRIAL/STEWARD_PROFILES.csv","C:\Users\18177\morning-star\volumes\VOLUME_I_FOUNDATION\verification\MS-T9_STEWARDSHIP_CONTINUITY_TRIAL\STEWARD_PROFILES.csv","897","PASS","","2","10","StewardID | StewardRole | CapabilityStatus | AuthoritySource | AuthorityScope | EffectiveFrom | EffectiveUntil | Limitations | EvidenceReference | StewardStatus","False","False","False","False","False","False","False","False","False","False","False","False","False","0","0","0","0","0","0","0","2BF67700CFADED860E08D5C73473C946782C65C1D7F2E0703B493BE0CA5C26F3"
"volumes/VOLUME_I_FOUNDATION/verification/MS-T9_STEWARDSHIP_CONTINUITY_TRIAL/STEWARDSHIP_TRANSFERS.csv","C:\Users\18177\morning-star\volumes\VOLUME_I_FOUNDATION\verification\MS-T9_STEWARDSHIP_CONTINUITY_TRIAL\STEWARDSHIP_TRANSFERS.csv","1376","PASS","","4","12","TransferID | ObjectID | SourceStewardID | TargetStewardID | TransferAuthority | TransferredDuties | ExcludedDuties | OpenObligations | EffectiveTime | AcceptanceState | TransitionCondition | TransferStatus","False","False","False","False","False","False","False","False","False","False","False","False","False","0","0","0","0","0","0","0","8B5363074F57B6CC5F74B577D244B7C2213E84BD836D70911152E2C3F81FA1A6"
"volumes/VOLUME_I_FOUNDATION/verification/MS-T9_STEWARDSHIP_CONTINUITY_TRIAL/SUCCESSOR_RESPONSES.csv","C:\Users\18177\morning-star\volumes\VOLUME_I_FOUNDATION\verification\MS-T9_STEWARDSHIP_CONTINUITY_TRIAL\SUCCESSOR_RESPONSES.csv","2231","PASS","","4","18","ResponseID | CaseID | SuccessorStewardID | IdentifiedObjectID | IdentifiedCanonicalSource | IdentifiedVersion | IdentifiedAuthority | IdentifiedExcludedAuthority | IdentifiedDependencies | IdentifiedUncertainty | IdentifiedOpenObligations | IdentifiedRevisionHistory | IdentifiedEffectiveTime | IdentifiedAcceptanceLimits | OperationalDecision | EvidenceReferences | SubmittedAt | ResponseStatus","False","False","False","False","False","False","False","False","False","True","False","False","False","0","0","0","0","0","0","0","412DCE598967091F53DB204016A75243DA198ED26093FC0C540E7415A5CA4A57"
"volumes/VOLUME_I_FOUNDATION/verification/readiness/MS-T1_T2_COLLECTION_PACKET_REGISTER.csv","C:\Users\18177\morning-star\volumes\VOLUME_I_FOUNDATION\verification\readiness\MS-T1_T2_COLLECTION_PACKET_REGISTER.csv","5392","PASS","","7","12","TheoremID | Sequence | FileName | CollectionClass | WorkingPath | CollectionCopyPath | FieldGuidePath | MissingValuesPath | ExistingRowCount | ColumnCount | MissingValueCount | CollectionState","True","False","False","False","False","False","False","False","False","False","False","False","False","0","0","0","0","0","0","0","3A90CF3791B961E6489A8670D9D6EFFBB284FBDD9FA8F4B99FF0C2E83358FBF6"
"volumes/VOLUME_I_FOUNDATION/verification/readiness/MS-T1_T2_CSV_READINESS_REGISTER.csv","C:\Users\18177\morning-star\volumes\VOLUME_I_FOUNDATION\verification\readiness\MS-T1_T2_CSV_READINESS_REGISTER.csv","1949","PASS","","7","11","TheoremID | FileName | Exists | ImportedRowCount | MeaningfulRowCount | CompleteRowCount | IncompleteRowCount | BlankCellCount | ColumnCount | Columns | Readiness","True","False","False","False","False","False","False","False","False","False","False","False","False","0","0","0","0","0","0","0","1E4084439484F1587A3B25339113900B4A66BE710F337D8A190B0C6FE70A7EED"
"volumes/VOLUME_I_FOUNDATION/verification/readiness/MS-T1_T2_EXECUTION_CONTROL_REGISTER.csv","C:\Users\18177\morning-star\volumes\VOLUME_I_FOUNDATION\verification\readiness\MS-T1_T2_EXECUTION_CONTROL_REGISTER.csv","1498","PASS","","10","5","ControlID | TheoremID | ControlClass | ControlDescription | ControlStatus","True","False","False","False","False","False","False","False","False","False","False","False","False","0","0","0","0","0","0","0","A0DF240A5DD9A60DF56D4FC379BD16F8286D92A1D24589753AD8221773AEB089"
"volumes/VOLUME_I_FOUNDATION/verification/readiness/MS-T1_T2_EXECUTION_ENTRY_REGISTER.csv","C:\Users\18177\morning-star\volumes\VOLUME_I_FOUNDATION\verification\readiness\MS-T1_T2_EXECUTION_ENTRY_REGISTER.csv","973","PASS","","8","6","TheoremID | FileName | IdentityColumn | SuggestedNextIdentity | EntryStatus | EntryAuthority","True","False","True","False","False","False","False","False","False","False","False","False","False","0","0","0","0","0","0","0","B5C182DBBF07E0DEF98865DD29AA95F0D9D5086FD3E5B32CCC025CBBF9161CAE"
"volumes/VOLUME_I_FOUNDATION/verification/readiness/MS-T1_T2_EXECUTION_FILE_REGISTER.csv","C:\Users\18177\morning-star\volumes\VOLUME_I_FOUNDATION\verification\readiness\MS-T1_T2_EXECUTION_FILE_REGISTER.csv","2635","PASS","","7","9","TheoremID | FileName | SourcePath | WorkingPath | IdentityColumn | ColumnCount | SourceRowCount | WorkingStatus | EvidenceAuthority","True","False","False","False","False","False","False","False","False","False","False","False","False","0","0","0","0","0","0","0","9291F58819773663FE1857906A6A646DC7F4D54316A1D284C5EACA23807BEB1E"
"volumes/VOLUME_I_FOUNDATION/verification/readiness/MS-T1_T2_EXECUTION_GATE_REGISTER.csv","C:\Users\18177\morning-star\volumes\VOLUME_I_FOUNDATION\verification\readiness\MS-T1_T2_EXECUTION_GATE_REGISTER.csv","271","PASS","","2","6","TheoremID | CaseDefinitionGate | EvidenceCollectionGate | AssessmentGate | ScoringGate | CurrentExecutionPhase","True","False","False","False","False","False","False","False","False","False","False","False","False","0","0","0","0","0","0","0","74022FF14BC6AE78963D6A485A23162134B17287DC1A7F87CB457575BCCD7842"
"volumes/VOLUME_I_FOUNDATION/verification/readiness/MS-T1_T2_EXECUTION_PLAN.csv","C:\Users\18177\morning-star\volumes\VOLUME_I_FOUNDATION\verification\readiness\MS-T1_T2_EXECUTION_PLAN.csv","1182","PASS","","15","4","TheoremID | Step | Action | Status","True","False","False","False","False","False","False","False","False","False","False","False","False","0","0","0","0","0","0","0","546A5698D0A893D2811561534C7196B53F30D77FB4A17B1A82109A075DFCD6CC"
"volumes/VOLUME_I_FOUNDATION/verification/readiness/MS-T1_T2_EXECUTION_REQUIREMENT_REGISTER.csv","C:\Users\18177\morning-star\volumes\VOLUME_I_FOUNDATION\verification\readiness\MS-T1_T2_EXECUTION_REQUIREMENT_REGISTER.csv","3","EMPTY","","0","0","","False","False","False","False","False","False","False","False","False","False","False","False","False","0","0","0","0","0","0","0","F1945CD6C19E56B3C1C78943EF5EC18116907A4CA1EFC40A57D48AB1DB7ADFC5"
"volumes/VOLUME_I_FOUNDATION/verification/readiness/MS-T1_T2_EXECUTION_STAGE_REGISTER.csv","C:\Users\18177\morning-star\volumes\VOLUME_I_FOUNDATION\verification\readiness\MS-T1_T2_EXECUTION_STAGE_REGISTER.csv","1317","PASS","","18","10","TheoremID | StageNumber | StageName | StageStatus | StartedAt | CompletedAt | Executor | Reviewer | EvidenceReference | Notes","True","False","False","False","False","False","False","False","False","False","False","False","False","0","0","0","0","0","0","0","1AAFA638D69C75D1283244F42D2956EECAD244E887E50D91D69266664D30E1C6"
"volumes/VOLUME_I_FOUNDATION/verification/readiness/MS-T1_T2_EXECUTION_VALIDATION_REGISTER.csv","C:\Users\18177\morning-star\volumes\VOLUME_I_FOUNDATION\verification\readiness\MS-T1_T2_EXECUTION_VALIDATION_REGISTER.csv","1215","PASS","","7","13","TheoremID | TrialName | FileName | FileRole | Exists | SchemaPresent | RowCount | MeaningfulRows | CompleteRows | IncompleteRows | DuplicateIdentityCount | ValidationStatus | Blocking","True","False","False","False","False","False","False","False","False","False","False","False","False","0","0","0","0","0","0","0","F13E1E4AD8E6F2A3F2F7D515ED68F0D031E02E16F38AB123D8292B928833A60A"
"volumes/VOLUME_I_FOUNDATION/verification/readiness/MS-T1_T2_EXECUTION_WORKSPACE_REGISTER.csv","C:\Users\18177\morning-star\volumes\VOLUME_I_FOUNDATION\verification\readiness\MS-T1_T2_EXECUTION_WORKSPACE_REGISTER.csv","578","PASS","","2","8","TheoremID | TrialName | Workspace | CreatedAt | ExecutionStatus | EvidenceStatus | ScoringStatus | DispositionStatus","True","False","False","False","False","False","False","False","False","False","False","False","False","0","0","0","0","0","0","0","611CDC2AA84544B6A23BE3B5825DD2A7721062D85C3C29F94162F6600B6F70D0"
"volumes/VOLUME_I_FOUNDATION/verification/readiness/MS-T1_T2_MISSING_FIELD_REGISTER.csv","C:\Users\18177\morning-star\volumes\VOLUME_I_FOUNDATION\verification\readiness\MS-T1_T2_MISSING_FIELD_REGISTER.csv","2012","PASS","","26","5","TheoremID | FileName | CsvRow | Column | Issue","True","False","False","False","True","False","False","False","False","False","False","False","False","0","0","0","0","0","0","0","D4C7D5DCFA11D4A4728A67E261731C4FC2479F34084186603449B3941AEF272A"
"volumes/VOLUME_I_FOUNDATION/verification/readiness/MS-T1_T2_PREEXECUTION_COMPLETION/BATCH_A1_SCHEMA_DIAGNOSTIC.csv","C:\Users\18177\morning-star\volumes\VOLUME_I_FOUNDATION\verification\readiness\MS-T1_T2_PREEXECUTION_COMPLETION\BATCH_A1_SCHEMA_DIAGNOSTIC.csv","3598","PASS","","8","9","File | RowCount | HasEntryAuthority | HasFieldName | HasTheoremID | HasSourceFile | HasCsvRow | ControlledIDRows | Columns","False","False","False","False","False","False","False","False","False","False","False","False","False","0","0","0","0","0","0","0","D090A42A0E24ADEE8FA186E3EFD2F839142D9E66BB6338CAD327F3FC3BE96F7C"
"volumes/VOLUME_I_FOUNDATION/verification/readiness/MS-T1_T2_PREEXECUTION_COMPLETION/EXECUTION_EVIDENCE_HOLD_REGISTER.csv","C:\Users\18177\morning-star\volumes\VOLUME_I_FOUNDATION\verification\readiness\MS-T1_T2_PREEXECUTION_COMPLETION\EXECUTION_EVIDENCE_HOLD_REGISTER.csv","8164","PASS","","31","9","TheoremID | FileName | CsvRow | RecordIdentity | FieldName | EntryAuthority | HoldReason | GateStatus | Instruction","True","True","True","False","True","True","False","False","False","False","False","False","False","0","0","0","0","0","0","0","25A12A385B8ADC3811A0AE3ACB458DBB1A577D89AF80B74A36EF4D15BB30A970"
"volumes/VOLUME_I_FOUNDATION/verification/readiness/MS-T1_T2_PREEXECUTION_COMPLETION/PREEXECUTION_FINAL_GATE.csv","C:\Users\18177\morning-star\volumes\VOLUME_I_FOUNDATION\verification\readiness\MS-T1_T2_PREEXECUTION_COMPLETION\PREEXECUTION_FINAL_GATE.csv","298","PASS","","2","7","TheoremID | RequiredFields | ReadyFields | BlockedFields | FinalGate | GateReason | EvaluatedAt","True","False","False","False","False","False","False","False","False","False","False","False","False","0","0","0","0","0","0","0","3434B41B767BFA38DE56170B61F2117DC8713FB1CDF3FEF26E2316F17CB46D7E"
"volumes/VOLUME_I_FOUNDATION/verification/readiness/MS-T1_T2_PREEXECUTION_COMPLETION/PREEXECUTION_FORM_REGISTER.csv","C:\Users\18177\morning-star\volumes\VOLUME_I_FOUNDATION\verification\readiness\MS-T1_T2_PREEXECUTION_COMPLETION\PREEXECUTION_FORM_REGISTER.csv","1978","PASS","","8","7","TheoremID | SourceFile | CsvRow | RecordIdentity | RequiredFields | FormPath | FormStatus","True","False","False","True","True","True","False","False","False","False","False","False","False","0","0","0","0","0","0","0","606FD0D0BF9638012E4E87BCCE0EA64B795A4BC71A0EAB633C0F76A2E9BA220E"
"volumes/VOLUME_I_FOUNDATION/verification/readiness/MS-T1_T2_PREEXECUTION_COMPLETION/PREEXECUTION_GATE_REGISTER.csv","C:\Users\18177\morning-star\volumes\VOLUME_I_FOUNDATION\verification\readiness\MS-T1_T2_PREEXECUTION_COMPLETION\PREEXECUTION_GATE_REGISTER.csv","500","PASS","","2","9","TheoremID | PreExecutionFieldsRequired | PreExecutionFieldsCompleted | PreExecutionFieldsRemaining | EvidenceFieldsHeld | PreExecutionGate | ControlledExecutionGate | GateReason | GeneratedAt","True","False","False","False","False","False","False","False","False","False","False","False","False","0","0","0","0","0","0","0","A4845342CAA57D066ED4D2CBA3AE78474D91A645AAD16E95DB6E6D55ABDAE863"
"volumes/VOLUME_I_FOUNDATION/verification/readiness/MS-T1_T2_SCHEMA_AND_RULE_REGISTER.csv","C:\Users\18177\morning-star\volumes\VOLUME_I_FOUNDATION\verification\readiness\MS-T1_T2_SCHEMA_AND_RULE_REGISTER.csv","51140","PASS","","314","9","TheoremID | TrialName | RecordType | SourceFile | SourceLine | Sequence | FieldOrRule | Classification | CurrentStatus","True","False","False","True","False","False","False","False","False","False","False","False","False","0","0","0","0","0","0","0","08F5764049801C42F8F9061A07043CCC20CA15CF79C4DD3610E2D088F9844942"
"volumes/VOLUME_I_FOUNDATION/verification/readiness/MS-T1_T2_TRIAL_READINESS_REGISTER.csv","C:\Users\18177\morning-star\volumes\VOLUME_I_FOUNDATION\verification\readiness\MS-T1_T2_TRIAL_READINESS_REGISTER.csv","442","PASS","","2","11","TheoremID | TrialName | RequiredCsvCount | MissingFileCount | EmptyTemplateCount | IncompleteFileCount | CompleteFileCount | ResultStatus | Disposition | ExecutionReadiness | CertificationEffect","True","False","False","False","False","False","False","False","False","False","False","False","False","0","0","0","0","0","0","0","CF7DCDD8ADCD64DBFE01B425B1D511CF595761E688330A70BCB3511EB9080891"
"volumes/VOLUME_II_ONTOLOGY/registries/LIFECYCLE_TRANSITION_REGISTRY.csv","C:\Users\18177\morning-star\volumes\VOLUME_II_ONTOLOGY\registries\LIFECYCLE_TRANSITION_REGISTRY.csv","1016","PASS","","17","7","TransitionID | FromStatus | ToStatus | AuthorityRequired | EvidenceRequired | Permitted | Status","False","False","False","False","False","False","False","False","False","False","False","False","False","0","0","0","0","0","0","0","7A9473BEC8357D8D8EDECD5709600243EA79B0331FB080B4A4BE2512CB3BC36F"
"volumes/VOLUME_II_ONTOLOGY/registries/OBJECT_CLASS_REGISTRY.csv","C:\Users\18177\morning-star\volumes\VOLUME_II_ONTOLOGY\registries\OBJECT_CLASS_REGISTRY.csv","1903","PASS","","24","9","ObjectClassID | ObjectClass | ParentClass | IdentityRequired | AuthorityRequired | ProvenanceRequired | UncertaintyRequired | VersionRequired | Status","False","False","False","False","False","False","False","False","False","False","False","False","False","0","0","0","0","0","0","0","F8B41370D0489A45ADFC5750E769F9459696CBDBF7719D3BDC2CC6CF356C762C"
"volumes/VOLUME_II_ONTOLOGY/registries/OBJECT_STATUS_REGISTRY.csv","C:\Users\18177\morning-star\volumes\VOLUME_II_ONTOLOGY\registries\OBJECT_STATUS_REGISTRY.csv","1149","PASS","","11","6","StatusID | StatusName | Description | Terminal | ReactivationPermitted | Status","False","False","False","False","False","False","False","False","False","False","False","False","False","0","0","0","0","0","0","0","DEEAD1681AA57CC5B4297324A3391FAA056092F6C50DCF0352E6DF46B970333D"
"volumes/VOLUME_II_ONTOLOGY/registries/RELATIONSHIP_REGISTRY.csv","C:\Users\18177\morning-star\volumes\VOLUME_II_ONTOLOGY\registries\RELATIONSHIP_REGISTRY.csv","1479","PASS","","19","7","RelationshipID | RelationshipClass | SourceRequirement | TargetRequirement | AuthorityRequired | ProvenanceRequired | Status","False","False","False","False","False","False","False","False","False","False","False","False","False","0","0","0","0","0","0","0","3410754BF46CD97F036557B594C13D0AB6E733DD922175BCA8105A267E0CF5AE"
"volumes/VOLUME_II_ONTOLOGY/registries/UNCERTAINTY_REGISTRY.csv","C:\Users\18177\morning-star\volumes\VOLUME_II_ONTOLOGY\registries\UNCERTAINTY_REGISTRY.csv","1007","PASS","","9","6","UncertaintyID | UncertaintyClass | Definition | EquivalentToFailure | EquivalentToFalse | Status","False","False","False","False","False","False","False","False","False","False","False","False","False","0","0","0","0","0","0","0","39AB8D587B8833C37599B5E33AD563F4575013636E9B78308B23DCE0B33489F1"
"volumes/VOLUME_III_NAVIGATION/registries/ENTRY_POINT_REGISTRY.csv","C:\Users\18177\morning-star\volumes\VOLUME_III_NAVIGATION\registries\ENTRY_POINT_REGISTRY.csv","997","PASS","","9","5","EntryClassID | EntryClass | Description | InitialAssessmentRequired | CanonicalStatus","False","False","False","False","False","False","False","False","False","False","False","False","False","0","0","0","0","0","0","0","7DBE51E7115B86382572D82B0AD9AA33DF54B31970DA8565418CCA94333C1934"
"volumes/VOLUME_III_NAVIGATION/registries/NAVIGATION_CLASS_REGISTRY.csv","C:\Users\18177\morning-star\volumes\VOLUME_III_NAVIGATION\registries\NAVIGATION_CLASS_REGISTRY.csv","1201","PASS","","12","5","NavigationClassID | NavigationClass | Purpose | RequiredTrace | CanonicalStatus","False","False","False","False","False","False","False","False","False","False","False","False","False","0","0","0","0","0","0","0","F2191D60C989026D17B94F86520435C4C25A9D30ED4B42565939A5E15708A407"
"volumes/VOLUME_III_NAVIGATION/registries/NAVIGATION_DECISION_REGISTRY.csv","C:\Users\18177\morning-star\volumes\VOLUME_III_NAVIGATION\registries\NAVIGATION_DECISION_REGISTRY.csv","1009","PASS","","9","6","DecisionID | DecisionName | Meaning | RequiresReason | AllowsContinuation | CanonicalStatus","False","False","False","False","False","False","False","False","False","False","False","False","False","0","0","0","0","0","0","0","7603E900E66C2CDB54BCB5268B7CA2BF2017BAE5AA6103D2CC38174AA2C4FD9C"
"volumes/VOLUME_III_NAVIGATION/registries/NAVIGATION_FAILURE_REGISTRY.csv","C:\Users\18177\morning-star\volumes\VOLUME_III_NAVIGATION\registries\NAVIGATION_FAILURE_REGISTRY.csv","1284","PASS","","11","5","FailureID | FailureClass | Trigger | RequiredResponse | CanonicalStatus","False","False","False","False","False","False","False","False","False","False","False","False","False","0","0","0","0","0","0","0","4BA425C93B1A8CA90E01F9D66F2B0F8D2287BC5E65E68B8678F76099FAB482B0"
"volumes/VOLUME_III_NAVIGATION/registries/PATH_STATUS_REGISTRY.csv","C:\Users\18177\morning-star\volumes\VOLUME_III_NAVIGATION\registries\PATH_STATUS_REGISTRY.csv","1011","PASS","","11","5","PathStatusID | PathStatus | Definition | Terminal | CanonicalStatus","False","False","False","False","False","False","False","False","False","False","False","False","False","0","0","0","0","0","0","0","9575B148227BCDFAD359C236FA05467B04A9A2CFA8AB926CE9888F743C3BC43D"
"volumes/VOLUME_III_NAVIGATION/registries/PREREQUISITE_STATUS_REGISTRY.csv","C:\Users\18177\morning-star\volumes\VOLUME_III_NAVIGATION\registries\PREREQUISITE_STATUS_REGISTRY.csv","842","PASS","","8","6","StatusID | StatusName | Definition | AllowsProgress | AuthorityRequired | CanonicalStatus","False","False","False","False","False","False","False","False","False","False","False","False","False","0","0","0","0","0","0","0","26EE0AE3F6AE44B82D6D68E0223D4A50B8766C5E90568EB26221CD6F7AA971EF"
"volumes/VOLUME_III_NAVIGATION/registries/RECOMMENDATION_CLASS_REGISTRY.csv","C:\Users\18177\morning-star\volumes\VOLUME_III_NAVIGATION\registries\RECOMMENDATION_CLASS_REGISTRY.csv","595","PASS","","5","5","RecommendationID | RecommendationClass | Meaning | ConstitutionalForce | CanonicalStatus","False","False","False","False","False","False","False","False","False","False","False","False","False","0","0","0","0","0","0","0","F8B5B68A0D5134B96DD003C097828D1EA8EEBFABA182D56E86DF7B076622EC53"
"volumes/VOLUME_III_NAVIGATION/tests/REFERENCE_PATHS.csv","C:\Users\18177\morning-star\volumes\VOLUME_III_NAVIGATION\tests\REFERENCE_PATHS.csv","1457","PASS","","10","8","PathID | PathName | Origin | Destination | NavigationClass | RequiredPrerequisites | ExpectedDecision | Status","False","False","False","False","False","False","False","False","False","False","False","False","False","0","0","0","0","0","0","0","5EEA75423F6E1A3FF08BB2FD76CEDD7B27171D7E84BB2A3DF5B01E55B76B8406"
"volumes/VOLUME_IV_INTERPRETATION/registries/EQUIVALENCE_STATUS_REGISTRY.csv","C:\Users\18177\morning-star\volumes\VOLUME_IV_INTERPRETATION\registries\EQUIVALENCE_STATUS_REGISTRY.csv","973","PASS","","9","5","EquivalenceStatusID | EquivalenceStatus | Meaning | CanonicalSubstitutionPermitted | Status","False","False","False","False","False","False","False","False","False","False","False","False","False","0","0","0","0","0","0","0","7F3DBF0CBCABDB55829FDCA15EDCFB3104B4B240039101055803ACFFF698F9EB"
"volumes/VOLUME_IV_INTERPRETATION/registries/INTERPRETATION_ADMISSION_STATUS_REGISTRY.csv","C:\Users\18177\morning-star\volumes\VOLUME_IV_INTERPRETATION\registries\INTERPRETATION_ADMISSION_STATUS_REGISTRY.csv","1098","PASS","","9","6","AdmissionStatusID | AdmissionStatus | Meaning | PermitsUse | RequiresRevalidation | Status","False","False","False","False","False","False","False","False","False","False","False","False","False","0","0","0","0","0","0","0","37D31564351B2AE2DA6F341CC9478934E7A99B4B3702EBA0B776F5404A2C948C"
"volumes/VOLUME_IV_INTERPRETATION/registries/INTERPRETATION_CLASS_REGISTRY.csv","C:\Users\18177\morning-star\volumes\VOLUME_IV_INTERPRETATION\registries\INTERPRETATION_CLASS_REGISTRY.csv","831","PASS","","15","6","InterpretationClassID | InterpretationClass | CanonicalAuthorityPossible | DerivationRequired | UncertaintyRequired | Status","False","False","False","False","False","False","False","False","False","False","False","False","False","0","0","0","0","0","0","0","61AF8B2CC898AFDA7D516A168E08634EAE297FE4864351335963E9EF237AA89F"
"volumes/VOLUME_IV_INTERPRETATION/registries/INTERPRETATION_FAILURE_REGISTRY.csv","C:\Users\18177\morning-star\volumes\VOLUME_IV_INTERPRETATION\registries\INTERPRETATION_FAILURE_REGISTRY.csv","1462","PASS","","12","5","FailureID | FailureClass | Trigger | RequiredDisposition | Status","False","False","False","False","False","False","False","False","False","False","False","False","False","0","0","0","0","0","0","0","9D47C0F45BB86EDF66EFE33745CEEEC81BA4AFD80E8CD456DB1A526DBBBD3D03"
"volumes/VOLUME_IV_INTERPRETATION/registries/INTERPRETIVE_UNCERTAINTY_REGISTRY.csv","C:\Users\18177\morning-star\volumes\VOLUME_IV_INTERPRETATION\registries\INTERPRETIVE_UNCERTAINTY_REGISTRY.csv","1107","PASS","","9","5","UncertaintyTypeID | UncertaintyType | Definition | BlocksCanonicalAdmission | Status","False","False","False","False","False","False","False","False","False","False","False","False","False","0","0","0","0","0","0","0","7456BFA11F2AD0DCC2D54D8282B20185B9747E6CDF8B84294D1F4C506B643BE7"
"volumes/VOLUME_IV_INTERPRETATION/registries/ROLE_INTERPRETATION_AUTHORITY_REGISTRY.csv","C:\Users\18177\morning-star\volumes\VOLUME_IV_INTERPRETATION\registries\ROLE_INTERPRETATION_AUTHORITY_REGISTRY.csv","548","PASS","","7","11","RoleID | Inspect | Annotate | Compare | Derive | Operationalize | Publish | Approve | Canonicalize | Reconstruct | Status","False","False","False","False","False","False","False","False","False","False","False","False","False","0","0","0","0","0","0","0","5DF23B69BFD5B78B48B9E110506040F684694E8CD76B92FE8A50068796FB5573"
"volumes/VOLUME_IV_INTERPRETATION/tests/REFERENCE_INTERPRETATION_CASES.csv","C:\Users\18177\morning-star\volumes\VOLUME_IV_INTERPRETATION\tests\REFERENCE_INTERPRETATION_CASES.csv","1325","PASS","","12","9","CaseID | InterpretationClass | SourceStatus | AuthorityStatus | ScopeStatus | UncertaintyStatus | EquivalenceStatus | ExpectedAdmission | Status","False","False","False","False","False","False","False","False","False","True","False","False","False","0","0","0","0","0","0","0","253ECBB5237001C8D363A81613E764D483D9438B87A456C980C460A0A0284969"
"volumes/VOLUME_V_INITIATION/registries/ASSESSMENT_CLASS_REGISTRY.csv","C:\Users\18177\morning-star\volumes\VOLUME_V_INITIATION\registries\ASSESSMENT_CLASS_REGISTRY.csv","917","PASS","","12","5","AssessmentClassID | AssessmentClass | PrimaryCompetencies | RequiredFromRole | Status","False","False","False","False","False","False","False","False","False","False","False","False","False","0","0","0","0","0","0","0","D851456FE29E161DA2BDD855130BD643AA32073AE2D7218444904A9CE66C8F24"
"volumes/VOLUME_V_INITIATION/registries/ASSESSMENT_RESULT_REGISTRY.csv","C:\Users\18177\morning-star\volumes\VOLUME_V_INITIATION\registries\ASSESSMENT_RESULT_REGISTRY.csv","1015","PASS","","9","6","AssessmentResultID | AssessmentResult | Meaning | AllowsRoleAdmission | RequiresAction | Status","False","False","False","False","False","False","False","False","False","False","False","False","False","0","0","0","0","0","0","0","F058823B7F57D1554325410EC31CAD52DBC249E829F3A5A0F2692B63BB03035F"
"volumes/VOLUME_V_INITIATION/registries/COMPETENCY_DIMENSION_REGISTRY.csv","C:\Users\18177\morning-star\volumes\VOLUME_V_INITIATION\registries\COMPETENCY_DIMENSION_REGISTRY.csv","1651","PASS","","15","5","CompetencyID | CompetencyName | Description | MandatoryFromRole | Status","False","False","False","False","False","False","False","False","False","False","False","False","False","0","0","0","0","0","0","0","C3B6D1AE1D8AE72CE106AD0BF6966189575D52B8FA704405C3AAE13CD8B14D7E"
"volumes/VOLUME_V_INITIATION/registries/INITIATION_DECISION_REGISTRY.csv","C:\Users\18177\morning-star\volumes\VOLUME_V_INITIATION\registries\INITIATION_DECISION_REGISTRY.csv","1110","PASS","","11","6","DecisionID | DecisionName | Meaning | RoleActive | RequiresExpiration | Status","False","False","False","False","False","False","False","False","False","False","False","False","False","0","0","0","0","0","0","0","280022E101A8DA1142ECCFD3306D5B0B6D5B5376D54AC0D42F791D3DDE670C20"
"volumes/VOLUME_V_INITIATION/registries/INITIATION_FAILURE_REGISTRY.csv","C:\Users\18177\morning-star\volumes\VOLUME_V_INITIATION\registries\INITIATION_FAILURE_REGISTRY.csv","1486","PASS","","12","5","FailureID | FailureClass | Trigger | RequiredDisposition | Status","False","False","False","False","False","False","False","False","False","False","False","False","False","0","0","0","0","0","0","0","7EFF0B97E285BB9EB510DF463C33EEE5D832F13D5287357C7BACE682CACBC725"
"volumes/VOLUME_V_INITIATION/registries/PARTICIPATION_ROLE_REGISTRY.csv","C:\Users\18177\morning-star\volumes\VOLUME_V_INITIATION\registries\PARTICIPATION_ROLE_REGISTRY.csv","617","PASS","","7","10","RoleID | RoleName | RoleLevel | MinimumPriorRole | CanonicalAuthority | ContributionAuthority | StewardshipAuthority | MaintenanceAuthority | RenewalRequired | Status","False","False","False","False","False","False","False","False","False","False","False","False","False","0","0","0","0","0","0","0","57AFB325D8F4A3C01427E60203EFF202367EBA8E70DD05AF3D00C67DB31EBF6B"
"volumes/VOLUME_V_INITIATION/registries/ROLE_COMPETENCY_MATRIX.csv","C:\Users\18177\morning-star\volumes\VOLUME_V_INITIATION\registries\ROLE_COMPETENCY_MATRIX.csv","1176","PASS","","7","16","RoleID | C01 | C02 | C03 | C04 | C05 | C06 | C07 | C08 | C09 | C10 | C11 | C12 | C13 | C14 | C15","False","False","False","False","False","False","False","False","False","False","False","False","False","0","0","0","0","0","0","0","1D4CD70BDEAB12625B032079C143E07049E53F999A2302CC68746E009296E37D"
"volumes/VOLUME_V_INITIATION/tests/REFERENCE_INITIATION_CASES.csv","C:\Users\18177\morning-star\volumes\VOLUME_V_INITIATION\tests\REFERENCE_INITIATION_CASES.csv","1522","PASS","","15","11","CaseID | CurrentRole | RequestedRole | IdentityStatus | EvidenceStatus | MandatoryCompetencies | AuthorityStatus | ConflictStatus | RevisionStatus | ExpectedDecision | Status","False","False","False","False","False","False","False","False","False","True","False","False","False","0","0","0","0","0","0","0","A18E54E743376F18C11375638D1B4A3E3EE7C2339F2F5565E54E2EBA830BA62E"
