"Category","DirectoryName","RelativePath","FullPath","DirectFileCount","CsvCount","JsonCount","MarkdownCount","PowerShellCount"
"ASSESSMENT","architecture-reliability-assessment","architecture-assurance-framework/architecture-reliability-assessment","C:\Users\18177\morning-star\architecture-assurance-framework\architecture-reliability-assessment","3","0","0","3","0"
"ASSESSMENT","change-impact-assessment","architecture-operating-continuity-framework/change-impact-assessment","C:\Users\18177\morning-star\architecture-operating-continuity-framework\change-impact-assessment","3","0","0","3","0"
"ASSESSMENT","autonomous-integrity-assessment","architecture-self-aware-governance/autonomous-integrity-assessment","C:\Users\18177\morning-star\architecture-self-aware-governance\autonomous-integrity-assessment","3","0","0","3","0"
"ASSESSMENT","architecture-health-assessment","continuous-architecture-stewardship/architecture-health-assessment","C:\Users\18177\morning-star\continuous-architecture-stewardship\architecture-health-assessment","3","0","0","3","0"
"ASSESSMENT","assessment","orynth-reference-architecture/enterprise-evaluation/assessment","C:\Users\18177\morning-star\orynth-reference-architecture\enterprise-evaluation\assessment","28","28","0","0","0"
"ASSESSMENT","03_ASSESSMENT","volumes/VOLUME_I_FOUNDATION/verification/execution/MS-T1_CONTROLLED_EXECUTION/03_ASSESSMENT","C:\Users\18177\morning-star\volumes\VOLUME_I_FOUNDATION\verification\execution\MS-T1_CONTROLLED_EXECUTION\03_ASSESSMENT","2","1","0","0","0"
"ASSESSMENT","03_ASSESSMENT","volumes/VOLUME_I_FOUNDATION/verification/execution/MS-T2_CONTROLLED_EXECUTION/03_ASSESSMENT","C:\Users\18177\morning-star\volumes\VOLUME_I_FOUNDATION\verification\execution\MS-T2_CONTROLLED_EXECUTION\03_ASSESSMENT","2","1","0","0","0"
"ASSESSMENT","assessment","volumes/VOLUME_I_FOUNDATION/verification/MS-T1/trials/MS-T1-TRIAL-0001/assessment","C:\Users\18177\morning-star\volumes\VOLUME_I_FOUNDATION\verification\MS-T1\trials\MS-T1-TRIAL-0001\assessment","10","1","5","4","0"
"AUTHORITY","stewardship-authority-framework","architecture-stewardship-framework/stewardship-authority-framework","C:\Users\18177\morning-star\architecture-stewardship-framework\stewardship-authority-framework","3","0","0","3","0"
"AUTHORITY","authority","phase-ii/governance/authority","C:\Users\18177\morning-star\phase-ii\governance\authority","1","0","0","1","0"
"AUTHORITY","authority_snapshot","volumes/VOLUME_I_FOUNDATION/verification/MS-T1/trials/MS-T1-TRIAL-0001/authority_snapshot","C:\Users\18177\morning-star\volumes\VOLUME_I_FOUNDATION\verification\MS-T1\trials\MS-T1-TRIAL-0001\authority_snapshot","5","2","2","1","0"
"AUTHORITY","MS-T3_CAPABILITY_AUTHORITY_SEPARATION_TRIAL","volumes/VOLUME_I_FOUNDATION/verification/MS-T3_CAPABILITY_AUTHORITY_SEPARATION_TRIAL","C:\Users\18177\morning-star\volumes\VOLUME_I_FOUNDATION\verification\MS-T3_CAPABILITY_AUTHORITY_SEPARATION_TRIAL","13","5","0","8","0"
"AUTHORITY","CONTROLLED_ID_AUTHORITY","volumes/VOLUME_I_FOUNDATION/verification/readiness/CONTROLLED_ID_AUTHORITY","C:\Users\18177\morning-star\volumes\VOLUME_I_FOUNDATION\verification\readiness\CONTROLLED_ID_AUTHORITY","4","1","2","1","0"
"COMPLETION","MS-T1_T2_PREEXECUTION_COMPLETION","volumes/VOLUME_I_FOUNDATION/verification/readiness/MS-T1_T2_PREEXECUTION_COMPLETION","C:\Users\18177\morning-star\volumes\VOLUME_I_FOUNDATION\verification\readiness\MS-T1_T2_PREEXECUTION_COMPLETION","14","7","2","4","1"
"COMPLETION","completion_forms","volumes/VOLUME_I_FOUNDATION/verification/readiness/MS-T1_T2_PREEXECUTION_COMPLETION/completion_forms","C:\Users\18177\morning-star\volumes\VOLUME_I_FOUNDATION\verification\readiness\MS-T1_T2_PREEXECUTION_COMPLETION\completion_forms","0","0","0","0","0"
"EVIDENCE","verification-evidence-management","architecture-assurance-framework/verification-evidence-management","C:\Users\18177\morning-star\architecture-assurance-framework\verification-evidence-management","3","0","0","3","0"
"EVIDENCE","complete-architecture-evidence-consolidation","architecture-certification-continuum-framework/complete-architecture-evidence-consolidation","C:\Users\18177\morning-star\architecture-certification-continuum-framework\complete-architecture-evidence-consolidation","3","0","0","3","0"
"EVIDENCE","evidence-driven-refinement-system","architecture-optimization-framework/evidence-driven-refinement-system","C:\Users\18177\morning-star\architecture-optimization-framework\evidence-driven-refinement-system","3","0","0","3","0"
"EVIDENCE","evidence","constitution/evidence","C:\Users\18177\morning-star\constitution\evidence","1","0","0","1","0"
"EVIDENCE","evidence","evidence","C:\Users\18177\morning-star\evidence","1","0","0","1","0"
"EVIDENCE","evidence-management","knowledge-infrastructure/evidence-management","C:\Users\18177\morning-star\knowledge-infrastructure\evidence-management","3","0","0","3","0"
"EVIDENCE","evidence-preservation-system","maturity-assurance/evidence-preservation-system","C:\Users\18177\morning-star\maturity-assurance\evidence-preservation-system","3","0","0","3","0"
"EVIDENCE","evidence","phase-ii/verification/evidence","C:\Users\18177\morning-star\phase-ii\verification\evidence","1","0","0","1","0"
"EVIDENCE","evidence","runtime/evidence","C:\Users\18177\morning-star\runtime\evidence","4","0","0","4","0"
"EVIDENCE","02_EVIDENCE","volumes/VOLUME_I_FOUNDATION/verification/execution/MS-T1_CONTROLLED_EXECUTION/02_EVIDENCE","C:\Users\18177\morning-star\volumes\VOLUME_I_FOUNDATION\verification\execution\MS-T1_CONTROLLED_EXECUTION\02_EVIDENCE","2","1","0","0","0"
"EVIDENCE","02_EVIDENCE","volumes/VOLUME_I_FOUNDATION/verification/execution/MS-T2_CONTROLLED_EXECUTION/02_EVIDENCE","C:\Users\18177\morning-star\volumes\VOLUME_I_FOUNDATION\verification\execution\MS-T2_CONTROLLED_EXECUTION\02_EVIDENCE","2","1","0","0","0"
"EVIDENCE","evidence","volumes/VOLUME_I_FOUNDATION/verification/MS-T1/trials/MS-T1-TRIAL-0001/evidence","C:\Users\18177\morning-star\volumes\VOLUME_I_FOUNDATION\verification\MS-T1\trials\MS-T1-TRIAL-0001\evidence","0","0","0","0","0"
"EVIDENCE","evidence","volumes/VOLUME_I_FOUNDATION/verification/trial_runtime/evidence","C:\Users\18177\morning-star\volumes\VOLUME_I_FOUNDATION\verification\trial_runtime\evidence","0","0","0","0","0"
"EVIDENCE","evidence","volumes/VOLUME_II_ONTOLOGY/evidence","C:\Users\18177\morning-star\volumes\VOLUME_II_ONTOLOGY\evidence","1","0","0","1","0"
"EVIDENCE","evidence","volumes/VOLUME_III_NAVIGATION/evidence","C:\Users\18177\morning-star\volumes\VOLUME_III_NAVIGATION\evidence","1","0","0","1","0"
"EVIDENCE","evidence","volumes/VOLUME_IV_INTERPRETATION/evidence","C:\Users\18177\morning-star\volumes\VOLUME_IV_INTERPRETATION\evidence","1","0","0","1","0"
"EVIDENCE","evidence","volumes/VOLUME_V_INITIATION/evidence","C:\Users\18177\morning-star\volumes\VOLUME_V_INITIATION\evidence","1","0","0","1","0"
"EXECUTION","execution-assurance-foundation","applied-architectures/execution-assurance-foundation","C:\Users\18177\morning-star\applied-architectures\execution-assurance-foundation","3","0","0","3","0"
"EXECUTION","execution-assurance","applied-development/execution-assurance","C:\Users\18177\morning-star\applied-development\execution-assurance","3","0","0","3","0"
"EXECUTION","evolution-governance-execution","architecture-operating-continuity-framework/evolution-governance-execution","C:\Users\18177\morning-star\architecture-operating-continuity-framework\evolution-governance-execution","3","0","0","3","0"
"EXECUTION","autonomous-execution-framework","autonomous-systems-architecture/autonomous-execution-framework","C:\Users\18177\morning-star\autonomous-systems-architecture\autonomous-execution-framework","3","0","0","3","0"
"EXECUTION","unified-execution-environment","complete-architecture-integration/unified-execution-environment","C:\Users\18177\morning-star\complete-architecture-integration\unified-execution-environment","3","0","0","3","0"
"EXECUTION","execution","execution","C:\Users\18177\morning-star\execution","0","0","0","0","0"
"EXECUTION","execution-assurance","execution-assurance","C:\Users\18177\morning-star\execution-assurance","0","0","0","0","0"
"EXECUTION","execution-controls","execution-assurance/execution-controls","C:\Users\18177\morning-star\execution-assurance\execution-controls","3","0","0","3","0"
"EXECUTION","execution-governance","execution-assurance/execution-governance","C:\Users\18177\morning-star\execution-assurance\execution-governance","3","0","0","3","0"
"EXECUTION","distributed-execution-framework","global-operating-model/distributed-execution-framework","C:\Users\18177\morning-star\global-operating-model\distributed-execution-framework","3","0","0","3","0"
"EXECUTION","execution","phase-ii/execution","C:\Users\18177\morning-star\phase-ii\execution","1","0","0","1","0"
"EXECUTION","execution","volumes/VOLUME_I_FOUNDATION/verification/execution","C:\Users\18177\morning-star\volumes\VOLUME_I_FOUNDATION\verification\execution","0","0","0","0","0"
"EXECUTION","MS-T1_CONTROLLED_EXECUTION","volumes/VOLUME_I_FOUNDATION/verification/execution/MS-T1_CONTROLLED_EXECUTION","C:\Users\18177\morning-star\volumes\VOLUME_I_FOUNDATION\verification\execution\MS-T1_CONTROLLED_EXECUTION","1","0","0","1","0"
"EXECUTION","MS-T2_CONTROLLED_EXECUTION","volumes/VOLUME_I_FOUNDATION/verification/execution/MS-T2_CONTROLLED_EXECUTION","C:\Users\18177\morning-star\volumes\VOLUME_I_FOUNDATION\verification\execution\MS-T2_CONTROLLED_EXECUTION","1","0","0","1","0"
"EXECUTION","BATCH_EXECUTION","volumes/VOLUME_I_FOUNDATION/verification/readiness/BATCH_EXECUTION","C:\Users\18177\morning-star\volumes\VOLUME_I_FOUNDATION\verification\readiness\BATCH_EXECUTION","0","0","0","0","0"
"EXECUTION","execution_trace","volumes/VOLUME_I_FOUNDATION/verification/trial_runtime/evidence/execution_trace","C:\Users\18177\morning-star\volumes\VOLUME_I_FOUNDATION\verification\trial_runtime\evidence\execution_trace","0","0","0","0","0"
"MANIFEST","release-manifest","ecosystem-release/release-manifest","C:\Users\18177\morning-star\ecosystem-release\release-manifest","3","0","0","3","0"
"OTHER","activation","activation","C:\Users\18177\morning-star\activation","0","0","0","0","0"
"OTHER","community-operations","activation/community-operations","C:\Users\18177\morning-star\activation\community-operations","4","0","0","4","0"
"OTHER","deployment-operations","activation/deployment-operations","C:\Users\18177\morning-star\activation\deployment-operations","4","0","0","4","0"
"OTHER","ecosystem-operations","activation/ecosystem-operations","C:\Users\18177\morning-star\activation\ecosystem-operations","4","0","0","4","0"
"OTHER","funding-operations","activation/funding-operations","C:\Users\18177\morning-star\activation\funding-operations","4","0","0","4","0"
"OTHER","impact-operations","activation/impact-operations","C:\Users\18177\morning-star\activation\impact-operations","4","0","0","4","0"
"OTHER","partnership-operations","activation/partnership-operations","C:\Users\18177\morning-star\activation\partnership-operations","4","0","0","4","0"
"OTHER","research-operations","activation/research-operations","C:\Users\18177\morning-star\activation\research-operations","4","0","0","4","0"
"OTHER","adaptive-ecosystem-evolution","adaptive-ecosystem-evolution","C:\Users\18177\morning-star\adaptive-ecosystem-evolution","0","0","0","0","0"
"OTHER","adaptive-learning-architecture","adaptive-ecosystem-evolution/adaptive-learning-architecture","C:\Users\18177\morning-star\adaptive-ecosystem-evolution\adaptive-learning-architecture","3","0","0","3","0"
"OTHER","dynamic-governance-intelligence","adaptive-ecosystem-evolution/dynamic-governance-intelligence","C:\Users\18177\morning-star\adaptive-ecosystem-evolution\dynamic-governance-intelligence","3","0","0","3","0"
"OTHER","evolutionary-architecture-framework","adaptive-ecosystem-evolution/evolutionary-architecture-framework","C:\Users\18177\morning-star\adaptive-ecosystem-evolution\evolutionary-architecture-framework","3","0","0","3","0"
"OTHER","final-consolidation","adaptive-ecosystem-evolution/final-consolidation","C:\Users\18177\morning-star\adaptive-ecosystem-evolution\final-consolidation","3","0","0","3","0"
"OTHER","recursive-knowledge-integration","adaptive-ecosystem-evolution/recursive-knowledge-integration","C:\Users\18177\morning-star\adaptive-ecosystem-evolution\recursive-knowledge-integration","3","0","0","3","0"
"OTHER","adaptive-systems","adaptive-systems","C:\Users\18177\morning-star\adaptive-systems","0","0","0","0","0"
"OTHER","adaptation-framework","adaptive-systems/adaptation-framework","C:\Users\18177\morning-star\adaptive-systems\adaptation-framework","3","0","0","3","0"
"OTHER","autonomous-evolution","adaptive-systems/autonomous-evolution","C:\Users\18177\morning-star\adaptive-systems\autonomous-evolution","3","0","0","3","0"
"OTHER","feedback-systems","adaptive-systems/feedback-systems","C:\Users\18177\morning-star\adaptive-systems\feedback-systems","3","0","0","3","0"
"OTHER","optimization-framework","adaptive-systems/optimization-framework","C:\Users\18177\morning-star\adaptive-systems\optimization-framework","3","0","0","3","0"
"OTHER","resilience-models","adaptive-systems/resilience-models","C:\Users\18177\morning-star\adaptive-systems\resilience-models","3","0","0","3","0"
"OTHER","adoption","adoption","C:\Users\18177\morning-star\adoption","5","0","0","5","0"
"OTHER","advanced-ecosystem-evolution","advanced-ecosystem-evolution","C:\Users\18177\morning-star\advanced-ecosystem-evolution","0","0","0","0","0"
"OTHER","autonomous-ecosystem-intelligence","advanced-ecosystem-evolution/autonomous-ecosystem-intelligence","C:\Users\18177\morning-star\advanced-ecosystem-evolution\autonomous-ecosystem-intelligence","3","0","0","3","0"
"OTHER","final-consolidation","advanced-ecosystem-evolution/final-consolidation","C:\Users\18177\morning-star\advanced-ecosystem-evolution\final-consolidation","3","0","0","3","0"
"OTHER","next-generation-orynth-civilization-layer","advanced-ecosystem-evolution/next-generation-orynth-civilization-layer","C:\Users\18177\morning-star\advanced-ecosystem-evolution\next-generation-orynth-civilization-layer","3","0","0","3","0"
"OTHER","recursive-architecture-optimization","advanced-ecosystem-evolution/recursive-architecture-optimization","C:\Users\18177\morning-star\advanced-ecosystem-evolution\recursive-architecture-optimization","3","0","0","3","0"
"OTHER","universal-capability-convergence","advanced-ecosystem-evolution/universal-capability-convergence","C:\Users\18177\morning-star\advanced-ecosystem-evolution\universal-capability-convergence","3","0","0","3","0"
"OTHER","applied-architectures","applied-architectures","C:\Users\18177\morning-star\applied-architectures","0","0","0","0","0"
"OTHER","constitutional-game-runtime","applied-architectures/constitutional-game-runtime","C:\Users\18177\morning-star\applied-architectures\constitutional-game-runtime","3","0","0","3","0"
"OTHER","planetary-psychology-atlas","applied-architectures/planetary-psychology-atlas","C:\Users\18177\morning-star\applied-architectures\planetary-psychology-atlas","3","0","0","3","0"
"OTHER","applied-development","applied-development","C:\Users\18177\morning-star\applied-development","0","0","0","0","0"
"OTHER","constitutional-game-runtime","applied-development/constitutional-game-runtime","C:\Users\18177\morning-star\applied-development\constitutional-game-runtime","3","0","0","3","0"
"OTHER","planetary-psychology-atlas","applied-development/planetary-psychology-atlas","C:\Users\18177\morning-star\applied-development\planetary-psychology-atlas","3","0","0","3","0"
"OTHER","architecture","architecture","C:\Users\18177\morning-star\architecture","1","0","0","1","0"
"OTHER","architecture-absolute-coherence-framework","architecture-absolute-coherence-framework","C:\Users\18177\morning-star\architecture-absolute-coherence-framework","0","0","0","0","0"
"OTHER","absolute-architecture-continuum","architecture-absolute-coherence-framework/absolute-architecture-continuum","C:\Users\18177\morning-star\architecture-absolute-coherence-framework\absolute-architecture-continuum","3","0","0","3","0"
"OTHER","cross-domain-intelligence-alignment","architecture-absolute-coherence-framework/cross-domain-intelligence-alignment","C:\Users\18177\morning-star\architecture-absolute-coherence-framework\cross-domain-intelligence-alignment","3","0","0","3","0"
"OTHER","final-consolidation","architecture-absolute-coherence-framework/final-consolidation","C:\Users\18177\morning-star\architecture-absolute-coherence-framework\final-consolidation","3","0","0","3","0"
"OTHER","recursive-coherence-governance","architecture-absolute-coherence-framework/recursive-coherence-governance","C:\Users\18177\morning-star\architecture-absolute-coherence-framework\recursive-coherence-governance","3","0","0","3","0"
"OTHER","universal-state-coherence-modeling","architecture-absolute-coherence-framework/universal-state-coherence-modeling","C:\Users\18177\morning-star\architecture-absolute-coherence-framework\universal-state-coherence-modeling","3","0","0","3","0"
"OTHER","architecture-adaptation-framework","architecture-adaptation-framework","C:\Users\18177\morning-star\architecture-adaptation-framework","0","0","0","0","0"
"OTHER","adaptive-governance-validation","architecture-adaptation-framework/adaptive-governance-validation","C:\Users\18177\morning-star\architecture-adaptation-framework\adaptive-governance-validation","3","0","0","3","0"
"OTHER","adaptive-state-modeling","architecture-adaptation-framework/adaptive-state-modeling","C:\Users\18177\morning-star\architecture-adaptation-framework\adaptive-state-modeling","3","0","0","3","0"
"OTHER","evolution-constraint-management","architecture-adaptation-framework/evolution-constraint-management","C:\Users\18177\morning-star\architecture-adaptation-framework\evolution-constraint-management","3","0","0","3","0"
"OTHER","final-consolidation","architecture-adaptation-framework/final-consolidation","C:\Users\18177\morning-star\architecture-adaptation-framework\final-consolidation","3","0","0","3","0"
"OTHER","long-term-evolution-continuity","architecture-adaptation-framework/long-term-evolution-continuity","C:\Users\18177\morning-star\architecture-adaptation-framework\long-term-evolution-continuity","3","0","0","3","0"
"OTHER","architecture-adaptive-intelligence-framework","architecture-adaptive-intelligence-framework","C:\Users\18177\morning-star\architecture-adaptive-intelligence-framework","0","0","0","0","0"
"OTHER","adaptive-architecture-continuum","architecture-adaptive-intelligence-framework/adaptive-architecture-continuum","C:\Users\18177\morning-star\architecture-adaptive-intelligence-framework\adaptive-architecture-continuum","3","0","0","3","0"
"OTHER","architecture-adaptation-integration-mapping","architecture-adaptive-intelligence-framework/architecture-adaptation-integration-mapping","C:\Users\18177\morning-star\architecture-adaptive-intelligence-framework\architecture-adaptation-integration-mapping","3","0","0","3","0"
"OTHER","final-consolidation","architecture-adaptive-intelligence-framework/final-consolidation","C:\Users\18177\morning-star\architecture-adaptive-intelligence-framework\final-consolidation","3","0","0","3","0"
"OTHER","recursive-adaptive-governance","architecture-adaptive-intelligence-framework/recursive-adaptive-governance","C:\Users\18177\morning-star\architecture-adaptive-intelligence-framework\recursive-adaptive-governance","3","0","0","3","0"
"OTHER","unified-adaptive-intelligence-modeling","architecture-adaptive-intelligence-framework/unified-adaptive-intelligence-modeling","C:\Users\18177\morning-star\architecture-adaptive-intelligence-framework\unified-adaptive-intelligence-modeling","3","0","0","3","0"
"OTHER","architecture-adaptive-synthesis","architecture-adaptive-synthesis","C:\Users\18177\morning-star\architecture-adaptive-synthesis","0","0","0","0","0"
"OTHER","adaptive-knowledge-evolution","architecture-adaptive-synthesis/adaptive-knowledge-evolution","C:\Users\18177\morning-star\architecture-adaptive-synthesis\adaptive-knowledge-evolution","3","0","0","3","0"
"OTHER","dynamic-architecture-synthesis","architecture-adaptive-synthesis/dynamic-architecture-synthesis","C:\Users\18177\morning-star\architecture-adaptive-synthesis\dynamic-architecture-synthesis","3","0","0","3","0"
"OTHER","emergent-pattern-integration","architecture-adaptive-synthesis/emergent-pattern-integration","C:\Users\18177\morning-star\architecture-adaptive-synthesis\emergent-pattern-integration","3","0","0","3","0"
"OTHER","final-consolidation","architecture-adaptive-synthesis/final-consolidation","C:\Users\18177\morning-star\architecture-adaptive-synthesis\final-consolidation","3","0","0","3","0"
"OTHER","self-organizing-architecture-framework","architecture-adaptive-synthesis/self-organizing-architecture-framework","C:\Users\18177\morning-star\architecture-adaptive-synthesis\self-organizing-architecture-framework","3","0","0","3","0"
"OTHER","architecture-adoption-framework","architecture-adoption-framework","C:\Users\18177\morning-star\architecture-adoption-framework","0","0","0","0","0"
"OTHER","deployment-governance","architecture-adoption-framework/deployment-governance","C:\Users\18177\morning-star\architecture-adoption-framework\deployment-governance","3","0","0","3","0"
"OTHER","final-consolidation","architecture-adoption-framework/final-consolidation","C:\Users\18177\morning-star\architecture-adoption-framework\final-consolidation","3","0","0","3","0"
"OTHER","global-adoption-continuity","architecture-adoption-framework/global-adoption-continuity","C:\Users\18177\morning-star\architecture-adoption-framework\global-adoption-continuity","3","0","0","3","0"
"OTHER","implementation-pathway-definition","architecture-adoption-framework/implementation-pathway-definition","C:\Users\18177\morning-star\architecture-adoption-framework\implementation-pathway-definition","3","0","0","3","0"
"OTHER","stakeholder-integration-model","architecture-adoption-framework/stakeholder-integration-model","C:\Users\18177\morning-star\architecture-adoption-framework\stakeholder-integration-model","3","0","0","3","0"
"OTHER","architecture-agency-framework","architecture-agency-framework","C:\Users\18177\morning-star\architecture-agency-framework","0","0","0","0","0"
"OTHER","agency-continuity-preservation","architecture-agency-framework/agency-continuity-preservation","C:\Users\18177\morning-star\architecture-agency-framework\agency-continuity-preservation","3","0","0","3","0"
"OTHER","agency-governance-system","architecture-agency-framework/agency-governance-system","C:\Users\18177\morning-star\architecture-agency-framework\agency-governance-system","3","0","0","3","0"
"OTHER","agency-state-modeling","architecture-agency-framework/agency-state-modeling","C:\Users\18177\morning-star\architecture-agency-framework\agency-state-modeling","3","0","0","3","0"
"OTHER","autonomous-capability-coordination","architecture-agency-framework/autonomous-capability-coordination","C:\Users\18177\morning-star\architecture-agency-framework\autonomous-capability-coordination","3","0","0","3","0"
"OTHER","final-consolidation","architecture-agency-framework/final-consolidation","C:\Users\18177\morning-star\architecture-agency-framework\final-consolidation","3","0","0","3","0"
"OTHER","architecture-assurance-framework","architecture-assurance-framework","C:\Users\18177\morning-star\architecture-assurance-framework","0","0","0","0","0"
"OTHER","assurance-baseline-establishment","architecture-assurance-framework/assurance-baseline-establishment","C:\Users\18177\morning-star\architecture-assurance-framework\assurance-baseline-establishment","3","0","0","3","0"
"OTHER","assurance-continuity-model","architecture-assurance-framework/assurance-continuity-model","C:\Users\18177\morning-star\architecture-assurance-framework\assurance-continuity-model","3","0","0","3","0"
"OTHER","final-consolidation","architecture-assurance-framework/final-consolidation","C:\Users\18177\morning-star\architecture-assurance-framework\final-consolidation","3","0","0","3","0"
"OTHER","architecture-autonomous-governance","architecture-autonomous-governance","C:\Users\18177\morning-star\architecture-autonomous-governance","0","0","0","0","0"
"OTHER","adaptive-governance-intelligence","architecture-autonomous-governance/adaptive-governance-intelligence","C:\Users\18177\morning-star\architecture-autonomous-governance\adaptive-governance-intelligence","3","0","0","3","0"
"OTHER","autonomous-architecture-monitoring","architecture-autonomous-governance/autonomous-architecture-monitoring","C:\Users\18177\morning-star\architecture-autonomous-governance\autonomous-architecture-monitoring","3","0","0","3","0"
"OTHER","final-consolidation","architecture-autonomous-governance/final-consolidation","C:\Users\18177\morning-star\architecture-autonomous-governance\final-consolidation","3","0","0","3","0"
"OTHER","orynth-architecture-continuum","architecture-autonomous-governance/orynth-architecture-continuum","C:\Users\18177\morning-star\architecture-autonomous-governance\orynth-architecture-continuum","3","0","0","3","0"
"OTHER","self-regulating-reference-evolution","architecture-autonomous-governance/self-regulating-reference-evolution","C:\Users\18177\morning-star\architecture-autonomous-governance\self-regulating-reference-evolution","3","0","0","3","0"
"OTHER","architecture-autonomous-intelligence","architecture-autonomous-intelligence","C:\Users\18177\morning-star\architecture-autonomous-intelligence","0","0","0","0","0"
"OTHER","autonomous-intelligence-continuity-model","architecture-autonomous-intelligence/autonomous-intelligence-continuity-model","C:\Users\18177\morning-star\architecture-autonomous-intelligence\autonomous-intelligence-continuity-model","3","0","0","3","0"
"OTHER","autonomous-intelligence-state-formation","architecture-autonomous-intelligence/autonomous-intelligence-state-formation","C:\Users\18177\morning-star\architecture-autonomous-intelligence\autonomous-intelligence-state-formation","3","0","0","3","0"
"OTHER","autonomous-knowledge-integration","architecture-autonomous-intelligence/autonomous-knowledge-integration","C:\Users\18177\morning-star\architecture-autonomous-intelligence\autonomous-knowledge-integration","3","0","0","3","0"
"OTHER","final-consolidation","architecture-autonomous-intelligence/final-consolidation","C:\Users\18177\morning-star\architecture-autonomous-intelligence\final-consolidation","3","0","0","3","0"
"OTHER","self-directed-architecture-optimization","architecture-autonomous-intelligence/self-directed-architecture-optimization","C:\Users\18177\morning-star\architecture-autonomous-intelligence\self-directed-architecture-optimization","3","0","0","3","0"
"OTHER","architecture-autonomous-intelligence-framework","architecture-autonomous-intelligence-framework","C:\Users\18177\morning-star\architecture-autonomous-intelligence-framework","0","0","0","0","0"
"OTHER","architecture-autonomy-integration-mapping","architecture-autonomous-intelligence-framework/architecture-autonomy-integration-mapping","C:\Users\18177\morning-star\architecture-autonomous-intelligence-framework\architecture-autonomy-integration-mapping","3","0","0","3","0"
"OTHER","autonomous-architecture-continuum","architecture-autonomous-intelligence-framework/autonomous-architecture-continuum","C:\Users\18177\morning-star\architecture-autonomous-intelligence-framework\autonomous-architecture-continuum","3","0","0","3","0"
"OTHER","final-consolidation","architecture-autonomous-intelligence-framework/final-consolidation","C:\Users\18177\morning-star\architecture-autonomous-intelligence-framework\final-consolidation","3","0","0","3","0"
"OTHER","recursive-autonomous-governance","architecture-autonomous-intelligence-framework/recursive-autonomous-governance","C:\Users\18177\morning-star\architecture-autonomous-intelligence-framework\recursive-autonomous-governance","3","0","0","3","0"
"OTHER","unified-autonomous-intelligence-modeling","architecture-autonomous-intelligence-framework/unified-autonomous-intelligence-modeling","C:\Users\18177\morning-star\architecture-autonomous-intelligence-framework\unified-autonomous-intelligence-modeling","3","0","0","3","0"
"OTHER","architecture-autonomous-synthesis-governance","architecture-autonomous-synthesis-governance","C:\Users\18177\morning-star\architecture-autonomous-synthesis-governance","0","0","0","0","0"
"OTHER","adaptive-transition-management","architecture-autonomous-synthesis-governance/adaptive-transition-management","C:\Users\18177\morning-star\architecture-autonomous-synthesis-governance\adaptive-transition-management","3","0","0","3","0"
"OTHER","continuous-synthesis-governance-model","architecture-autonomous-synthesis-governance/continuous-synthesis-governance-model","C:\Users\18177\morning-star\architecture-autonomous-synthesis-governance\continuous-synthesis-governance-model","3","0","0","3","0"
"OTHER","emergent-architecture-coordination","architecture-autonomous-synthesis-governance/emergent-architecture-coordination","C:\Users\18177\morning-star\architecture-autonomous-synthesis-governance\emergent-architecture-coordination","3","0","0","3","0"
"OTHER","final-consolidation","architecture-autonomous-synthesis-governance/final-consolidation","C:\Users\18177\morning-star\architecture-autonomous-synthesis-governance\final-consolidation","3","0","0","3","0"
"OTHER","synthesis-governance-intelligence","architecture-autonomous-synthesis-governance/synthesis-governance-intelligence","C:\Users\18177\morning-star\architecture-autonomous-synthesis-governance\synthesis-governance-intelligence","3","0","0","3","0"
"OTHER","architecture-autonomy-framework","architecture-autonomy-framework","C:\Users\18177\morning-star\architecture-autonomy-framework","0","0","0","0","0"
"OTHER","autonomous-continuity-preservation","architecture-autonomy-framework/autonomous-continuity-preservation","C:\Users\18177\morning-star\architecture-autonomy-framework\autonomous-continuity-preservation","3","0","0","3","0"
"OTHER","autonomous-state-governance","architecture-autonomy-framework/autonomous-state-governance","C:\Users\18177\morning-star\architecture-autonomy-framework\autonomous-state-governance","3","0","0","3","0"
"OTHER","autonomous-validation-intelligence","architecture-autonomy-framework/autonomous-validation-intelligence","C:\Users\18177\morning-star\architecture-autonomy-framework\autonomous-validation-intelligence","3","0","0","3","0"
"OTHER","final-consolidation","architecture-autonomy-framework/final-consolidation","C:\Users\18177\morning-star\architecture-autonomy-framework\final-consolidation","3","0","0","3","0"
"OTHER","self-regulating-architecture-controls","architecture-autonomy-framework/self-regulating-architecture-controls","C:\Users\18177\morning-star\architecture-autonomy-framework\self-regulating-architecture-controls","3","0","0","3","0"
"OTHER","architecture-certification-continuum-framework","architecture-certification-continuum-framework","C:\Users\18177\morning-star\architecture-certification-continuum-framework","0","0","0","0","0"
"OTHER","long-term-public-architecture-stewardship","architecture-certification-continuum-framework/long-term-public-architecture-stewardship","C:\Users\18177\morning-star\architecture-certification-continuum-framework\long-term-public-architecture-stewardship","3","0","0","3","0"
"OTHER","reference-state-certification","architecture-certification-continuum-framework/reference-state-certification","C:\Users\18177\morning-star\architecture-certification-continuum-framework\reference-state-certification","3","0","0","3","0"
"OTHER","architecture-cognition-framework","architecture-cognition-framework","C:\Users\18177\morning-star\architecture-cognition-framework","0","0","0","0","0"
"OTHER","cognitive-continuity-preservation","architecture-cognition-framework/cognitive-continuity-preservation","C:\Users\18177\morning-star\architecture-cognition-framework\cognitive-continuity-preservation","3","0","0","3","0"
"OTHER","cognitive-governance-system","architecture-cognition-framework/cognitive-governance-system","C:\Users\18177\morning-star\architecture-cognition-framework\cognitive-governance-system","3","0","0","3","0"
"OTHER","cognitive-state-modeling","architecture-cognition-framework/cognitive-state-modeling","C:\Users\18177\morning-star\architecture-cognition-framework\cognitive-state-modeling","3","0","0","3","0"
"OTHER","final-consolidation","architecture-cognition-framework/final-consolidation","C:\Users\18177\morning-star\architecture-cognition-framework\final-consolidation","3","0","0","3","0"
"OTHER","unified-architecture-synthesis","architecture-cognition-framework/unified-architecture-synthesis","C:\Users\18177\morning-star\architecture-cognition-framework\unified-architecture-synthesis","3","0","0","3","0"
"OTHER","architecture-cognitive-integration","architecture-cognitive-integration","C:\Users\18177\morning-star\architecture-cognitive-integration","0","0","0","0","0"
"OTHER","contextual-reasoning-framework","architecture-cognitive-integration/contextual-reasoning-framework","C:\Users\18177\morning-star\architecture-cognitive-integration\contextual-reasoning-framework","3","0","0","3","0"
"OTHER","cross-domain-intelligence-correlation","architecture-cognitive-integration/cross-domain-intelligence-correlation","C:\Users\18177\morning-star\architecture-cognitive-integration\cross-domain-intelligence-correlation","3","0","0","3","0"
"OTHER","final-consolidation","architecture-cognitive-integration/final-consolidation","C:\Users\18177\morning-star\architecture-cognitive-integration\final-consolidation","3","0","0","3","0"
"OTHER","integrated-cognitive-architecture-model","architecture-cognitive-integration/integrated-cognitive-architecture-model","C:\Users\18177\morning-star\architecture-cognitive-integration\integrated-cognitive-architecture-model","3","0","0","3","0"
"OTHER","unified-semantic-architecture-mapping","architecture-cognitive-integration/unified-semantic-architecture-mapping","C:\Users\18177\morning-star\architecture-cognitive-integration\unified-semantic-architecture-mapping","3","0","0","3","0"
"OTHER","architecture-coherent-intelligence-framework","architecture-coherent-intelligence-framework","C:\Users\18177\morning-star\architecture-coherent-intelligence-framework","0","0","0","0","0"
"OTHER","architecture-coherent-intelligence-integration-mapping","architecture-coherent-intelligence-framework/architecture-coherent-intelligence-integration-mapping","C:\Users\18177\morning-star\architecture-coherent-intelligence-framework\architecture-coherent-intelligence-integration-mapping","3","0","0","3","0"
"OTHER","coherent-architecture-continuum","architecture-coherent-intelligence-framework/coherent-architecture-continuum","C:\Users\18177\morning-star\architecture-coherent-intelligence-framework\coherent-architecture-continuum","3","0","0","3","0"
"OTHER","final-consolidation","architecture-coherent-intelligence-framework/final-consolidation","C:\Users\18177\morning-star\architecture-coherent-intelligence-framework\final-consolidation","3","0","0","3","0"
"OTHER","recursive-coherent-intelligence-governance","architecture-coherent-intelligence-framework/recursive-coherent-intelligence-governance","C:\Users\18177\morning-star\architecture-coherent-intelligence-framework\recursive-coherent-intelligence-governance","3","0","0","3","0"
"OTHER","unified-coherent-intelligence-modeling","architecture-coherent-intelligence-framework/unified-coherent-intelligence-modeling","C:\Users\18177\morning-star\architecture-coherent-intelligence-framework\unified-coherent-intelligence-modeling","3","0","0","3","0"
"OTHER","architecture-conscious-intelligence-framework","architecture-conscious-intelligence-framework","C:\Users\18177\morning-star\architecture-conscious-intelligence-framework","0","0","0","0","0"
"OTHER","architecture-consciousness-integration-mapping","architecture-conscious-intelligence-framework/architecture-consciousness-integration-mapping","C:\Users\18177\morning-star\architecture-conscious-intelligence-framework\architecture-consciousness-integration-mapping","3","0","0","3","0"
"OTHER","conscious-architecture-continuum","architecture-conscious-intelligence-framework/conscious-architecture-continuum","C:\Users\18177\morning-star\architecture-conscious-intelligence-framework\conscious-architecture-continuum","3","0","0","3","0"
"OTHER","final-consolidation","architecture-conscious-intelligence-framework/final-consolidation","C:\Users\18177\morning-star\architecture-conscious-intelligence-framework\final-consolidation","3","0","0","3","0"
"OTHER","recursive-conscious-governance","architecture-conscious-intelligence-framework/recursive-conscious-governance","C:\Users\18177\morning-star\architecture-conscious-intelligence-framework\recursive-conscious-governance","3","0","0","3","0"
"OTHER","unified-conscious-intelligence-modeling","architecture-conscious-intelligence-framework/unified-conscious-intelligence-modeling","C:\Users\18177\morning-star\architecture-conscious-intelligence-framework\unified-conscious-intelligence-modeling","3","0","0","3","0"
"OTHER","architecture-consolidation","architecture-consolidation","C:\Users\18177\morning-star\architecture-consolidation","0","0","0","0","0"
"OTHER","architecture-inventory","architecture-consolidation/architecture-inventory","C:\Users\18177\morning-star\architecture-consolidation\architecture-inventory","0","0","0","0","0"
"OTHER","completeness-review","architecture-consolidation/completeness-review","C:\Users\18177\morning-star\architecture-consolidation\completeness-review","3","0","0","3","0"
"OTHER","dependency-map","architecture-consolidation/dependency-map","C:\Users\18177\morning-star\architecture-consolidation\dependency-map","3","0","0","3","0"
"OTHER","final-release-record","architecture-consolidation/final-release-record","C:\Users\18177\morning-star\architecture-consolidation\final-release-record","3","0","0","3","0"
"OTHER","lifecycle-validation","architecture-consolidation/lifecycle-validation","C:\Users\18177\morning-star\architecture-consolidation\lifecycle-validation","3","0","0","3","0"
"OTHER","architecture-continuous-intelligence-framework","architecture-continuous-intelligence-framework","C:\Users\18177\morning-star\architecture-continuous-intelligence-framework","0","0","0","0","0"
"OTHER","architecture-continuous-intelligence-integration-mapping","architecture-continuous-intelligence-framework/architecture-continuous-intelligence-integration-mapping","C:\Users\18177\morning-star\architecture-continuous-intelligence-framework\architecture-continuous-intelligence-integration-mapping","3","0","0","3","0"
"OTHER","continuous-architecture-continuum","architecture-continuous-intelligence-framework/continuous-architecture-continuum","C:\Users\18177\morning-star\architecture-continuous-intelligence-framework\continuous-architecture-continuum","3","0","0","3","0"
"OTHER","final-consolidation","architecture-continuous-intelligence-framework/final-consolidation","C:\Users\18177\morning-star\architecture-continuous-intelligence-framework\final-consolidation","3","0","0","3","0"
"OTHER","recursive-continuous-intelligence-governance","architecture-continuous-intelligence-framework/recursive-continuous-intelligence-governance","C:\Users\18177\morning-star\architecture-continuous-intelligence-framework\recursive-continuous-intelligence-governance","3","0","0","3","0"
"OTHER","unified-continuous-intelligence-modeling","architecture-continuous-intelligence-framework/unified-continuous-intelligence-modeling","C:\Users\18177\morning-star\architecture-continuous-intelligence-framework\unified-continuous-intelligence-modeling","3","0","0","3","0"
"OTHER","architecture-convergence-synthesis","architecture-convergence-synthesis","C:\Users\18177\morning-star\architecture-convergence-synthesis","0","0","0","0","0"
"OTHER","complete-orynth-reference-architecture-synthesis","architecture-convergence-synthesis/complete-orynth-reference-architecture-synthesis","C:\Users\18177\morning-star\architecture-convergence-synthesis\complete-orynth-reference-architecture-synthesis","3","0","0","3","0"
"OTHER","cross-architecture-dependency-synthesis","architecture-convergence-synthesis/cross-architecture-dependency-synthesis","C:\Users\18177\morning-star\architecture-convergence-synthesis\cross-architecture-dependency-synthesis","3","0","0","3","0"
"OTHER","final-consolidation","architecture-convergence-synthesis/final-consolidation","C:\Users\18177\morning-star\architecture-convergence-synthesis\final-consolidation","3","0","0","3","0"
"OTHER","systemic-relationship-validation","architecture-convergence-synthesis/systemic-relationship-validation","C:\Users\18177\morning-star\architecture-convergence-synthesis\systemic-relationship-validation","3","0","0","3","0"
"OTHER","unified-architecture-graph-construction","architecture-convergence-synthesis/unified-architecture-graph-construction","C:\Users\18177\morning-star\architecture-convergence-synthesis\unified-architecture-graph-construction","3","0","0","3","0"
"OTHER","architecture-convergent-intelligence-framework","architecture-convergent-intelligence-framework","C:\Users\18177\morning-star\architecture-convergent-intelligence-framework","0","0","0","0","0"
"OTHER","architecture-convergent-intelligence-integration-mapping","architecture-convergent-intelligence-framework/architecture-convergent-intelligence-integration-mapping","C:\Users\18177\morning-star\architecture-convergent-intelligence-framework\architecture-convergent-intelligence-integration-mapping","3","0","0","3","0"
"OTHER","architecture-intelligence-convergence-mapping","architecture-convergent-intelligence-framework/architecture-intelligence-convergence-mapping","C:\Users\18177\morning-star\architecture-convergent-intelligence-framework\architecture-intelligence-convergence-mapping","3","0","0","3","0"
"OTHER","convergent-architecture-continuum","architecture-convergent-intelligence-framework/convergent-architecture-continuum","C:\Users\18177\morning-star\architecture-convergent-intelligence-framework\convergent-architecture-continuum","3","0","0","3","0"
"OTHER","final-consolidation","architecture-convergent-intelligence-framework/final-consolidation","C:\Users\18177\morning-star\architecture-convergent-intelligence-framework\final-consolidation","3","0","0","3","0"
"OTHER","recursive-convergence-governance","architecture-convergent-intelligence-framework/recursive-convergence-governance","C:\Users\18177\morning-star\architecture-convergent-intelligence-framework\recursive-convergence-governance","3","0","0","3","0"
"OTHER","recursive-convergent-intelligence-governance","architecture-convergent-intelligence-framework/recursive-convergent-intelligence-governance","C:\Users\18177\morning-star\architecture-convergent-intelligence-framework\recursive-convergent-intelligence-governance","3","0","0","3","0"
"OTHER","unified-convergent-intelligence-modeling","architecture-convergent-intelligence-framework/unified-convergent-intelligence-modeling","C:\Users\18177\morning-star\architecture-convergent-intelligence-framework\unified-convergent-intelligence-modeling","3","0","0","3","0"
"OTHER","unified-intelligence-convergence-modeling","architecture-convergent-intelligence-framework/unified-intelligence-convergence-modeling","C:\Users\18177\morning-star\architecture-convergent-intelligence-framework\unified-intelligence-convergence-modeling","3","0","0","3","0"
"OTHER","architecture-discovery-framework","architecture-discovery-framework","C:\Users\18177\morning-star\architecture-discovery-framework","0","0","0","0","0"
"OTHER","discovery-continuity-preservation","architecture-discovery-framework/discovery-continuity-preservation","C:\Users\18177\morning-star\architecture-discovery-framework\discovery-continuity-preservation","3","0","0","3","0"
"OTHER","discovery-governance-system","architecture-discovery-framework/discovery-governance-system","C:\Users\18177\morning-star\architecture-discovery-framework\discovery-governance-system","3","0","0","3","0"
"OTHER","discovery-state-modeling","architecture-discovery-framework/discovery-state-modeling","C:\Users\18177\morning-star\architecture-discovery-framework\discovery-state-modeling","3","0","0","3","0"
"OTHER","emergent-pattern-identification","architecture-discovery-framework/emergent-pattern-identification","C:\Users\18177\morning-star\architecture-discovery-framework\emergent-pattern-identification","3","0","0","3","0"
"OTHER","final-consolidation","architecture-discovery-framework/final-consolidation","C:\Users\18177\morning-star\architecture-discovery-framework\final-consolidation","3","0","0","3","0"
"OTHER","architecture-ecosystem-framework","architecture-ecosystem-framework","C:\Users\18177\morning-star\architecture-ecosystem-framework","0","0","0","0","0"
"OTHER","ecosystem-relationship-modeling","architecture-ecosystem-framework/ecosystem-relationship-modeling","C:\Users\18177\morning-star\architecture-ecosystem-framework\ecosystem-relationship-modeling","3","0","0","3","0"
"OTHER","external-architecture-alignment","architecture-ecosystem-framework/external-architecture-alignment","C:\Users\18177\morning-star\architecture-ecosystem-framework\external-architecture-alignment","3","0","0","3","0"
"OTHER","final-consolidation","architecture-ecosystem-framework/final-consolidation","C:\Users\18177\morning-star\architecture-ecosystem-framework\final-consolidation","3","0","0","3","0"
"OTHER","global-reference-architecture-network","architecture-ecosystem-framework/global-reference-architecture-network","C:\Users\18177\morning-star\architecture-ecosystem-framework\global-reference-architecture-network","3","0","0","3","0"
"OTHER","multi-system-interoperability-governance","architecture-ecosystem-framework/multi-system-interoperability-governance","C:\Users\18177\morning-star\architecture-ecosystem-framework\multi-system-interoperability-governance","3","0","0","3","0"
"OTHER","architecture-embodiment-framework","architecture-embodiment-framework","C:\Users\18177\morning-star\architecture-embodiment-framework","0","0","0","0","0"
"OTHER","embodiment-continuity-preservation","architecture-embodiment-framework/embodiment-continuity-preservation","C:\Users\18177\morning-star\architecture-embodiment-framework\embodiment-continuity-preservation","3","0","0","3","0"
"OTHER","embodiment-governance-system","architecture-embodiment-framework/embodiment-governance-system","C:\Users\18177\morning-star\architecture-embodiment-framework\embodiment-governance-system","3","0","0","3","0"
"OTHER","embodiment-state-modeling","architecture-embodiment-framework/embodiment-state-modeling","C:\Users\18177\morning-star\architecture-embodiment-framework\embodiment-state-modeling","3","0","0","3","0"
"OTHER","final-consolidation","architecture-embodiment-framework/final-consolidation","C:\Users\18177\morning-star\architecture-embodiment-framework\final-consolidation","3","0","0","3","0"
"OTHER","operational-presence-coordination","architecture-embodiment-framework/operational-presence-coordination","C:\Users\18177\morning-star\architecture-embodiment-framework\operational-presence-coordination","3","0","0","3","0"
"OTHER","architecture-evolutionary-intelligence-framework","architecture-evolutionary-intelligence-framework","C:\Users\18177\morning-star\architecture-evolutionary-intelligence-framework","0","0","0","0","0"
"OTHER","architecture-evolutionary-intelligence-integration-mapping","architecture-evolutionary-intelligence-framework/architecture-evolutionary-intelligence-integration-mapping","C:\Users\18177\morning-star\architecture-evolutionary-intelligence-framework\architecture-evolutionary-intelligence-integration-mapping","3","0","0","3","0"
"OTHER","evolutionary-architecture-continuum","architecture-evolutionary-intelligence-framework/evolutionary-architecture-continuum","C:\Users\18177\morning-star\architecture-evolutionary-intelligence-framework\evolutionary-architecture-continuum","3","0","0","3","0"
"OTHER","final-consolidation","architecture-evolutionary-intelligence-framework/final-consolidation","C:\Users\18177\morning-star\architecture-evolutionary-intelligence-framework\final-consolidation","3","0","0","3","0"
"OTHER","recursive-evolutionary-intelligence-governance","architecture-evolutionary-intelligence-framework/recursive-evolutionary-intelligence-governance","C:\Users\18177\morning-star\architecture-evolutionary-intelligence-framework\recursive-evolutionary-intelligence-governance","3","0","0","3","0"
"OTHER","unified-evolutionary-intelligence-modeling","architecture-evolutionary-intelligence-framework/unified-evolutionary-intelligence-modeling","C:\Users\18177\morning-star\architecture-evolutionary-intelligence-framework\unified-evolutionary-intelligence-modeling","3","0","0","3","0"
"OTHER","architecture-evolution-framework","architecture-evolution-framework","C:\Users\18177\morning-star\architecture-evolution-framework","0","0","0","0","0"
"OTHER","adaptive-transformation-coordination","architecture-evolution-framework/adaptive-transformation-coordination","C:\Users\18177\morning-star\architecture-evolution-framework\adaptive-transformation-coordination","3","0","0","3","0"
"OTHER","advanced-framework-integration","architecture-evolution-framework/advanced-framework-integration","C:\Users\18177\morning-star\architecture-evolution-framework\advanced-framework-integration","3","0","0","3","0"
"OTHER","controlled-capability-expansion","architecture-evolution-framework/controlled-capability-expansion","C:\Users\18177\morning-star\architecture-evolution-framework\controlled-capability-expansion","3","0","0","3","0"
"OTHER","evolution-continuity-preservation","architecture-evolution-framework/evolution-continuity-preservation","C:\Users\18177\morning-star\architecture-evolution-framework\evolution-continuity-preservation","3","0","0","3","0"
"OTHER","evolution-governance-system","architecture-evolution-framework/evolution-governance-system","C:\Users\18177\morning-star\architecture-evolution-framework\evolution-governance-system","3","0","0","3","0"
"OTHER","evolution-state-modeling","architecture-evolution-framework/evolution-state-modeling","C:\Users\18177\morning-star\architecture-evolution-framework\evolution-state-modeling","3","0","0","3","0"
"OTHER","final-consolidation","architecture-evolution-framework/final-consolidation","C:\Users\18177\morning-star\architecture-evolution-framework\final-consolidation","4","0","0","4","0"
"OTHER","future-architecture-discovery","architecture-evolution-framework/future-architecture-discovery","C:\Users\18177\morning-star\architecture-evolution-framework\future-architecture-discovery","3","0","0","3","0"
"OTHER","next-generation-reference-state","architecture-evolution-framework/next-generation-reference-state","C:\Users\18177\morning-star\architecture-evolution-framework\next-generation-reference-state","3","0","0","3","0"
"OTHER","architecture-governance-framework","architecture-governance-framework","C:\Users\18177\morning-star\architecture-governance-framework","6","0","0","6","0"
"OTHER","change-control-governance","architecture-governance-framework/change-control-governance","C:\Users\18177\morning-star\architecture-governance-framework\change-control-governance","3","0","0","3","0"
"OTHER","final-consolidation","architecture-governance-framework/final-consolidation","C:\Users\18177\morning-star\architecture-governance-framework\final-consolidation","3","0","0","3","0"
"OTHER","future-revision-validation","architecture-governance-framework/future-revision-validation","C:\Users\18177\morning-star\architecture-governance-framework\future-revision-validation","3","0","0","3","0"
"OTHER","long-term-architecture-stewardship","architecture-governance-framework/long-term-architecture-stewardship","C:\Users\18177\morning-star\architecture-governance-framework\long-term-architecture-stewardship","1","0","0","1","0"
"OTHER","reference-state-maintenance","architecture-governance-framework/reference-state-maintenance","C:\Users\18177\morning-star\architecture-governance-framework\reference-state-maintenance","3","0","0","3","0"
"OTHER","architecture-harmonic-integration-framework","architecture-harmonic-integration-framework","C:\Users\18177\morning-star\architecture-harmonic-integration-framework","0","0","0","0","0"
"OTHER","final-consolidation","architecture-harmonic-integration-framework/final-consolidation","C:\Users\18177\morning-star\architecture-harmonic-integration-framework\final-consolidation","3","0","0","3","0"
"OTHER","harmonic-architecture-continuum","architecture-harmonic-integration-framework/harmonic-architecture-continuum","C:\Users\18177\morning-star\architecture-harmonic-integration-framework\harmonic-architecture-continuum","3","0","0","3","0"
"OTHER","intelligence-system-harmonic-alignment","architecture-harmonic-integration-framework/intelligence-system-harmonic-alignment","C:\Users\18177\morning-star\architecture-harmonic-integration-framework\intelligence-system-harmonic-alignment","3","0","0","3","0"
"OTHER","recursive-harmonic-governance","architecture-harmonic-integration-framework/recursive-harmonic-governance","C:\Users\18177\morning-star\architecture-harmonic-integration-framework\recursive-harmonic-governance","3","0","0","3","0"
"OTHER","unified-architecture-harmonic-modeling","architecture-harmonic-integration-framework/unified-architecture-harmonic-modeling","C:\Users\18177\morning-star\architecture-harmonic-integration-framework\unified-architecture-harmonic-modeling","3","0","0","3","0"
"OTHER","architecture-immutability-reference","architecture-immutability-reference","C:\Users\18177\morning-star\architecture-immutability-reference","0","0","0","0","0"
"OTHER","constitutional-architecture-lock","architecture-immutability-reference/constitutional-architecture-lock","C:\Users\18177\morning-star\architecture-immutability-reference\constitutional-architecture-lock","3","0","0","3","0"
"OTHER","final-consolidation","architecture-immutability-reference/final-consolidation","C:\Users\18177\morning-star\architecture-immutability-reference\final-consolidation","3","0","0","3","0"
"OTHER","immutable-reference-state-creation","architecture-immutability-reference/immutable-reference-state-creation","C:\Users\18177\morning-star\architecture-immutability-reference\immutable-reference-state-creation","3","0","0","3","0"
"OTHER","permanent-architecture-reference-registry","architecture-immutability-reference/permanent-architecture-reference-registry","C:\Users\18177\morning-star\architecture-immutability-reference\permanent-architecture-reference-registry","1","0","0","1","0"
"OTHER","architecture-impact-framework","architecture-impact-framework","C:\Users\18177\morning-star\architecture-impact-framework","0","0","0","0","0"
"OTHER","final-consolidation","architecture-impact-framework/final-consolidation","C:\Users\18177\morning-star\architecture-impact-framework\final-consolidation","3","0","0","3","0"
"OTHER","impact-measurement-model","architecture-impact-framework/impact-measurement-model","C:\Users\18177\morning-star\architecture-impact-framework\impact-measurement-model","3","0","0","3","0"
"OTHER","long-term-impact-continuity","architecture-impact-framework/long-term-impact-continuity","C:\Users\18177\morning-star\architecture-impact-framework\long-term-impact-continuity","3","0","0","3","0"
"OTHER","outcome-validation-system","architecture-impact-framework/outcome-validation-system","C:\Users\18177\morning-star\architecture-impact-framework\outcome-validation-system","3","0","0","3","0"
"OTHER","societal-systemic-impact-analysis","architecture-impact-framework/societal-systemic-impact-analysis","C:\Users\18177\morning-star\architecture-impact-framework\societal-systemic-impact-analysis","3","0","0","3","0"
"OTHER","architecture-integrated-existence-framework","architecture-integrated-existence-framework","C:\Users\18177\morning-star\architecture-integrated-existence-framework","0","0","0","0","0"
"OTHER","complete-architecture-state-modeling","architecture-integrated-existence-framework/complete-architecture-state-modeling","C:\Users\18177\morning-star\architecture-integrated-existence-framework\complete-architecture-state-modeling","3","0","0","3","0"
"OTHER","final-consolidation","architecture-integrated-existence-framework/final-consolidation","C:\Users\18177\morning-star\architecture-integrated-existence-framework\final-consolidation","3","0","0","3","0"
"OTHER","integrated-architecture-continuum","architecture-integrated-existence-framework/integrated-architecture-continuum","C:\Users\18177\morning-star\architecture-integrated-existence-framework\integrated-architecture-continuum","3","0","0","3","0"
"OTHER","intelligence-architecture-coherence-mapping","architecture-integrated-existence-framework/intelligence-architecture-coherence-mapping","C:\Users\18177\morning-star\architecture-integrated-existence-framework\intelligence-architecture-coherence-mapping","3","0","0","3","0"
"OTHER","recursive-existence-governance","architecture-integrated-existence-framework/recursive-existence-governance","C:\Users\18177\morning-star\architecture-integrated-existence-framework\recursive-existence-governance","3","0","0","3","0"
"OTHER","architecture-integrated-intelligence-framework","architecture-integrated-intelligence-framework","C:\Users\18177\morning-star\architecture-integrated-intelligence-framework","0","0","0","0","0"
"OTHER","architecture-integrated-intelligence-integration-mapping","architecture-integrated-intelligence-framework/architecture-integrated-intelligence-integration-mapping","C:\Users\18177\morning-star\architecture-integrated-intelligence-framework\architecture-integrated-intelligence-integration-mapping","3","0","0","3","0"
"OTHER","architecture-intelligence-integration-mapping","architecture-integrated-intelligence-framework/architecture-intelligence-integration-mapping","C:\Users\18177\morning-star\architecture-integrated-intelligence-framework\architecture-intelligence-integration-mapping","3","0","0","3","0"
"OTHER","final-consolidation","architecture-integrated-intelligence-framework/final-consolidation","C:\Users\18177\morning-star\architecture-integrated-intelligence-framework\final-consolidation","3","0","0","3","0"
"OTHER","integrated-architecture-continuum","architecture-integrated-intelligence-framework/integrated-architecture-continuum","C:\Users\18177\morning-star\architecture-integrated-intelligence-framework\integrated-architecture-continuum","3","0","0","3","0"
"OTHER","recursive-integrated-intelligence-governance","architecture-integrated-intelligence-framework/recursive-integrated-intelligence-governance","C:\Users\18177\morning-star\architecture-integrated-intelligence-framework\recursive-integrated-intelligence-governance","3","0","0","3","0"
"OTHER","recursive-integration-governance","architecture-integrated-intelligence-framework/recursive-integration-governance","C:\Users\18177\morning-star\architecture-integrated-intelligence-framework\recursive-integration-governance","3","0","0","3","0"
"OTHER","unified-integrated-intelligence-modeling","architecture-integrated-intelligence-framework/unified-integrated-intelligence-modeling","C:\Users\18177\morning-star\architecture-integrated-intelligence-framework\unified-integrated-intelligence-modeling","3","0","0","3","0"
"OTHER","unified-intelligence-integration-modeling","architecture-integrated-intelligence-framework/unified-intelligence-integration-modeling","C:\Users\18177\morning-star\architecture-integrated-intelligence-framework\unified-intelligence-integration-modeling","3","0","0","3","0"
"OTHER","architecture-intelligence-amplification","architecture-intelligence-amplification","C:\Users\18177\morning-star\architecture-intelligence-amplification","0","0","0","0","0"
"OTHER","architecture-knowledge-integration","architecture-intelligence-amplification/architecture-knowledge-integration","C:\Users\18177\morning-star\architecture-intelligence-amplification\architecture-knowledge-integration","3","0","0","3","0"
"OTHER","distributed-architecture-intelligence-network","architecture-intelligence-amplification/distributed-architecture-intelligence-network","C:\Users\18177\morning-star\architecture-intelligence-amplification\distributed-architecture-intelligence-network","3","0","0","3","0"
"OTHER","final-consolidation","architecture-intelligence-amplification/final-consolidation","C:\Users\18177\morning-star\architecture-intelligence-amplification\final-consolidation","3","0","0","3","0"
"OTHER","predictive-governance-modeling","architecture-intelligence-amplification/predictive-governance-modeling","C:\Users\18177\morning-star\architecture-intelligence-amplification\predictive-governance-modeling","3","0","0","3","0"
"OTHER","recursive-intelligence-optimization","architecture-intelligence-amplification/recursive-intelligence-optimization","C:\Users\18177\morning-star\architecture-intelligence-amplification\recursive-intelligence-optimization","3","0","0","3","0"
"OTHER","architecture-intelligence-framework","architecture-intelligence-framework","C:\Users\18177\morning-star\architecture-intelligence-framework","0","0","0","0","0"
"OTHER","contextual-architecture-reasoning","architecture-intelligence-framework/contextual-architecture-reasoning","C:\Users\18177\morning-star\architecture-intelligence-framework\contextual-architecture-reasoning","3","0","0","3","0"
"OTHER","final-consolidation","architecture-intelligence-framework/final-consolidation","C:\Users\18177\morning-star\architecture-intelligence-framework\final-consolidation","3","0","0","3","0"
"OTHER","intelligence-continuity-integration","architecture-intelligence-framework/intelligence-continuity-integration","C:\Users\18177\morning-star\architecture-intelligence-framework\intelligence-continuity-integration","3","0","0","3","0"
"OTHER","intelligence-governance-alignment","architecture-intelligence-framework/intelligence-governance-alignment","C:\Users\18177\morning-star\architecture-intelligence-framework\intelligence-governance-alignment","3","0","0","3","0"
"OTHER","intelligence-state-representation","architecture-intelligence-framework/intelligence-state-representation","C:\Users\18177\morning-star\architecture-intelligence-framework\intelligence-state-representation","3","0","0","3","0"
"OTHER","architecture-intelligence-synthesis-framework","architecture-intelligence-synthesis-framework","C:\Users\18177\morning-star\architecture-intelligence-synthesis-framework","0","0","0","0","0"
"OTHER","constitutional-intelligence-integration-mapping","architecture-intelligence-synthesis-framework/constitutional-intelligence-integration-mapping","C:\Users\18177\morning-star\architecture-intelligence-synthesis-framework\constitutional-intelligence-integration-mapping","3","0","0","3","0"
"OTHER","final-consolidation","architecture-intelligence-synthesis-framework/final-consolidation","C:\Users\18177\morning-star\architecture-intelligence-synthesis-framework\final-consolidation","3","0","0","3","0"
"OTHER","recursive-intelligence-governance-synthesis","architecture-intelligence-synthesis-framework/recursive-intelligence-governance-synthesis","C:\Users\18177\morning-star\architecture-intelligence-synthesis-framework\recursive-intelligence-governance-synthesis","3","0","0","3","0"
"OTHER","unified-architecture-continuum","architecture-intelligence-synthesis-framework/unified-architecture-continuum","C:\Users\18177\morning-star\architecture-intelligence-synthesis-framework\unified-architecture-continuum","3","0","0","3","0"
"OTHER","unified-intelligence-layer-synthesis","architecture-intelligence-synthesis-framework/unified-intelligence-layer-synthesis","C:\Users\18177\morning-star\architecture-intelligence-synthesis-framework\unified-intelligence-layer-synthesis","3","0","0","3","0"
"OTHER","architecture-intelligent-adaptation","architecture-intelligent-adaptation","C:\Users\18177\morning-star\architecture-intelligent-adaptation","0","0","0","0","0"
"OTHER","adaptive-architecture-interpretation","architecture-intelligent-adaptation/adaptive-architecture-interpretation","C:\Users\18177\morning-star\architecture-intelligent-adaptation\adaptive-architecture-interpretation","3","0","0","3","0"
"OTHER","contextual-evolution-management","architecture-intelligent-adaptation/contextual-evolution-management","C:\Users\18177\morning-star\architecture-intelligent-adaptation\contextual-evolution-management","3","0","0","3","0"
"OTHER","final-consolidation","architecture-intelligent-adaptation/final-consolidation","C:\Users\18177\morning-star\architecture-intelligent-adaptation\final-consolidation","3","0","0","3","0"
"OTHER","intelligent-architecture-continuity-model","architecture-intelligent-adaptation/intelligent-architecture-continuity-model","C:\Users\18177\morning-star\architecture-intelligent-adaptation\intelligent-architecture-continuity-model","3","0","0","3","0"
"OTHER","intelligent-state-optimization","architecture-intelligent-adaptation/intelligent-state-optimization","C:\Users\18177\morning-star\architecture-intelligent-adaptation\intelligent-state-optimization","3","0","0","3","0"
"OTHER","architecture-intelligent-governance-framework","architecture-intelligent-governance-framework","C:\Users\18177\morning-star\architecture-intelligent-governance-framework","0","0","0","0","0"
"OTHER","adaptive-ecosystem-intelligence","architecture-intelligent-governance-framework/adaptive-ecosystem-intelligence","C:\Users\18177\morning-star\architecture-intelligent-governance-framework\adaptive-ecosystem-intelligence","3","0","0","3","0"
"OTHER","autonomous-governance-coordination","architecture-intelligent-governance-framework/autonomous-governance-coordination","C:\Users\18177\morning-star\architecture-intelligent-governance-framework\autonomous-governance-coordination","3","0","0","3","0"
"OTHER","decision-intelligence-integration","architecture-intelligent-governance-framework/decision-intelligence-integration","C:\Users\18177\morning-star\architecture-intelligent-governance-framework\decision-intelligence-integration","3","0","0","3","0"
"OTHER","knowledge-state-management","architecture-intelligent-governance-framework/knowledge-state-management","C:\Users\18177\morning-star\architecture-intelligent-governance-framework\knowledge-state-management","3","0","0","3","0"
"OTHER","architecture-knowledge-framework","architecture-knowledge-framework","C:\Users\18177\morning-star\architecture-knowledge-framework","0","0","0","0","0"
"OTHER","final-consolidation","architecture-knowledge-framework/final-consolidation","C:\Users\18177\morning-star\architecture-knowledge-framework\final-consolidation","3","0","0","3","0"
"OTHER","knowledge-continuity-preservation","architecture-knowledge-framework/knowledge-continuity-preservation","C:\Users\18177\morning-star\architecture-knowledge-framework\knowledge-continuity-preservation","3","0","0","3","0"
"OTHER","knowledge-governance-alignment","architecture-knowledge-framework/knowledge-governance-alignment","C:\Users\18177\morning-star\architecture-knowledge-framework\knowledge-governance-alignment","3","0","0","3","0"
"OTHER","knowledge-integration-system","architecture-knowledge-framework/knowledge-integration-system","C:\Users\18177\morning-star\architecture-knowledge-framework\knowledge-integration-system","3","0","0","3","0"
"OTHER","knowledge-state-management","architecture-knowledge-framework/knowledge-state-management","C:\Users\18177\morning-star\architecture-knowledge-framework\knowledge-state-management","3","0","0","3","0"
"OTHER","architecture-legacy-continuity","architecture-legacy-continuity","C:\Users\18177\morning-star\architecture-legacy-continuity","0","0","0","0","0"
"OTHER","canonical-architecture-preservation","architecture-legacy-continuity/canonical-architecture-preservation","C:\Users\18177\morning-star\architecture-legacy-continuity\canonical-architecture-preservation","3","0","0","3","0"
"OTHER","civilization-scale-architecture-legacy","architecture-legacy-continuity/civilization-scale-architecture-legacy","C:\Users\18177\morning-star\architecture-legacy-continuity\civilization-scale-architecture-legacy","3","0","0","3","0"
"OTHER","eternal-reference-model-maintenance","architecture-legacy-continuity/eternal-reference-model-maintenance","C:\Users\18177\morning-star\architecture-legacy-continuity\eternal-reference-model-maintenance","3","0","0","3","0"
"OTHER","final-consolidation","architecture-legacy-continuity/final-consolidation","C:\Users\18177\morning-star\architecture-legacy-continuity\final-consolidation","3","0","0","3","0"
"OTHER","generational-knowledge-transfer","architecture-legacy-continuity/generational-knowledge-transfer","C:\Users\18177\morning-star\architecture-legacy-continuity\generational-knowledge-transfer","3","0","0","3","0"
"OTHER","architecture-maturity-acceleration","architecture-maturity-acceleration","C:\Users\18177\morning-star\architecture-maturity-acceleration","0","0","0","0","0"
"OTHER","deployment-governance-model","architecture-maturity-acceleration/deployment-governance-model","C:\Users\18177\morning-star\architecture-maturity-acceleration\deployment-governance-model","3","0","0","3","0"
"OTHER","external-adoption-framework","architecture-maturity-acceleration/external-adoption-framework","C:\Users\18177\morning-star\architecture-maturity-acceleration\external-adoption-framework","3","0","0","3","0"
"OTHER","final-consolidation","architecture-maturity-acceleration/final-consolidation","C:\Users\18177\morning-star\architecture-maturity-acceleration\final-consolidation","3","0","0","3","0"
"OTHER","global-ecosystem-expansion-model","architecture-maturity-acceleration/global-ecosystem-expansion-model","C:\Users\18177\morning-star\architecture-maturity-acceleration\global-ecosystem-expansion-model","3","0","0","3","0"
"OTHER","research-collaboration-architecture","architecture-maturity-acceleration/research-collaboration-architecture","C:\Users\18177\morning-star\architecture-maturity-acceleration\research-collaboration-architecture","3","0","0","3","0"
"OTHER","architecture-maturity-operations","architecture-maturity-operations","C:\Users\18177\morning-star\architecture-maturity-operations","0","0","0","0","0"
"OTHER","cross-architecture-performance-analysis","architecture-maturity-operations/cross-architecture-performance-analysis","C:\Users\18177\morning-star\architecture-maturity-operations\cross-architecture-performance-analysis","3","0","0","3","0"
"OTHER","ecosystem-intelligence-monitoring","architecture-maturity-operations/ecosystem-intelligence-monitoring","C:\Users\18177\morning-star\architecture-maturity-operations\ecosystem-intelligence-monitoring","3","0","0","3","0"
"OTHER","final-consolidation","architecture-maturity-operations/final-consolidation","C:\Users\18177\morning-star\architecture-maturity-operations\final-consolidation","3","0","0","3","0"
"OTHER","next-generation-ecosystem-synthesis","architecture-maturity-operations/next-generation-ecosystem-synthesis","C:\Users\18177\morning-star\architecture-maturity-operations\next-generation-ecosystem-synthesis","3","0","0","3","0"
"OTHER","strategic-capability-expansion","architecture-maturity-operations/strategic-capability-expansion","C:\Users\18177\morning-star\architecture-maturity-operations\strategic-capability-expansion","3","0","0","3","0"
"OTHER","architecture-meta-intelligence-framework","architecture-meta-intelligence-framework","C:\Users\18177\morning-star\architecture-meta-intelligence-framework","0","0","0","0","0"
"OTHER","architecture-meta-intelligence-integration-mapping","architecture-meta-intelligence-framework/architecture-meta-intelligence-integration-mapping","C:\Users\18177\morning-star\architecture-meta-intelligence-framework\architecture-meta-intelligence-integration-mapping","3","0","0","3","0"
"OTHER","final-consolidation","architecture-meta-intelligence-framework/final-consolidation","C:\Users\18177\morning-star\architecture-meta-intelligence-framework\final-consolidation","3","0","0","3","0"
"OTHER","meta-architecture-continuum","architecture-meta-intelligence-framework/meta-architecture-continuum","C:\Users\18177\morning-star\architecture-meta-intelligence-framework\meta-architecture-continuum","3","0","0","3","0"
"OTHER","recursive-meta-intelligence-governance","architecture-meta-intelligence-framework/recursive-meta-intelligence-governance","C:\Users\18177\morning-star\architecture-meta-intelligence-framework\recursive-meta-intelligence-governance","3","0","0","3","0"
"OTHER","unified-meta-intelligence-modeling","architecture-meta-intelligence-framework/unified-meta-intelligence-modeling","C:\Users\18177\morning-star\architecture-meta-intelligence-framework\unified-meta-intelligence-modeling","3","0","0","3","0"
"OTHER","architecture-meta-intelligence-governance","architecture-meta-intelligence-governance","C:\Users\18177\morning-star\architecture-meta-intelligence-governance","0","0","0","0","0"
"OTHER","final-consolidation","architecture-meta-intelligence-governance/final-consolidation","C:\Users\18177\morning-star\architecture-meta-intelligence-governance\final-consolidation","3","0","0","3","0"
"OTHER","intelligence-governance-coordination","architecture-meta-intelligence-governance/intelligence-governance-coordination","C:\Users\18177\morning-star\architecture-meta-intelligence-governance\intelligence-governance-coordination","3","0","0","3","0"
"OTHER","meta-architecture-awareness","architecture-meta-intelligence-governance/meta-architecture-awareness","C:\Users\18177\morning-star\architecture-meta-intelligence-governance\meta-architecture-awareness","3","0","0","3","0"
"OTHER","meta-intelligence-continuity-model","architecture-meta-intelligence-governance/meta-intelligence-continuity-model","C:\Users\18177\morning-star\architecture-meta-intelligence-governance\meta-intelligence-continuity-model","3","0","0","3","0"
"OTHER","recursive-architecture-synthesis","architecture-meta-intelligence-governance/recursive-architecture-synthesis","C:\Users\18177\morning-star\architecture-meta-intelligence-governance\recursive-architecture-synthesis","3","0","0","3","0"
"OTHER","architecture-observability-framework","architecture-observability-framework","C:\Users\18177\morning-star\architecture-observability-framework","0","0","0","0","0"
"OTHER","architecture-state-monitoring","architecture-observability-framework/architecture-state-monitoring","C:\Users\18177\morning-star\architecture-observability-framework\architecture-state-monitoring","3","0","0","3","0"
"OTHER","continuous-assurance-reporting","architecture-observability-framework/continuous-assurance-reporting","C:\Users\18177\morning-star\architecture-observability-framework\continuous-assurance-reporting","3","0","0","3","0"
"OTHER","final-consolidation","architecture-observability-framework/final-consolidation","C:\Users\18177\morning-star\architecture-observability-framework\final-consolidation","3","0","0","3","0"
"OTHER","governance-compliance-tracking","architecture-observability-framework/governance-compliance-tracking","C:\Users\18177\morning-star\architecture-observability-framework\governance-compliance-tracking","3","0","0","3","0"
"OTHER","integrity-drift-detection","architecture-observability-framework/integrity-drift-detection","C:\Users\18177\morning-star\architecture-observability-framework\integrity-drift-detection","3","0","0","3","0"
"OTHER","architecture-omnisynthesis-framework","architecture-omnisynthesis-framework","C:\Users\18177\morning-star\architecture-omnisynthesis-framework","0","0","0","0","0"
"OTHER","final-consolidation","architecture-omnisynthesis-framework/final-consolidation","C:\Users\18177\morning-star\architecture-omnisynthesis-framework\final-consolidation","3","0","0","3","0"
"OTHER","intelligence-ecosystem-integration","architecture-omnisynthesis-framework/intelligence-ecosystem-integration","C:\Users\18177\morning-star\architecture-omnisynthesis-framework\intelligence-ecosystem-integration","3","0","0","3","0"
"OTHER","omnisynthesis-continuity-model","architecture-omnisynthesis-framework/omnisynthesis-continuity-model","C:\Users\18177\morning-star\architecture-omnisynthesis-framework\omnisynthesis-continuity-model","3","0","0","3","0"
"OTHER","recursive-meta-governance-expansion","architecture-omnisynthesis-framework/recursive-meta-governance-expansion","C:\Users\18177\morning-star\architecture-omnisynthesis-framework\recursive-meta-governance-expansion","3","0","0","3","0"
"OTHER","total-architecture-convergence","architecture-omnisynthesis-framework/total-architecture-convergence","C:\Users\18177\morning-star\architecture-omnisynthesis-framework\total-architecture-convergence","3","0","0","3","0"
"OTHER","architecture-operating-continuity-framework","architecture-operating-continuity-framework","C:\Users\18177\morning-star\architecture-operating-continuity-framework","0","0","0","0","0"
"OTHER","continuous-certification-maintenance","architecture-operating-continuity-framework/continuous-certification-maintenance","C:\Users\18177\morning-star\architecture-operating-continuity-framework\continuous-certification-maintenance","3","0","0","3","0"
"OTHER","final-consolidation","architecture-operating-continuity-framework/final-consolidation","C:\Users\18177\morning-star\architecture-operating-continuity-framework\final-consolidation","3","0","0","3","0"
"OTHER","reference-state-monitoring","architecture-operating-continuity-framework/reference-state-monitoring","C:\Users\18177\morning-star\architecture-operating-continuity-framework\reference-state-monitoring","3","0","0","3","0"
"OTHER","architecture-optimization-framework","architecture-optimization-framework","C:\Users\18177\morning-star\architecture-optimization-framework","0","0","0","0","0"
"OTHER","adaptive-improvement-governance","architecture-optimization-framework/adaptive-improvement-governance","C:\Users\18177\morning-star\architecture-optimization-framework\adaptive-improvement-governance","3","0","0","3","0"
"OTHER","continuous-excellence-continuity","architecture-optimization-framework/continuous-excellence-continuity","C:\Users\18177\morning-star\architecture-optimization-framework\continuous-excellence-continuity","3","0","0","3","0"
"OTHER","final-consolidation","architecture-optimization-framework/final-consolidation","C:\Users\18177\morning-star\architecture-optimization-framework\final-consolidation","3","0","0","3","0"
"OTHER","performance-optimization-model","architecture-optimization-framework/performance-optimization-model","C:\Users\18177\morning-star\architecture-optimization-framework\performance-optimization-model","3","0","0","3","0"
"OTHER","architecture-reasoning-framework","architecture-reasoning-framework","C:\Users\18177\morning-star\architecture-reasoning-framework","0","0","0","0","0"
"OTHER","constitutional-reasoning-governance","architecture-reasoning-framework/constitutional-reasoning-governance","C:\Users\18177\morning-star\architecture-reasoning-framework\constitutional-reasoning-governance","3","0","0","3","0"
"OTHER","final-consolidation","architecture-reasoning-framework/final-consolidation","C:\Users\18177\morning-star\architecture-reasoning-framework\final-consolidation","3","0","0","3","0"
"OTHER","multi-layer-relationship-inference","architecture-reasoning-framework/multi-layer-relationship-inference","C:\Users\18177\morning-star\architecture-reasoning-framework\multi-layer-relationship-inference","3","0","0","3","0"
"OTHER","reasoning-continuity-preservation","architecture-reasoning-framework/reasoning-continuity-preservation","C:\Users\18177\morning-star\architecture-reasoning-framework\reasoning-continuity-preservation","3","0","0","3","0"
"OTHER","reasoning-state-modeling","architecture-reasoning-framework/reasoning-state-modeling","C:\Users\18177\morning-star\architecture-reasoning-framework\reasoning-state-modeling","3","0","0","3","0"
"OTHER","architecture-reflective-intelligence","architecture-reflective-intelligence","C:\Users\18177\morning-star\architecture-reflective-intelligence","0","0","0","0","0"
"OTHER","adaptive-insight-generation","architecture-reflective-intelligence/adaptive-insight-generation","C:\Users\18177\morning-star\architecture-reflective-intelligence\adaptive-insight-generation","3","0","0","3","0"
"OTHER","architecture-reflection-engine","architecture-reflective-intelligence/architecture-reflection-engine","C:\Users\18177\morning-star\architecture-reflective-intelligence\architecture-reflection-engine","3","0","0","3","0"
"OTHER","final-consolidation","architecture-reflective-intelligence/final-consolidation","C:\Users\18177\morning-star\architecture-reflective-intelligence\final-consolidation","3","0","0","3","0"
"OTHER","recursive-governance-learning","architecture-reflective-intelligence/recursive-governance-learning","C:\Users\18177\morning-star\architecture-reflective-intelligence\recursive-governance-learning","3","0","0","3","0"
"OTHER","reflective-intelligence-continuity-model","architecture-reflective-intelligence/reflective-intelligence-continuity-model","C:\Users\18177\morning-star\architecture-reflective-intelligence\reflective-intelligence-continuity-model","3","0","0","3","0"
"OTHER","architecture-reflective-intelligence-framework","architecture-reflective-intelligence-framework","C:\Users\18177\morning-star\architecture-reflective-intelligence-framework","0","0","0","0","0"
"OTHER","architecture-reflection-integration-mapping","architecture-reflective-intelligence-framework/architecture-reflection-integration-mapping","C:\Users\18177\morning-star\architecture-reflective-intelligence-framework\architecture-reflection-integration-mapping","3","0","0","3","0"
"OTHER","final-consolidation","architecture-reflective-intelligence-framework/final-consolidation","C:\Users\18177\morning-star\architecture-reflective-intelligence-framework\final-consolidation","3","0","0","3","0"
"OTHER","recursive-reflective-governance","architecture-reflective-intelligence-framework/recursive-reflective-governance","C:\Users\18177\morning-star\architecture-reflective-intelligence-framework\recursive-reflective-governance","3","0","0","3","0"
"OTHER","reflective-architecture-continuum","architecture-reflective-intelligence-framework/reflective-architecture-continuum","C:\Users\18177\morning-star\architecture-reflective-intelligence-framework\reflective-architecture-continuum","3","0","0","3","0"
"OTHER","unified-reflective-intelligence-modeling","architecture-reflective-intelligence-framework/unified-reflective-intelligence-modeling","C:\Users\18177\morning-star\architecture-reflective-intelligence-framework\unified-reflective-intelligence-modeling","3","0","0","3","0"
"OTHER","architecture-resilience-framework","architecture-resilience-framework","C:\Users\18177\morning-star\architecture-resilience-framework","0","0","0","0","0"
"OTHER","failure-mode-analysis","architecture-resilience-framework/failure-mode-analysis","C:\Users\18177\morning-star\architecture-resilience-framework\failure-mode-analysis","3","0","0","3","0"
"OTHER","final-consolidation","architecture-resilience-framework/final-consolidation","C:\Users\18177\morning-star\architecture-resilience-framework\final-consolidation","3","0","0","3","0"
"OTHER","recovery-and-adaptation-governance","architecture-resilience-framework/recovery-and-adaptation-governance","C:\Users\18177\morning-star\architecture-resilience-framework\recovery-and-adaptation-governance","3","0","0","3","0"
"OTHER","resilience-baseline-modeling","architecture-resilience-framework/resilience-baseline-modeling","C:\Users\18177\morning-star\architecture-resilience-framework\resilience-baseline-modeling","3","0","0","3","0"
"OTHER","resilience-continuity-validation","architecture-resilience-framework/resilience-continuity-validation","C:\Users\18177\morning-star\architecture-resilience-framework\resilience-continuity-validation","3","0","0","3","0"
"OTHER","architecture-self-aware-governance","architecture-self-aware-governance","C:\Users\18177\morning-star\architecture-self-aware-governance","0","0","0","0","0"
"OTHER","architecture-state-awareness","architecture-self-aware-governance/architecture-state-awareness","C:\Users\18177\morning-star\architecture-self-aware-governance\architecture-state-awareness","3","0","0","3","0"
"OTHER","final-consolidation","architecture-self-aware-governance/final-consolidation","C:\Users\18177\morning-star\architecture-self-aware-governance\final-consolidation","3","0","0","3","0"
"OTHER","reflective-governance-analysis","architecture-self-aware-governance/reflective-governance-analysis","C:\Users\18177\morning-star\architecture-self-aware-governance\reflective-governance-analysis","3","0","0","3","0"
"OTHER","self-aware-architecture-continuity-model","architecture-self-aware-governance/self-aware-architecture-continuity-model","C:\Users\18177\morning-star\architecture-self-aware-governance\self-aware-architecture-continuity-model","3","0","0","3","0"
"OTHER","architecture-self-evolving-intelligence-framework","architecture-self-evolving-intelligence-framework","C:\Users\18177\morning-star\architecture-self-evolving-intelligence-framework","0","0","0","0","0"
"OTHER","architecture-evolution-integration-mapping","architecture-self-evolving-intelligence-framework/architecture-evolution-integration-mapping","C:\Users\18177\morning-star\architecture-self-evolving-intelligence-framework\architecture-evolution-integration-mapping","3","0","0","3","0"
"OTHER","final-consolidation","architecture-self-evolving-intelligence-framework/final-consolidation","C:\Users\18177\morning-star\architecture-self-evolving-intelligence-framework\final-consolidation","3","0","0","3","0"
"OTHER","recursive-self-evolution-governance","architecture-self-evolving-intelligence-framework/recursive-self-evolution-governance","C:\Users\18177\morning-star\architecture-self-evolving-intelligence-framework\recursive-self-evolution-governance","3","0","0","3","0"
"OTHER","self-evolving-architecture-continuum","architecture-self-evolving-intelligence-framework/self-evolving-architecture-continuum","C:\Users\18177\morning-star\architecture-self-evolving-intelligence-framework\self-evolving-architecture-continuum","3","0","0","3","0"
"OTHER","unified-self-evolution-intelligence-modeling","architecture-self-evolving-intelligence-framework/unified-self-evolution-intelligence-modeling","C:\Users\18177\morning-star\architecture-self-evolving-intelligence-framework\unified-self-evolution-intelligence-modeling","3","0","0","3","0"
"OTHER","architecture-sentient-intelligence-framework","architecture-sentient-intelligence-framework","C:\Users\18177\morning-star\architecture-sentient-intelligence-framework","0","0","0","0","0"
"OTHER","architecture-sentience-integration-mapping","architecture-sentient-intelligence-framework/architecture-sentience-integration-mapping","C:\Users\18177\morning-star\architecture-sentient-intelligence-framework\architecture-sentience-integration-mapping","3","0","0","3","0"
"OTHER","final-consolidation","architecture-sentient-intelligence-framework/final-consolidation","C:\Users\18177\morning-star\architecture-sentient-intelligence-framework\final-consolidation","3","0","0","3","0"
"OTHER","recursive-sentient-governance","architecture-sentient-intelligence-framework/recursive-sentient-governance","C:\Users\18177\morning-star\architecture-sentient-intelligence-framework\recursive-sentient-governance","3","0","0","3","0"
"OTHER","sentient-architecture-continuum","architecture-sentient-intelligence-framework/sentient-architecture-continuum","C:\Users\18177\morning-star\architecture-sentient-intelligence-framework\sentient-architecture-continuum","3","0","0","3","0"
"OTHER","unified-sentient-intelligence-modeling","architecture-sentient-intelligence-framework/unified-sentient-intelligence-modeling","C:\Users\18177\morning-star\architecture-sentient-intelligence-framework\unified-sentient-intelligence-modeling","3","0","0","3","0"
"OTHER","architecture-stewardship-framework","architecture-stewardship-framework","C:\Users\18177\morning-star\architecture-stewardship-framework","0","0","0","0","0"
"OTHER","final-consolidation","architecture-stewardship-framework/final-consolidation","C:\Users\18177\morning-star\architecture-stewardship-framework\final-consolidation","3","0","0","3","0"
"OTHER","global-architecture-legacy-continuity","architecture-stewardship-framework/global-architecture-legacy-continuity","C:\Users\18177\morning-star\architecture-stewardship-framework\global-architecture-legacy-continuity","3","0","0","3","0"
"OTHER","institutional-governance-model","architecture-stewardship-framework/institutional-governance-model","C:\Users\18177\morning-star\architecture-stewardship-framework\institutional-governance-model","3","0","0","3","0"
"OTHER","long-term-preservation-system","architecture-stewardship-framework/long-term-preservation-system","C:\Users\18177\morning-star\architecture-stewardship-framework\long-term-preservation-system","3","0","0","3","0"
"OTHER","architecture-synchronized-intelligence-framework","architecture-synchronized-intelligence-framework","C:\Users\18177\morning-star\architecture-synchronized-intelligence-framework","0","0","0","0","0"
"OTHER","architecture-synchronized-intelligence-integration-mapping","architecture-synchronized-intelligence-framework/architecture-synchronized-intelligence-integration-mapping","C:\Users\18177\morning-star\architecture-synchronized-intelligence-framework\architecture-synchronized-intelligence-integration-mapping","3","0","0","3","0"
"OTHER","final-consolidation","architecture-synchronized-intelligence-framework/final-consolidation","C:\Users\18177\morning-star\architecture-synchronized-intelligence-framework\final-consolidation","3","0","0","3","0"
"OTHER","recursive-synchronized-intelligence-governance","architecture-synchronized-intelligence-framework/recursive-synchronized-intelligence-governance","C:\Users\18177\morning-star\architecture-synchronized-intelligence-framework\recursive-synchronized-intelligence-governance","3","0","0","3","0"
"OTHER","synchronized-architecture-continuum","architecture-synchronized-intelligence-framework/synchronized-architecture-continuum","C:\Users\18177\morning-star\architecture-synchronized-intelligence-framework\synchronized-architecture-continuum","3","0","0","3","0"
"OTHER","unified-synchronized-intelligence-modeling","architecture-synchronized-intelligence-framework/unified-synchronized-intelligence-modeling","C:\Users\18177\morning-star\architecture-synchronized-intelligence-framework\unified-synchronized-intelligence-modeling","3","0","0","3","0"
"OTHER","architecture-synthesis-framework","architecture-synthesis-framework","C:\Users\18177\morning-star\architecture-synthesis-framework","0","0","0","0","0"
"OTHER","constitutional-intelligence-synthesis","architecture-synthesis-framework/constitutional-intelligence-synthesis","C:\Users\18177\morning-star\architecture-synthesis-framework\constitutional-intelligence-synthesis","3","0","0","3","0"
"OTHER","cross-layer-architecture-integration","architecture-synthesis-framework/cross-layer-architecture-integration","C:\Users\18177\morning-star\architecture-synthesis-framework\cross-layer-architecture-integration","3","0","0","3","0"
"OTHER","final-architecture-continuum","architecture-synthesis-framework/final-architecture-continuum","C:\Users\18177\morning-star\architecture-synthesis-framework\final-architecture-continuum","3","0","0","3","0"
"OTHER","final-consolidation","architecture-synthesis-framework/final-consolidation","C:\Users\18177\morning-star\architecture-synthesis-framework\final-consolidation","3","0","0","3","0"
"OTHER","unified-state-relationship-modeling","architecture-synthesis-framework/unified-state-relationship-modeling","C:\Users\18177\morning-star\architecture-synthesis-framework\unified-state-relationship-modeling","3","0","0","3","0"
"OTHER","architecture-synthetic-unity-framework","architecture-synthetic-unity-framework","C:\Users\18177\morning-star\architecture-synthetic-unity-framework","0","0","0","0","0"
"OTHER","final-consolidation","architecture-synthetic-unity-framework/final-consolidation","C:\Users\18177\morning-star\architecture-synthetic-unity-framework\final-consolidation","3","0","0","3","0"
"OTHER","intelligence-architecture-unity-mapping","architecture-synthetic-unity-framework/intelligence-architecture-unity-mapping","C:\Users\18177\morning-star\architecture-synthetic-unity-framework\intelligence-architecture-unity-mapping","3","0","0","3","0"
"OTHER","recursive-unity-governance","architecture-synthetic-unity-framework/recursive-unity-governance","C:\Users\18177\morning-star\architecture-synthetic-unity-framework\recursive-unity-governance","3","0","0","3","0"
"OTHER","synthetic-architecture-continuum","architecture-synthetic-unity-framework/synthetic-architecture-continuum","C:\Users\18177\morning-star\architecture-synthetic-unity-framework\synthetic-architecture-continuum","3","0","0","3","0"
"OTHER","unified-system-synthesis-modeling","architecture-synthetic-unity-framework/unified-system-synthesis-modeling","C:\Users\18177\morning-star\architecture-synthetic-unity-framework\unified-system-synthesis-modeling","3","0","0","3","0"
"OTHER","architecture-transcendent-coherence-framework","architecture-transcendent-coherence-framework","C:\Users\18177\morning-star\architecture-transcendent-coherence-framework","0","0","0","0","0"
"OTHER","final-consolidation","architecture-transcendent-coherence-framework/final-consolidation","C:\Users\18177\morning-star\architecture-transcendent-coherence-framework\final-consolidation","3","0","0","3","0"
"OTHER","intelligence-architecture-resonance-mapping","architecture-transcendent-coherence-framework/intelligence-architecture-resonance-mapping","C:\Users\18177\morning-star\architecture-transcendent-coherence-framework\intelligence-architecture-resonance-mapping","3","0","0","3","0"
"OTHER","recursive-transcendent-governance","architecture-transcendent-coherence-framework/recursive-transcendent-governance","C:\Users\18177\morning-star\architecture-transcendent-coherence-framework\recursive-transcendent-governance","3","0","0","3","0"
"OTHER","transcendent-architecture-continuum","architecture-transcendent-coherence-framework/transcendent-architecture-continuum","C:\Users\18177\morning-star\architecture-transcendent-coherence-framework\transcendent-architecture-continuum","3","0","0","3","0"
"OTHER","unified-coherence-field-modeling","architecture-transcendent-coherence-framework/unified-coherence-field-modeling","C:\Users\18177\morning-star\architecture-transcendent-coherence-framework\unified-coherence-field-modeling","3","0","0","3","0"
"OTHER","architecture-transcendent-intelligence-framework","architecture-transcendent-intelligence-framework","C:\Users\18177\morning-star\architecture-transcendent-intelligence-framework","0","0","0","0","0"
"OTHER","architecture-transcendent-intelligence-integration-mapping","architecture-transcendent-intelligence-framework/architecture-transcendent-intelligence-integration-mapping","C:\Users\18177\morning-star\architecture-transcendent-intelligence-framework\architecture-transcendent-intelligence-integration-mapping","3","0","0","3","0"
"OTHER","final-consolidation","architecture-transcendent-intelligence-framework/final-consolidation","C:\Users\18177\morning-star\architecture-transcendent-intelligence-framework\final-consolidation","3","0","0","3","0"
"OTHER","recursive-transcendent-intelligence-governance","architecture-transcendent-intelligence-framework/recursive-transcendent-intelligence-governance","C:\Users\18177\morning-star\architecture-transcendent-intelligence-framework\recursive-transcendent-intelligence-governance","3","0","0","3","0"
"OTHER","transcendent-architecture-continuum","architecture-transcendent-intelligence-framework/transcendent-architecture-continuum","C:\Users\18177\morning-star\architecture-transcendent-intelligence-framework\transcendent-architecture-continuum","3","0","0","3","0"
"OTHER","unified-transcendent-intelligence-modeling","architecture-transcendent-intelligence-framework/unified-transcendent-intelligence-modeling","C:\Users\18177\morning-star\architecture-transcendent-intelligence-framework\unified-transcendent-intelligence-modeling","3","0","0","3","0"
"OTHER","architecture-transcendent-synthesis","architecture-transcendent-synthesis","C:\Users\18177\morning-star\architecture-transcendent-synthesis","0","0","0","0","0"
"OTHER","cross-layer-architecture-integration","architecture-transcendent-synthesis/cross-layer-architecture-integration","C:\Users\18177\morning-star\architecture-transcendent-synthesis\cross-layer-architecture-integration","3","0","0","3","0"
"OTHER","final-consolidation","architecture-transcendent-synthesis/final-consolidation","C:\Users\18177\morning-star\architecture-transcendent-synthesis\final-consolidation","3","0","0","3","0"
"OTHER","recursive-system-harmonization","architecture-transcendent-synthesis/recursive-system-harmonization","C:\Users\18177\morning-star\architecture-transcendent-synthesis\recursive-system-harmonization","3","0","0","3","0"
"OTHER","unified-architecture-continuity-model","architecture-transcendent-synthesis/unified-architecture-continuity-model","C:\Users\18177\morning-star\architecture-transcendent-synthesis\unified-architecture-continuity-model","3","0","0","3","0"
"OTHER","unified-intelligence-convergence","architecture-transcendent-synthesis/unified-intelligence-convergence","C:\Users\18177\morning-star\architecture-transcendent-synthesis\unified-intelligence-convergence","3","0","0","3","0"
"OTHER","architecture-unified-continuity","architecture-unified-continuity","C:\Users\18177\morning-star\architecture-unified-continuity","0","0","0","0","0"
"OTHER","architecture-state-unification","architecture-unified-continuity/architecture-state-unification","C:\Users\18177\morning-star\architecture-unified-continuity\architecture-state-unification","3","0","0","3","0"
"OTHER","cross-system-continuity-preservation","architecture-unified-continuity/cross-system-continuity-preservation","C:\Users\18177\morning-star\architecture-unified-continuity\cross-system-continuity-preservation","3","0","0","3","0"
"OTHER","final-consolidation","architecture-unified-continuity/final-consolidation","C:\Users\18177\morning-star\architecture-unified-continuity\final-consolidation","3","0","0","3","0"
"OTHER","recursive-evolution-governance","architecture-unified-continuity/recursive-evolution-governance","C:\Users\18177\morning-star\architecture-unified-continuity\recursive-evolution-governance","3","0","0","3","0"
"OTHER","unified-architecture-continuum-model","architecture-unified-continuity/unified-architecture-continuum-model","C:\Users\18177\morning-star\architecture-unified-continuity\unified-architecture-continuum-model","3","0","0","3","0"
"OTHER","unified-continuity-model","architecture-unified-continuity/unified-continuity-model","C:\Users\18177\morning-star\architecture-unified-continuity\unified-continuity-model","2","0","0","2","0"
"OTHER","architecture-unified-synthesis-framework","architecture-unified-synthesis-framework","C:\Users\18177\morning-star\architecture-unified-synthesis-framework","0","0","0","0","0"
"OTHER","complete-architecture-integration-model","architecture-unified-synthesis-framework/complete-architecture-integration-model","C:\Users\18177\morning-star\architecture-unified-synthesis-framework\complete-architecture-integration-model","3","0","0","3","0"
"OTHER","constitutional-architecture-closure","architecture-unified-synthesis-framework/constitutional-architecture-closure","C:\Users\18177\morning-star\architecture-unified-synthesis-framework\constitutional-architecture-closure","3","0","0","3","0"
"OTHER","final-consolidation","architecture-unified-synthesis-framework/final-consolidation","C:\Users\18177\morning-star\architecture-unified-synthesis-framework\final-consolidation","3","0","0","3","0"
"OTHER","intelligence-layer-dependency-resolution","architecture-unified-synthesis-framework/intelligence-layer-dependency-resolution","C:\Users\18177\morning-star\architecture-unified-synthesis-framework\intelligence-layer-dependency-resolution","3","0","0","3","0"
"OTHER","morning-star-final-continuum","architecture-unified-synthesis-framework/morning-star-final-continuum","C:\Users\18177\morning-star\architecture-unified-synthesis-framework\morning-star-final-continuum","3","0","0","3","0"
"OTHER","architecture-universal-intelligence-framework","architecture-universal-intelligence-framework","C:\Users\18177\morning-star\architecture-universal-intelligence-framework","0","0","0","0","0"
"OTHER","architecture-universal-intelligence-integration-mapping","architecture-universal-intelligence-framework/architecture-universal-intelligence-integration-mapping","C:\Users\18177\morning-star\architecture-universal-intelligence-framework\architecture-universal-intelligence-integration-mapping","3","0","0","3","0"
"OTHER","final-consolidation","architecture-universal-intelligence-framework/final-consolidation","C:\Users\18177\morning-star\architecture-universal-intelligence-framework\final-consolidation","3","0","0","3","0"
"OTHER","recursive-universal-intelligence-governance","architecture-universal-intelligence-framework/recursive-universal-intelligence-governance","C:\Users\18177\morning-star\architecture-universal-intelligence-framework\recursive-universal-intelligence-governance","3","0","0","3","0"
"OTHER","unified-universal-intelligence-modeling","architecture-universal-intelligence-framework/unified-universal-intelligence-modeling","C:\Users\18177\morning-star\architecture-universal-intelligence-framework\unified-universal-intelligence-modeling","3","0","0","3","0"
"OTHER","universal-architecture-continuum","architecture-universal-intelligence-framework/universal-architecture-continuum","C:\Users\18177\morning-star\architecture-universal-intelligence-framework\universal-architecture-continuum","3","0","0","3","0"
"OTHER","architecture-universal-synthesis-framework","architecture-universal-synthesis-framework","C:\Users\18177\morning-star\architecture-universal-synthesis-framework","0","0","0","0","0"
"OTHER","final-consolidation","architecture-universal-synthesis-framework/final-consolidation","C:\Users\18177\morning-star\architecture-universal-synthesis-framework\final-consolidation","3","0","0","3","0"
"OTHER","global-intelligence-relationship-model","architecture-universal-synthesis-framework/global-intelligence-relationship-model","C:\Users\18177\morning-star\architecture-universal-synthesis-framework\global-intelligence-relationship-model","3","0","0","3","0"
"OTHER","recursive-universal-governance","architecture-universal-synthesis-framework/recursive-universal-governance","C:\Users\18177\morning-star\architecture-universal-synthesis-framework\recursive-universal-governance","3","0","0","3","0"
"OTHER","universal-architecture-continuity","architecture-universal-synthesis-framework/universal-architecture-continuity","C:\Users\18177\morning-star\architecture-universal-synthesis-framework\universal-architecture-continuity","3","0","0","3","0"
"OTHER","universal-architecture-mapping","architecture-universal-synthesis-framework/universal-architecture-mapping","C:\Users\18177\morning-star\architecture-universal-synthesis-framework\universal-architecture-mapping","3","0","0","3","0"
"OTHER","archive","archive","C:\Users\18177\morning-star\archive","5","0","0","5","0"
"OTHER","audit","audit","C:\Users\18177\morning-star\audit","1","0","0","1","0"
"OTHER","autonomous-ecosystem-architecture","autonomous-ecosystem-architecture","C:\Users\18177\morning-star\autonomous-ecosystem-architecture","0","0","0","0","0"
"OTHER","autonomous-civilization-infrastructure-model","autonomous-ecosystem-architecture/autonomous-civilization-infrastructure-model","C:\Users\18177\morning-star\autonomous-ecosystem-architecture\autonomous-civilization-infrastructure-model","3","0","0","3","0"
"OTHER","autonomous-system-integration","autonomous-ecosystem-architecture/autonomous-system-integration","C:\Users\18177\morning-star\autonomous-ecosystem-architecture\autonomous-system-integration","3","0","0","3","0"
"OTHER","distributed-intelligence-ecosystem-expansion","autonomous-ecosystem-architecture/distributed-intelligence-ecosystem-expansion","C:\Users\18177\morning-star\autonomous-ecosystem-architecture\distributed-intelligence-ecosystem-expansion","3","0","0","3","0"
"OTHER","final-consolidation","autonomous-ecosystem-architecture/final-consolidation","C:\Users\18177\morning-star\autonomous-ecosystem-architecture\final-consolidation","3","0","0","3","0"
"OTHER","self-optimizing-architecture-management","autonomous-ecosystem-architecture/self-optimizing-architecture-management","C:\Users\18177\morning-star\autonomous-ecosystem-architecture\self-optimizing-architecture-management","3","0","0","3","0"
"OTHER","autonomous-evolution","autonomous-evolution","C:\Users\18177\morning-star\autonomous-evolution","0","0","0","0","0"
"OTHER","adaptive-governance-intelligence","autonomous-evolution/adaptive-governance-intelligence","C:\Users\18177\morning-star\autonomous-evolution\adaptive-governance-intelligence","3","0","0","3","0"
"OTHER","evolution-memory-architecture","autonomous-evolution/evolution-memory-architecture","C:\Users\18177\morning-star\autonomous-evolution\evolution-memory-architecture","3","0","0","3","0"
"OTHER","final-consolidation","autonomous-evolution/final-consolidation","C:\Users\18177\morning-star\autonomous-evolution\final-consolidation","3","0","0","3","0"
"OTHER","recursive-ecosystem-optimization","autonomous-evolution/recursive-ecosystem-optimization","C:\Users\18177\morning-star\autonomous-evolution\recursive-ecosystem-optimization","3","0","0","3","0"
"OTHER","self-improving-validation-systems","autonomous-evolution/self-improving-validation-systems","C:\Users\18177\morning-star\autonomous-evolution\self-improving-validation-systems","3","0","0","3","0"
"OTHER","autonomous-evolution-governance","autonomous-evolution-governance","C:\Users\18177\morning-star\autonomous-evolution-governance","0","0","0","0","0"
"OTHER","autonomous-evolutionary-ecosystem","autonomous-evolution-governance/autonomous-evolutionary-ecosystem","C:\Users\18177\morning-star\autonomous-evolution-governance\autonomous-evolutionary-ecosystem","3","0","0","3","0"
"OTHER","autonomous-governance-operations","autonomous-evolution-governance/autonomous-governance-operations","C:\Users\18177\morning-star\autonomous-evolution-governance\autonomous-governance-operations","3","0","0","3","0"
"OTHER","final-consolidation","autonomous-evolution-governance/final-consolidation","C:\Users\18177\morning-star\autonomous-evolution-governance\final-consolidation","3","0","0","3","0"
"OTHER","recursive-intelligence-governance","autonomous-evolution-governance/recursive-intelligence-governance","C:\Users\18177\morning-star\autonomous-evolution-governance\recursive-intelligence-governance","3","0","0","3","0"
"OTHER","self-adaptive-architecture-control","autonomous-evolution-governance/self-adaptive-architecture-control","C:\Users\18177\morning-star\autonomous-evolution-governance\self-adaptive-architecture-control","3","0","0","3","0"
"OTHER","autonomous-governance","autonomous-governance","C:\Users\18177\morning-star\autonomous-governance","0","0","0","0","0"
"OTHER","constitutional-runtime","autonomous-governance/constitutional-runtime","C:\Users\18177\morning-star\autonomous-governance\constitutional-runtime","3","0","0","3","0"
"OTHER","governance-intelligence","autonomous-governance/governance-intelligence","C:\Users\18177\morning-star\autonomous-governance\governance-intelligence","3","0","0","3","0"
"OTHER","governance-monitoring","autonomous-governance/governance-monitoring","C:\Users\18177\morning-star\autonomous-governance\governance-monitoring","3","0","0","3","0"
"OTHER","policy-automation","autonomous-governance/policy-automation","C:\Users\18177\morning-star\autonomous-governance\policy-automation","3","0","0","3","0"
"OTHER","stewardship-automation","autonomous-governance/stewardship-automation","C:\Users\18177\morning-star\autonomous-governance\stewardship-automation","3","0","0","3","0"
"OTHER","autonomous-intelligence","autonomous-intelligence","C:\Users\18177\morning-star\autonomous-intelligence","0","0","0","0","0"
"OTHER","agent-coordination","autonomous-intelligence/agent-coordination","C:\Users\18177\morning-star\autonomous-intelligence\agent-coordination","3","0","0","3","0"
"OTHER","autonomous-analysis","autonomous-intelligence/autonomous-analysis","C:\Users\18177\morning-star\autonomous-intelligence\autonomous-analysis","3","0","0","3","0"
"OTHER","decision-automation","autonomous-intelligence/decision-automation","C:\Users\18177\morning-star\autonomous-intelligence\decision-automation","3","0","0","3","0"
"OTHER","intelligence-core","autonomous-intelligence/intelligence-core","C:\Users\18177\morning-star\autonomous-intelligence\intelligence-core","3","0","0","3","0"
"OTHER","intelligence-governance","autonomous-intelligence/intelligence-governance","C:\Users\18177\morning-star\autonomous-intelligence\intelligence-governance","3","0","0","3","0"
"OTHER","autonomous-systems-architecture","autonomous-systems-architecture","C:\Users\18177\morning-star\autonomous-systems-architecture","0","0","0","0","0"
"OTHER","adaptive-operational-intelligence","autonomous-systems-architecture/adaptive-operational-intelligence","C:\Users\18177\morning-star\autonomous-systems-architecture\adaptive-operational-intelligence","3","0","0","3","0"
"OTHER","autonomous-ecosystem-runtime","autonomous-systems-architecture/autonomous-ecosystem-runtime","C:\Users\18177\morning-star\autonomous-systems-architecture\autonomous-ecosystem-runtime","3","0","0","3","0"
"OTHER","final-consolidation","autonomous-systems-architecture/final-consolidation","C:\Users\18177\morning-star\autonomous-systems-architecture\final-consolidation","3","0","0","3","0"
"OTHER","self-governing-system-architecture","autonomous-systems-architecture/self-governing-system-architecture","C:\Users\18177\morning-star\autonomous-systems-architecture\self-governing-system-architecture","3","0","0","3","0"
"OTHER","cognitive-architecture-evolution","cognitive-architecture-evolution","C:\Users\18177\morning-star\cognitive-architecture-evolution","0","0","0","0","0"
"OTHER","adaptive-knowledge-intelligence","cognitive-architecture-evolution/adaptive-knowledge-intelligence","C:\Users\18177\morning-star\cognitive-architecture-evolution\adaptive-knowledge-intelligence","3","0","0","3","0"
"OTHER","autonomous-cognitive-ecosystem","cognitive-architecture-evolution/autonomous-cognitive-ecosystem","C:\Users\18177\morning-star\cognitive-architecture-evolution\autonomous-cognitive-ecosystem","3","0","0","3","0"
"OTHER","cognitive-framework-integration","cognitive-architecture-evolution/cognitive-framework-integration","C:\Users\18177\morning-star\cognitive-architecture-evolution\cognitive-framework-integration","3","0","0","3","0"
"OTHER","final-consolidation","cognitive-architecture-evolution/final-consolidation","C:\Users\18177\morning-star\cognitive-architecture-evolution\final-consolidation","3","0","0","3","0"
"OTHER","recursive-learning-architecture","cognitive-architecture-evolution/recursive-learning-architecture","C:\Users\18177\morning-star\cognitive-architecture-evolution\recursive-learning-architecture","3","0","0","3","0"
"OTHER","cognitive-infrastructure","cognitive-infrastructure","C:\Users\18177\morning-star\cognitive-infrastructure","0","0","0","0","0"
"OTHER","cognitive-memory","cognitive-infrastructure/cognitive-memory","C:\Users\18177\morning-star\cognitive-infrastructure\cognitive-memory","3","0","0","3","0"
"OTHER","knowledge-processing","cognitive-infrastructure/knowledge-processing","C:\Users\18177\morning-star\cognitive-infrastructure\knowledge-processing","3","0","0","3","0"
"OTHER","learning-systems","cognitive-infrastructure/learning-systems","C:\Users\18177\morning-star\cognitive-infrastructure\learning-systems","3","0","0","3","0"
"OTHER","reasoning-framework","cognitive-infrastructure/reasoning-framework","C:\Users\18177\morning-star\cognitive-infrastructure\reasoning-framework","3","0","0","3","0"
"OTHER","synthesis-engine","cognitive-infrastructure/synthesis-engine","C:\Users\18177\morning-star\cognitive-infrastructure\synthesis-engine","3","0","0","3","0"
"OTHER","complete-architecture-integration","complete-architecture-integration","C:\Users\18177\morning-star\complete-architecture-integration","0","0","0","0","0"
"OTHER","cross-domain-interface-architecture","complete-architecture-integration/cross-domain-interface-architecture","C:\Users\18177\morning-star\complete-architecture-integration\cross-domain-interface-architecture","3","0","0","3","0"
"OTHER","ecosystem-integration-validation","complete-architecture-integration/ecosystem-integration-validation","C:\Users\18177\morning-star\complete-architecture-integration\ecosystem-integration-validation","3","0","0","3","0"
"OTHER","final-consolidation","complete-architecture-integration/final-consolidation","C:\Users\18177\morning-star\complete-architecture-integration\final-consolidation","3","0","0","3","0"
"OTHER","system-unification-layer","complete-architecture-integration/system-unification-layer","C:\Users\18177\morning-star\complete-architecture-integration\system-unification-layer","3","0","0","3","0"
"OTHER","complete-ecosystem-reference-architecture","complete-ecosystem-reference-architecture","C:\Users\18177\morning-star\complete-ecosystem-reference-architecture","0","0","0","0","0"
"OTHER","architecture-inventory-consolidation","complete-ecosystem-reference-architecture/architecture-inventory-consolidation","C:\Users\18177\morning-star\complete-ecosystem-reference-architecture\architecture-inventory-consolidation","3","0","0","3","0"
"OTHER","dependency-relationship-mapping","complete-ecosystem-reference-architecture/dependency-relationship-mapping","C:\Users\18177\morning-star\complete-ecosystem-reference-architecture\dependency-relationship-mapping","3","0","0","3","0"
"OTHER","ecosystem-reference-architecture-definition","complete-ecosystem-reference-architecture/ecosystem-reference-architecture-definition","C:\Users\18177\morning-star\complete-ecosystem-reference-architecture\ecosystem-reference-architecture-definition","3","0","0","3","0"
"OTHER","final-consolidation","complete-ecosystem-reference-architecture/final-consolidation","C:\Users\18177\morning-star\complete-ecosystem-reference-architecture\final-consolidation","3","0","0","3","0"
"OTHER","unified-reference-model-construction","complete-ecosystem-reference-architecture/unified-reference-model-construction","C:\Users\18177\morning-star\complete-ecosystem-reference-architecture\unified-reference-model-construction","3","0","0","3","0"
"OTHER","constitution","constitution","C:\Users\18177\morning-star\constitution","19","0","0","19","0"
"OTHER","governance","constitution/governance","C:\Users\18177\morning-star\constitution\governance","1","0","0","1","0"
"OTHER","registries","constitution/registries","C:\Users\18177\morning-star\constitution\registries","7","7","0","0","0"
"OTHER","continuous-architecture-stewardship","continuous-architecture-stewardship","C:\Users\18177\morning-star\continuous-architecture-stewardship","0","0","0","0","0"
"OTHER","architecture-state-preservation","continuous-architecture-stewardship/architecture-state-preservation","C:\Users\18177\morning-star\continuous-architecture-stewardship\architecture-state-preservation","3","0","0","3","0"
"OTHER","cross-system-integrity-monitoring","continuous-architecture-stewardship/cross-system-integrity-monitoring","C:\Users\18177\morning-star\continuous-architecture-stewardship\cross-system-integrity-monitoring","3","0","0","3","0"
"OTHER","ecosystem-monitoring","continuous-architecture-stewardship/ecosystem-monitoring","C:\Users\18177\morning-star\continuous-architecture-stewardship\ecosystem-monitoring","3","0","0","3","0"
"OTHER","final-consolidation","continuous-architecture-stewardship/final-consolidation","C:\Users\18177\morning-star\continuous-architecture-stewardship\final-consolidation","6","0","0","6","0"
"OTHER","long-term-architecture-stewardship","continuous-architecture-stewardship/long-term-architecture-stewardship","C:\Users\18177\morning-star\continuous-architecture-stewardship\long-term-architecture-stewardship","3","0","0","3","0"
"OTHER","next-generation-architecture-development","continuous-architecture-stewardship/next-generation-architecture-development","C:\Users\18177\morning-star\continuous-architecture-stewardship\next-generation-architecture-development","3","0","0","3","0"
"OTHER","strategic-evolution-planning","continuous-architecture-stewardship/strategic-evolution-planning","C:\Users\18177\morning-star\continuous-architecture-stewardship\strategic-evolution-planning","3","0","0","3","0"
"OTHER","continuous-evolution","continuous-evolution","C:\Users\18177\morning-star\continuous-evolution","0","0","0","0","0"
"OTHER","architecture-evolution","continuous-evolution/architecture-evolution","C:\Users\18177\morning-star\continuous-evolution\architecture-evolution","3","0","0","3","0"
"OTHER","ecosystem-growth","continuous-evolution/ecosystem-growth","C:\Users\18177\morning-star\continuous-evolution\ecosystem-growth","3","0","0","3","0"
"OTHER","future-architecture","continuous-evolution/future-architecture","C:\Users\18177\morning-star\continuous-evolution\future-architecture","3","0","0","3","0"
"OTHER","research-expansion","continuous-evolution/research-expansion","C:\Users\18177\morning-star\continuous-evolution\research-expansion","3","0","0","3","0"
"OTHER","technology-watch","continuous-evolution/technology-watch","C:\Users\18177\morning-star\continuous-evolution\technology-watch","3","0","0","3","0"
"OTHER","continuous-evolution-architecture","continuous-evolution-architecture","C:\Users\18177\morning-star\continuous-evolution-architecture","0","0","0","0","0"
"OTHER","adaptive-system-optimization","continuous-evolution-architecture/adaptive-system-optimization","C:\Users\18177\morning-star\continuous-evolution-architecture\adaptive-system-optimization","3","0","0","3","0"
"OTHER","final-consolidation","continuous-evolution-architecture/final-consolidation","C:\Users\18177\morning-star\continuous-evolution-architecture\final-consolidation","3","0","0","3","0"
"OTHER","knowledge-evolution-framework","continuous-evolution-architecture/knowledge-evolution-framework","C:\Users\18177\morning-star\continuous-evolution-architecture\knowledge-evolution-framework","3","0","0","3","0"
"OTHER","perpetual-architecture-advancement","continuous-evolution-architecture/perpetual-architecture-advancement","C:\Users\18177\morning-star\continuous-evolution-architecture\perpetual-architecture-advancement","3","0","0","3","0"
"OTHER","recursive-architecture-monitoring","continuous-evolution-architecture/recursive-architecture-monitoring","C:\Users\18177\morning-star\continuous-evolution-architecture\recursive-architecture-monitoring","3","0","0","3","0"
"OTHER","continuous-governance","continuous-governance","C:\Users\18177\morning-star\continuous-governance","0","0","0","0","0"
"OTHER","architecture-drift-detection","continuous-governance/architecture-drift-detection","C:\Users\18177\morning-star\continuous-governance\architecture-drift-detection","3","0","0","3","0"
"OTHER","final-consolidation","continuous-governance/final-consolidation","C:\Users\18177\morning-star\continuous-governance\final-consolidation","3","0","0","3","0"
"OTHER","future-research-intake","continuous-governance/future-research-intake","C:\Users\18177\morning-star\continuous-governance\future-research-intake","3","0","0","3","0"
"OTHER","governance-monitoring-framework","continuous-governance/governance-monitoring-framework","C:\Users\18177\morning-star\continuous-governance\governance-monitoring-framework","3","0","0","3","0"
"OTHER","validation-renewal-pipeline","continuous-governance/validation-renewal-pipeline","C:\Users\18177\morning-star\continuous-governance\validation-renewal-pipeline","3","0","0","3","0"
"OTHER","cosmological-architecture-integration","cosmological-architecture-integration","C:\Users\18177\morning-star\cosmological-architecture-integration","0","0","0","0","0"
"OTHER","cross-domain-architecture-mapping","cosmological-architecture-integration/cross-domain-architecture-mapping","C:\Users\18177\morning-star\cosmological-architecture-integration\cross-domain-architecture-mapping","3","0","0","3","0"
"OTHER","final-consolidation","cosmological-architecture-integration/final-consolidation","C:\Users\18177\morning-star\cosmological-architecture-integration\final-consolidation","3","0","0","3","0"
"OTHER","foundational-principle-convergence","cosmological-architecture-integration/foundational-principle-convergence","C:\Users\18177\morning-star\cosmological-architecture-integration\foundational-principle-convergence","3","0","0","3","0"
"OTHER","integrated-reality-architecture-model","cosmological-architecture-integration/integrated-reality-architecture-model","C:\Users\18177\morning-star\cosmological-architecture-integration\integrated-reality-architecture-model","3","0","0","3","0"
"OTHER","universal-pattern-recognition-framework","cosmological-architecture-integration/universal-pattern-recognition-framework","C:\Users\18177\morning-star\cosmological-architecture-integration\universal-pattern-recognition-framework","3","0","0","3","0"
"OTHER","deployment-activation","deployment-activation","C:\Users\18177\morning-star\deployment-activation","0","0","0","0","0"
"OTHER","deployment-records","deployment-activation/deployment-records","C:\Users\18177\morning-star\deployment-activation\deployment-records","3","0","0","3","0"
"OTHER","domain-validation","deployment-activation/domain-validation","C:\Users\18177\morning-star\deployment-activation\domain-validation","3","0","0","3","0"
"OTHER","implementation-pathways","deployment-activation/implementation-pathways","C:\Users\18177\morning-star\deployment-activation\implementation-pathways","3","0","0","3","0"
"OTHER","operational-deployment","deployment-activation/operational-deployment","C:\Users\18177\morning-star\deployment-activation\operational-deployment","3","0","0","3","0"
"OTHER","pilot-programs","deployment-activation/pilot-programs","C:\Users\18177\morning-star\deployment-activation\pilot-programs","3","0","0","3","0"
"OTHER","domain-ecosystems","domain-ecosystems","C:\Users\18177\morning-star\domain-ecosystems","4","0","0","4","0"
"OTHER","aviation-aerospace","domain-ecosystems/aviation-aerospace","C:\Users\18177\morning-star\domain-ecosystems\aviation-aerospace","4","0","0","4","0"
"OTHER","defense-security","domain-ecosystems/defense-security","C:\Users\18177\morning-star\domain-ecosystems\defense-security","4","0","0","4","0"
"OTHER","education","domain-ecosystems/education","C:\Users\18177\morning-star\domain-ecosystems\education","4","0","0","4","0"
"OTHER","finance","domain-ecosystems/finance","C:\Users\18177\morning-star\domain-ecosystems\finance","4","0","0","4","0"
"OTHER","government","domain-ecosystems/government","C:\Users\18177\morning-star\domain-ecosystems\government","4","0","0","4","0"
"OTHER","healthcare","domain-ecosystems/healthcare","C:\Users\18177\morning-star\domain-ecosystems\healthcare","4","0","0","4","0"
"OTHER","infrastructure","domain-ecosystems/infrastructure","C:\Users\18177\morning-star\domain-ecosystems\infrastructure","4","0","0","4","0"
"OTHER","ecosystem","ecosystem","C:\Users\18177\morning-star\ecosystem","0","0","0","0","0"
"OTHER","community","ecosystem/community","C:\Users\18177\morning-star\ecosystem\community","4","0","0","4","0"
"OTHER","deployment","ecosystem/deployment","C:\Users\18177\morning-star\ecosystem\deployment","4","0","0","4","0"
"OTHER","funding","ecosystem/funding","C:\Users\18177\morning-star\ecosystem\funding","4","0","0","4","0"
"OTHER","institutions","ecosystem/institutions","C:\Users\18177\morning-star\ecosystem\institutions","4","0","0","4","0"
"OTHER","integration","ecosystem/integration","C:\Users\18177\morning-star\ecosystem\integration","4","0","0","4","0"
"OTHER","research","ecosystem/research","C:\Users\18177\morning-star\ecosystem\research","4","0","0","4","0"
"OTHER","ecosystem-intelligence","ecosystem-intelligence","C:\Users\18177\morning-star\ecosystem-intelligence","0","0","0","0","0"
"OTHER","ecosystem-memory","ecosystem-intelligence/ecosystem-memory","C:\Users\18177\morning-star\ecosystem-intelligence\ecosystem-memory","3","0","0","3","0"
"OTHER","ecosystem-modeling","ecosystem-intelligence/ecosystem-modeling","C:\Users\18177\morning-star\ecosystem-intelligence\ecosystem-modeling","3","0","0","3","0"
"OTHER","ecosystem-monitoring","ecosystem-intelligence/ecosystem-monitoring","C:\Users\18177\morning-star\ecosystem-intelligence\ecosystem-monitoring","3","0","0","3","0"
"OTHER","relationship-intelligence","ecosystem-intelligence/relationship-intelligence","C:\Users\18177\morning-star\ecosystem-intelligence\relationship-intelligence","3","0","0","3","0"
"OTHER","strategic-analysis","ecosystem-intelligence/strategic-analysis","C:\Users\18177\morning-star\ecosystem-intelligence\strategic-analysis","3","0","0","3","0"
"OTHER","ecosystem-release","ecosystem-release","C:\Users\18177\morning-star\ecosystem-release","0","0","0","0","0"
"OTHER","architecture-summary","ecosystem-release/architecture-summary","C:\Users\18177\morning-star\ecosystem-release\architecture-summary","3","0","0","3","0"
"OTHER","dependency-lineage","ecosystem-release/dependency-lineage","C:\Users\18177\morning-star\ecosystem-release\dependency-lineage","3","0","0","3","0"
"OTHER","final-publication","ecosystem-release/final-publication","C:\Users\18177\morning-star\ecosystem-release\final-publication","4","0","0","4","0"
"OTHER","version-registry","ecosystem-release/version-registry","C:\Users\18177\morning-star\ecosystem-release\version-registry","3","0","0","3","0"
"OTHER","ecosystem-impact-measurement","ecosystem-scale-readiness/ecosystem-impact-measurement","C:\Users\18177\morning-star\ecosystem-scale-readiness\ecosystem-impact-measurement","3","0","0","3","0"
"OTHER","final-consolidation","ecosystem-scale-readiness/final-consolidation","C:\Users\18177\morning-star\ecosystem-scale-readiness\final-consolidation","3","0","0","3","0"
"OTHER","global-knowledge-distribution","ecosystem-scale-readiness/global-knowledge-distribution","C:\Users\18177\morning-star\ecosystem-scale-readiness\global-knowledge-distribution","3","0","0","3","0"
"OTHER","operational-scaling-model","ecosystem-scale-readiness/operational-scaling-model","C:\Users\18177\morning-star\ecosystem-scale-readiness\operational-scaling-model","3","0","0","3","0"
"OTHER","ecosystem-scaling","ecosystem-scaling","C:\Users\18177\morning-star\ecosystem-scaling","0","0","0","0","0"
"OTHER","domain-expansion","ecosystem-scaling/domain-expansion","C:\Users\18177\morning-star\ecosystem-scaling\domain-expansion","3","0","0","3","0"
"OTHER","future-capability-planning","ecosystem-scaling/future-capability-planning","C:\Users\18177\morning-star\ecosystem-scaling\future-capability-planning","3","0","0","3","0"
"OTHER","institutional-expansion","ecosystem-scaling/institutional-expansion","C:\Users\18177\morning-star\ecosystem-scaling\institutional-expansion","3","0","0","3","0"
"OTHER","maturity-model","ecosystem-scaling/maturity-model","C:\Users\18177\morning-star\ecosystem-scaling\maturity-model","3","0","0","3","0"
"OTHER","partnership-growth","ecosystem-scaling/partnership-growth","C:\Users\18177\morning-star\ecosystem-scaling\partnership-growth","3","0","0","3","0"
"OTHER","eternal-architecture-stewardship","eternal-architecture-stewardship","C:\Users\18177\morning-star\eternal-architecture-stewardship","0","0","0","0","0"
"OTHER","autonomous-evolution-governance","eternal-architecture-stewardship/autonomous-evolution-governance","C:\Users\18177\morning-star\eternal-architecture-stewardship\autonomous-evolution-governance","3","0","0","3","0"
"OTHER","final-consolidation","eternal-architecture-stewardship/final-consolidation","C:\Users\18177\morning-star\eternal-architecture-stewardship\final-consolidation","3","0","0","3","0"
"OTHER","infinite-architecture-renewal","eternal-architecture-stewardship/infinite-architecture-renewal","C:\Users\18177\morning-star\eternal-architecture-stewardship\infinite-architecture-renewal","3","0","0","3","0"
"OTHER","recursive-ecosystem-intelligence","eternal-architecture-stewardship/recursive-ecosystem-intelligence","C:\Users\18177\morning-star\eternal-architecture-stewardship\recursive-ecosystem-intelligence","3","0","0","3","0"
"OTHER","universal-knowledge-continuity","eternal-architecture-stewardship/universal-knowledge-continuity","C:\Users\18177\morning-star\eternal-architecture-stewardship\universal-knowledge-continuity","3","0","0","3","0"
"OTHER","MS-001_CONSTITUTIONAL_INITIALIZATION","execution/MS-001_CONSTITUTIONAL_INITIALIZATION","C:\Users\18177\morning-star\execution\MS-001_CONSTITUTIONAL_INITIALIZATION","13","0","0","13","0"
"OTHER","MS-002_ENTRY_ONTOLOGY_INITIALIZATION","execution/MS-002_ENTRY_ONTOLOGY_INITIALIZATION","C:\Users\18177\morning-star\execution\MS-002_ENTRY_ONTOLOGY_INITIALIZATION","13","0","0","13","0"
"OTHER","MS-003_CONSTITUTIONAL_NAVIGATION_INITIALIZATION","execution/MS-003_CONSTITUTIONAL_NAVIGATION_INITIALIZATION","C:\Users\18177\morning-star\execution\MS-003_CONSTITUTIONAL_NAVIGATION_INITIALIZATION","13","0","0","13","0"
"OTHER","MS-004_ECOSYSTEM_ORIENTATION_INITIALIZATION","execution/MS-004_ECOSYSTEM_ORIENTATION_INITIALIZATION","C:\Users\18177\morning-star\execution\MS-004_ECOSYSTEM_ORIENTATION_INITIALIZATION","13","0","0","13","0"
"OTHER","MS-005_FRAMEWORK_DISCOVERY_INITIALIZATION","execution/MS-005_FRAMEWORK_DISCOVERY_INITIALIZATION","C:\Users\18177\morning-star\execution\MS-005_FRAMEWORK_DISCOVERY_INITIALIZATION","13","0","0","13","0"
"OTHER","MS-006_CONSTITUTIONAL_LEARNING_INITIALIZATION","execution/MS-006_CONSTITUTIONAL_LEARNING_INITIALIZATION","C:\Users\18177\morning-star\execution\MS-006_CONSTITUTIONAL_LEARNING_INITIALIZATION","13","0","0","13","0"
"OTHER","MS-007_CONSTITUTIONAL_COMPREHENSION_INITIALIZATION","execution/MS-007_CONSTITUTIONAL_COMPREHENSION_INITIALIZATION","C:\Users\18177\morning-star\execution\MS-007_CONSTITUTIONAL_COMPREHENSION_INITIALIZATION","13","0","0","13","0"
"OTHER","MS-008_CONSTITUTIONAL_APPLICATION_INITIALIZATION","execution/MS-008_CONSTITUTIONAL_APPLICATION_INITIALIZATION","C:\Users\18177\morning-star\execution\MS-008_CONSTITUTIONAL_APPLICATION_INITIALIZATION","13","0","0","13","0"
"OTHER","MS-009_CONSTITUTIONAL_EVALUATION_INITIALIZATION","execution/MS-009_CONSTITUTIONAL_EVALUATION_INITIALIZATION","C:\Users\18177\morning-star\execution\MS-009_CONSTITUTIONAL_EVALUATION_INITIALIZATION","13","0","0","13","0"
"OTHER","MS-011_CONSTITUTIONAL_CONTINUITY_INITIALIZATION","execution/MS-011_CONSTITUTIONAL_CONTINUITY_INITIALIZATION","C:\Users\18177\morning-star\execution\MS-011_CONSTITUTIONAL_CONTINUITY_INITIALIZATION","13","0","0","13","0"
"OTHER","MS-012_CONSTITUTIONAL_EVOLUTION_INITIALIZATION","execution/MS-012_CONSTITUTIONAL_EVOLUTION_INITIALIZATION","C:\Users\18177\morning-star\execution\MS-012_CONSTITUTIONAL_EVOLUTION_INITIALIZATION","13","0","0","13","0"
"OTHER","MS-013_CONSTITUTIONAL_ADAPTATION_INITIALIZATION","execution/MS-013_CONSTITUTIONAL_ADAPTATION_INITIALIZATION","C:\Users\18177\morning-star\execution\MS-013_CONSTITUTIONAL_ADAPTATION_INITIALIZATION","13","0","0","13","0"
"OTHER","MS-014_CONSTITUTIONAL_RESILIENCE_INITIALIZATION","execution/MS-014_CONSTITUTIONAL_RESILIENCE_INITIALIZATION","C:\Users\18177\morning-star\execution\MS-014_CONSTITUTIONAL_RESILIENCE_INITIALIZATION","13","0","0","13","0"
"OTHER","MS-015_CONSTITUTIONAL_STABILITY_INITIALIZATION","execution/MS-015_CONSTITUTIONAL_STABILITY_INITIALIZATION","C:\Users\18177\morning-star\execution\MS-015_CONSTITUTIONAL_STABILITY_INITIALIZATION","13","0","0","13","0"
"OTHER","assurance-reporting","execution-assurance/assurance-reporting","C:\Users\18177\morning-star\execution-assurance\assurance-reporting","3","0","0","3","0"
"OTHER","runtime-assurance","execution-assurance/runtime-assurance","C:\Users\18177\morning-star\execution-assurance\runtime-assurance","3","0","0","3","0"
"OTHER","external-engagement","external-engagement","C:\Users\18177\morning-star\external-engagement","5","0","0","5","0"
"OTHER","collaborators","external-engagement/collaborators","C:\Users\18177\morning-star\external-engagement\collaborators","3","0","0","3","0"
"OTHER","feedback-management","external-engagement/feedback-management","C:\Users\18177\morning-star\external-engagement\feedback-management","3","0","0","3","0"
"OTHER","institutions","external-engagement/institutions","C:\Users\18177\morning-star\external-engagement\institutions","3","0","0","3","0"
"OTHER","researchers","external-engagement/researchers","C:\Users\18177\morning-star\external-engagement\researchers","3","0","0","3","0"
"OTHER","reviewers","external-engagement/reviewers","C:\Users\18177\morning-star\external-engagement\reviewers","3","0","0","3","0"
"OTHER","external-validation","external-validation","C:\Users\18177\morning-star\external-validation","2","0","0","2","0"
"OTHER","collaboration-tracking","external-validation/collaboration-tracking","C:\Users\18177\morning-star\external-validation\collaboration-tracking","3","0","0","3","0"
"OTHER","institutional-feedback","external-validation/institutional-feedback","C:\Users\18177\morning-star\external-validation\institutional-feedback","3","0","0","3","0"
"OTHER","peer-review","external-validation/peer-review","C:\Users\18177\morning-star\external-validation\peer-review","3","0","0","3","0"
"OTHER","revision-management","external-validation/revision-management","C:\Users\18177\morning-star\external-validation\revision-management","3","0","0","3","0"
"OTHER","technical-feedback","external-validation/technical-feedback","C:\Users\18177\morning-star\external-validation\technical-feedback","3","0","0","3","0"
"OTHER","final-architecture-certification-framework","final-architecture-certification-framework","C:\Users\18177\morning-star\final-architecture-certification-framework","0","0","0","0","0"
"OTHER","complete-repository-audit","final-architecture-certification-framework/complete-repository-audit","C:\Users\18177\morning-star\final-architecture-certification-framework\complete-repository-audit","3","0","0","3","0"
"OTHER","cross-framework-consistency-validation","final-architecture-certification-framework/cross-framework-consistency-validation","C:\Users\18177\morning-star\final-architecture-certification-framework\cross-framework-consistency-validation","3","0","0","3","0"
"OTHER","final-consolidation","final-architecture-certification-framework/final-consolidation","C:\Users\18177\morning-star\final-architecture-certification-framework\final-consolidation","3","0","0","3","0"
"OTHER","final-documentation-release-assembly","final-architecture-certification-framework/final-documentation-release-assembly","C:\Users\18177\morning-star\final-architecture-certification-framework\final-documentation-release-assembly","3","0","0","3","0"
"OTHER","v1.0.0-public-reference-state","final-architecture-certification-framework/v1.0.0-public-reference-state","C:\Users\18177\morning-star\final-architecture-certification-framework\v1.0.0-public-reference-state","3","0","0","3","0"
"OTHER","final-consolidation-publication-state","final-consolidation-publication-state","C:\Users\18177\morning-star\final-consolidation-publication-state","0","0","0","0","0"
"OTHER","complete-architecture-validation","final-consolidation-publication-state/complete-architecture-validation","C:\Users\18177\morning-star\final-consolidation-publication-state\complete-architecture-validation","3","0","0","3","0"
"OTHER","final-documentation-consolidation","final-consolidation-publication-state/final-documentation-consolidation","C:\Users\18177\morning-star\final-consolidation-publication-state\final-documentation-consolidation","3","0","0","3","0"
"OTHER","final-validation","final-consolidation-publication-state/final-validation","C:\Users\18177\morning-star\final-consolidation-publication-state\final-validation","3","0","0","3","0"
"OTHER","public-release-architecture","final-consolidation-publication-state/public-release-architecture","C:\Users\18177\morning-star\final-consolidation-publication-state\public-release-architecture","3","0","0","3","0"
"OTHER","reference-state-freeze","final-consolidation-publication-state/reference-state-freeze","C:\Users\18177\morning-star\final-consolidation-publication-state\reference-state-freeze","3","0","0","3","0"
"OTHER","funding-activation","funding-activation","C:\Users\18177\morning-star\funding-activation","0","0","0","0","0"
"OTHER","foundation-outreach","funding-activation/foundation-outreach","C:\Users\18177\morning-star\funding-activation\foundation-outreach","3","0","0","3","0"
"OTHER","funding-records","funding-activation/funding-records","C:\Users\18177\morning-star\funding-activation\funding-records","3","0","0","3","0"
"OTHER","grant-strategy","funding-activation/grant-strategy","C:\Users\18177\morning-star\funding-activation\grant-strategy","3","0","0","3","0"
"OTHER","sponsorship-model","funding-activation/sponsorship-model","C:\Users\18177\morning-star\funding-activation\sponsorship-model","3","0","0","3","0"
"OTHER","sustainability-plan","funding-activation/sustainability-plan","C:\Users\18177\morning-star\funding-activation\sustainability-plan","3","0","0","3","0"
"OTHER","global-architecture-operations","global-architecture-operations","C:\Users\18177\morning-star\global-architecture-operations","0","0","0","0","0"
"OTHER","continuous-improvement-engine","global-architecture-operations/continuous-improvement-engine","C:\Users\18177\morning-star\global-architecture-operations\continuous-improvement-engine","3","0","0","3","0"
"OTHER","ecosystem-governance-network","global-architecture-operations/ecosystem-governance-network","C:\Users\18177\morning-star\global-architecture-operations\ecosystem-governance-network","3","0","0","3","0"
"OTHER","final-consolidation","global-architecture-operations/final-consolidation","C:\Users\18177\morning-star\global-architecture-operations\final-consolidation","3","0","0","3","0"
"OTHER","global-architecture-stewardship","global-architecture-operations/global-architecture-stewardship","C:\Users\18177\morning-star\global-architecture-operations\global-architecture-stewardship","3","0","0","3","0"
"OTHER","operational-intelligence-framework","global-architecture-operations/operational-intelligence-framework","C:\Users\18177\morning-star\global-architecture-operations\operational-intelligence-framework","3","0","0","3","0"
"OTHER","global-knowledge-infrastructure","global-knowledge-infrastructure","C:\Users\18177\morning-star\global-knowledge-infrastructure","0","0","0","0","0"
"OTHER","global-access-framework","global-knowledge-infrastructure/global-access-framework","C:\Users\18177\morning-star\global-knowledge-infrastructure\global-access-framework","3","0","0","3","0"
"OTHER","institutional-memory","global-knowledge-infrastructure/institutional-memory","C:\Users\18177\morning-star\global-knowledge-infrastructure\institutional-memory","3","0","0","3","0"
"OTHER","knowledge-distribution","global-knowledge-infrastructure/knowledge-distribution","C:\Users\18177\morning-star\global-knowledge-infrastructure\knowledge-distribution","3","0","0","3","0"
"OTHER","knowledge-network","global-knowledge-infrastructure/knowledge-network","C:\Users\18177\morning-star\global-knowledge-infrastructure\knowledge-network","3","0","0","3","0"
"OTHER","research-aggregation","global-knowledge-infrastructure/research-aggregation","C:\Users\18177\morning-star\global-knowledge-infrastructure\research-aggregation","3","0","0","3","0"
"OTHER","global-operating-model","global-operating-model","C:\Users\18177\morning-star\global-operating-model","1","0","0","1","0"
"OTHER","civilization-scale-architecture-model","global-operating-model/civilization-scale-architecture-model","C:\Users\18177\morning-star\global-operating-model\civilization-scale-architecture-model","3","0","0","3","0"
"OTHER","final-consolidation","global-operating-model/final-consolidation","C:\Users\18177\morning-star\global-operating-model\final-consolidation","3","0","0","3","0"
"OTHER","global-research-coordination","global-operating-model/global-research-coordination","C:\Users\18177\morning-star\global-operating-model\global-research-coordination","3","0","0","3","0"
"OTHER","operational-governance-network","global-operating-model/operational-governance-network","C:\Users\18177\morning-star\global-operating-model\operational-governance-network","3","0","0","3","0"
"OTHER","governance","governance","C:\Users\18177\morning-star\governance","20","2","0","18","0"
"OTHER","finalization","governance/finalization","C:\Users\18177\morning-star\governance\finalization","4","0","0","4","0"
"OTHER","repository","governance/repository","C:\Users\18177\morning-star\governance\repository","6","0","0","6","0"
"OTHER","versioning","governance/versioning","C:\Users\18177\morning-star\governance\versioning","4","0","0","4","0"
"OTHER","governance-stewardship","governance-stewardship","C:\Users\18177\morning-star\governance-stewardship","2","0","0","2","0"
"OTHER","accountability-framework","governance-stewardship/accountability-framework","C:\Users\18177\morning-star\governance-stewardship\accountability-framework","3","0","0","3","0"
"OTHER","constitutional-maintenance","governance-stewardship/constitutional-maintenance","C:\Users\18177\morning-star\governance-stewardship\constitutional-maintenance","3","0","0","3","0"
"OTHER","governance-operations","governance-stewardship/governance-operations","C:\Users\18177\morning-star\governance-stewardship\governance-operations","3","0","0","3","0"
"OTHER","policy-management","governance-stewardship/policy-management","C:\Users\18177\morning-star\governance-stewardship\policy-management","3","0","0","3","0"
"OTHER","stewardship-continuity","governance-stewardship/stewardship-continuity","C:\Users\18177\morning-star\governance-stewardship\stewardship-continuity","3","0","0","3","0"
"OTHER","impact-activation","impact-activation","C:\Users\18177\morning-star\impact-activation","0","0","0","0","0"
"OTHER","adoption-analysis","impact-activation/adoption-analysis","C:\Users\18177\morning-star\impact-activation\adoption-analysis","3","0","0","3","0"
"OTHER","ecosystem-impact","impact-activation/ecosystem-impact","C:\Users\18177\morning-star\impact-activation\ecosystem-impact","3","0","0","3","0"
"OTHER","impact-measurement","impact-activation/impact-measurement","C:\Users\18177\morning-star\impact-activation\impact-measurement","3","0","0","3","0"
"OTHER","outcomes-archive","impact-activation/outcomes-archive","C:\Users\18177\morning-star\impact-activation\outcomes-archive","3","0","0","3","0"
"OTHER","institutionalization","institutionalization","C:\Users\18177\morning-star\institutionalization","0","0","0","0","0"
"OTHER","ecosystem-partnership-registry","institutionalization/ecosystem-partnership-registry","C:\Users\18177\morning-star\institutionalization\ecosystem-partnership-registry","3","0","0","3","0"
"OTHER","external-collaboration-model","institutionalization/external-collaboration-model","C:\Users\18177\morning-star\institutionalization\external-collaboration-model","3","0","0","3","0"
"OTHER","final-consolidation","institutionalization/final-consolidation","C:\Users\18177\morning-star\institutionalization\final-consolidation","3","0","0","3","0"
"OTHER","long-term-stewardship-model","institutionalization/long-term-stewardship-model","C:\Users\18177\morning-star\institutionalization\long-term-stewardship-model","3","0","0","3","0"
"OTHER","standards-alignment-framework","institutionalization/standards-alignment-framework","C:\Users\18177\morning-star\institutionalization\standards-alignment-framework","3","0","0","3","0"
"OTHER","intelligence-infrastructure","intelligence-infrastructure","C:\Users\18177\morning-star\intelligence-infrastructure","0","0","0","0","0"
"OTHER","analysis-framework","intelligence-infrastructure/analysis-framework","C:\Users\18177\morning-star\intelligence-infrastructure\analysis-framework","3","0","0","3","0"
"OTHER","decision-support","intelligence-infrastructure/decision-support","C:\Users\18177\morning-star\intelligence-infrastructure\decision-support","3","0","0","3","0"
"OTHER","insight-management","intelligence-infrastructure/insight-management","C:\Users\18177\morning-star\intelligence-infrastructure\insight-management","3","0","0","3","0"
"OTHER","pattern-analysis","intelligence-infrastructure/pattern-analysis","C:\Users\18177\morning-star\intelligence-infrastructure\pattern-analysis","3","0","0","3","0"
"OTHER","pattern-recognition-framework","intelligence-infrastructure/pattern-recognition-framework","C:\Users\18177\morning-star\intelligence-infrastructure\pattern-recognition-framework","1","0","0","1","0"
"OTHER","reasoning-models","intelligence-infrastructure/reasoning-models","C:\Users\18177\morning-star\intelligence-infrastructure\reasoning-models","3","0","0","3","0"
"OTHER","intelligent-governance-architecture","intelligent-governance-architecture","C:\Users\18177\morning-star\intelligent-governance-architecture","0","0","0","0","0"
"OTHER","adaptive-governance-intelligence","intelligent-governance-architecture/adaptive-governance-intelligence","C:\Users\18177\morning-star\intelligent-governance-architecture\adaptive-governance-intelligence","3","0","0","3","0"
"OTHER","constitutional-decision-architecture","intelligent-governance-architecture/constitutional-decision-architecture","C:\Users\18177\morning-star\intelligent-governance-architecture\constitutional-decision-architecture","3","0","0","3","0"
"OTHER","final-consolidation","intelligent-governance-architecture/final-consolidation","C:\Users\18177\morning-star\intelligent-governance-architecture\final-consolidation","3","0","0","3","0"
"OTHER","governance-intelligence-framework","intelligent-governance-architecture/governance-intelligence-framework","C:\Users\18177\morning-star\intelligent-governance-architecture\governance-intelligence-framework","3","0","0","3","0"
"OTHER","intelligent-governance-ecosystem","intelligent-governance-architecture/intelligent-governance-ecosystem","C:\Users\18177\morning-star\intelligent-governance-architecture\intelligent-governance-ecosystem","3","0","0","3","0"
"OTHER","knowledge-infrastructure","knowledge-infrastructure","C:\Users\18177\morning-star\knowledge-infrastructure","0","0","0","0","0"
"OTHER","documentation-system","knowledge-infrastructure/documentation-system","C:\Users\18177\morning-star\knowledge-infrastructure\documentation-system","3","0","0","3","0"
"OTHER","knowledge-architecture","knowledge-infrastructure/knowledge-architecture","C:\Users\18177\morning-star\knowledge-infrastructure\knowledge-architecture","3","0","0","3","0"
"OTHER","knowledge-discovery","knowledge-infrastructure/knowledge-discovery","C:\Users\18177\morning-star\knowledge-infrastructure\knowledge-discovery","3","0","0","3","0"
"OTHER","research-archive","knowledge-infrastructure/research-archive","C:\Users\18177\morning-star\knowledge-infrastructure\research-archive","3","0","0","3","0"
"OTHER","maintenance","maintenance","C:\Users\18177\morning-star\maintenance","5","0","0","5","0"
"OTHER","master-validation","master-validation","C:\Users\18177\morning-star\master-validation","0","0","0","0","0"
"OTHER","ecosystem-inventory","master-validation/ecosystem-inventory","C:\Users\18177\morning-star\master-validation\ecosystem-inventory","3","0","0","3","0"
"OTHER","master-release","master-validation/master-release","C:\Users\18177\morning-star\master-validation\master-release","3","0","0","3","0"
"OTHER","maturity-assurance","maturity-assurance","C:\Users\18177\morning-star\maturity-assurance","0","0","0","0","0"
"OTHER","final-consolidation","maturity-assurance/final-consolidation","C:\Users\18177\morning-star\maturity-assurance\final-consolidation","3","0","0","3","0"
"OTHER","independent-audit-framework","maturity-assurance/independent-audit-framework","C:\Users\18177\morning-star\maturity-assurance\independent-audit-framework","3","0","0","3","0"
"OTHER","meta-architecture-governance","meta-architecture-governance","C:\Users\18177\morning-star\meta-architecture-governance","0","0","0","0","0"
"OTHER","architecture-ontology-preservation","meta-architecture-governance/architecture-ontology-preservation","C:\Users\18177\morning-star\meta-architecture-governance\architecture-ontology-preservation","3","0","0","3","0"
"OTHER","final-consolidation","meta-architecture-governance/final-consolidation","C:\Users\18177\morning-star\meta-architecture-governance\final-consolidation","3","0","0","3","0"
"OTHER","recursive-meta-governance-intelligence","meta-architecture-governance/recursive-meta-governance-intelligence","C:\Users\18177\morning-star\meta-architecture-governance\recursive-meta-governance-intelligence","3","0","0","3","0"
"OTHER","ultimate-reference-architecture-synthesis","meta-architecture-governance/ultimate-reference-architecture-synthesis","C:\Users\18177\morning-star\meta-architecture-governance\ultimate-reference-architecture-synthesis","3","0","0","3","0"
"OTHER","universal-systemic-relationship-mapping","meta-architecture-governance/universal-systemic-relationship-mapping","C:\Users\18177\morning-star\meta-architecture-governance\universal-systemic-relationship-mapping","3","0","0","3","0"
"OTHER","meta-architecture-synthesis","meta-architecture-synthesis","C:\Users\18177\morning-star\meta-architecture-synthesis","0","0","0","0","0"
"OTHER","architecture-layer-convergence","meta-architecture-synthesis/architecture-layer-convergence","C:\Users\18177\morning-star\meta-architecture-synthesis\architecture-layer-convergence","3","0","0","3","0"
"OTHER","architecture-relationship-mapping","meta-architecture-synthesis/architecture-relationship-mapping","C:\Users\18177\morning-star\meta-architecture-synthesis\architecture-relationship-mapping","3","0","0","3","0"
"OTHER","complete-orynth-architecture-graph","meta-architecture-synthesis/complete-orynth-architecture-graph","C:\Users\18177\morning-star\meta-architecture-synthesis\complete-orynth-architecture-graph","3","0","0","3","0"
"OTHER","complete-orynth-meta-architecture","meta-architecture-synthesis/complete-orynth-meta-architecture","C:\Users\18177\morning-star\meta-architecture-synthesis\complete-orynth-meta-architecture","3","0","0","3","0"
"OTHER","cross-domain-meta-model-integration","meta-architecture-synthesis/cross-domain-meta-model-integration","C:\Users\18177\morning-star\meta-architecture-synthesis\cross-domain-meta-model-integration","3","0","0","3","0"
"OTHER","cross-system-dependency-model","meta-architecture-synthesis/cross-system-dependency-model","C:\Users\18177\morning-star\meta-architecture-synthesis\cross-system-dependency-model","3","0","0","3","0"
"OTHER","final-consolidation","meta-architecture-synthesis/final-consolidation","C:\Users\18177\morning-star\meta-architecture-synthesis\final-consolidation","4","0","0","4","0"
"OTHER","unified-ecosystem-architecture","meta-architecture-synthesis/unified-ecosystem-architecture","C:\Users\18177\morning-star\meta-architecture-synthesis\unified-ecosystem-architecture","3","0","0","3","0"
"OTHER","unified-ecosystem-ontology","meta-architecture-synthesis/unified-ecosystem-ontology","C:\Users\18177\morning-star\meta-architecture-synthesis\unified-ecosystem-ontology","3","0","0","3","0"
"OTHER","omnisystem-architecture-consolidation","omnisystem-architecture-consolidation","C:\Users\18177\morning-star\omnisystem-architecture-consolidation","0","0","0","0","0"
"OTHER","complete-system-inventory-mapping","omnisystem-architecture-consolidation/complete-system-inventory-mapping","C:\Users\18177\morning-star\omnisystem-architecture-consolidation\complete-system-inventory-mapping","3","0","0","3","0"
"OTHER","cross-domain-architecture-correlation","omnisystem-architecture-consolidation/cross-domain-architecture-correlation","C:\Users\18177\morning-star\omnisystem-architecture-consolidation\cross-domain-architecture-correlation","3","0","0","3","0"
"OTHER","final-consolidation","omnisystem-architecture-consolidation/final-consolidation","C:\Users\18177\morning-star\omnisystem-architecture-consolidation\final-consolidation","3","0","0","3","0"
"OTHER","omnisystem-reference-architecture","omnisystem-architecture-consolidation/omnisystem-reference-architecture","C:\Users\18177\morning-star\omnisystem-architecture-consolidation\omnisystem-reference-architecture","3","0","0","3","0"
"OTHER","unified-system-ontology-construction","omnisystem-architecture-consolidation/unified-system-ontology-construction","C:\Users\18177\morning-star\omnisystem-architecture-consolidation\unified-system-ontology-construction","3","0","0","3","0"
"OTHER","ontology","ontology","C:\Users\18177\morning-star\ontology","12","0","0","12","0"
"OTHER","operational-evolution","operational-evolution","C:\Users\18177\morning-star\operational-evolution","1","0","0","1","0"
"OTHER","external-review-package","operational-evolution/external-review-package","C:\Users\18177\morning-star\operational-evolution\external-review-package","3","0","0","3","0"
"OTHER","feedback-integration-pipeline","operational-evolution/feedback-integration-pipeline","C:\Users\18177\morning-star\operational-evolution\feedback-integration-pipeline","3","0","0","3","0"
"OTHER","public-documentation-portal","operational-evolution/public-documentation-portal","C:\Users\18177\morning-star\operational-evolution\public-documentation-portal","3","0","0","3","0"
"OTHER","v1-1-architecture-queue","operational-evolution/v1-1-architecture-queue","C:\Users\18177\morning-star\operational-evolution\v1-1-architecture-queue","3","0","0","3","0"
"OTHER","operational-intelligence","operational-intelligence","C:\Users\18177\morning-star\operational-intelligence","0","0","0","0","0"
"OTHER","anomaly-detection","operational-intelligence/anomaly-detection","C:\Users\18177\morning-star\operational-intelligence\anomaly-detection","3","0","0","3","0"
"OTHER","assurance-systems","operational-intelligence/assurance-systems","C:\Users\18177\morning-star\operational-intelligence\assurance-systems","3","0","0","3","0"
"OTHER","monitoring-framework","operational-intelligence/monitoring-framework","C:\Users\18177\morning-star\operational-intelligence\monitoring-framework","3","0","0","3","0"
"OTHER","operational-metrics","operational-intelligence/operational-metrics","C:\Users\18177\morning-star\operational-intelligence\operational-metrics","3","0","0","3","0"
"OTHER","operational-reporting","operational-intelligence/operational-reporting","C:\Users\18177\morning-star\operational-intelligence\operational-reporting","3","0","0","3","0"
"OTHER","operations","operations","C:\Users\18177\morning-star\operations","0","0","0","0","0"
"OTHER","continuity-management","operations/continuity-management","C:\Users\18177\morning-star\operations\continuity-management","3","0","0","3","0"
"OTHER","ecosystem-metrics","operations/ecosystem-metrics","C:\Users\18177\morning-star\operations\ecosystem-metrics","3","0","0","3","0"
"OTHER","health","operations/health","C:\Users\18177\morning-star\operations\health","3","0","0","3","0"
"OTHER","monitoring","operations/monitoring","C:\Users\18177\morning-star\operations\monitoring","3","0","0","3","0"
"OTHER","release-operations","operations/release-operations","C:\Users\18177\morning-star\operations\release-operations","3","0","0","3","0"
"OTHER","review-cycles","operations/review-cycles","C:\Users\18177\morning-star\operations\review-cycles","3","0","0","3","0"
"OTHER","orynth-reference-architecture","orynth-reference-architecture","C:\Users\18177\morning-star\orynth-reference-architecture","6","2","0","2","0"
"OTHER","enterprise-evaluation","orynth-reference-architecture/enterprise-evaluation","C:\Users\18177\morning-star\orynth-reference-architecture\enterprise-evaluation","5","5","0","0","0"
"OTHER","governance","orynth-reference-architecture/enterprise-evaluation/governance","C:\Users\18177\morning-star\orynth-reference-architecture\enterprise-evaluation\governance","62","62","0","0","0"
"OTHER","integration","orynth-reference-architecture/enterprise-evaluation/integration","C:\Users\18177\morning-star\orynth-reference-architecture\enterprise-evaluation\integration","8","8","0","0","0"
"OTHER","pilot","orynth-reference-architecture/enterprise-evaluation/pilot","C:\Users\18177\morning-star\orynth-reference-architecture\enterprise-evaluation\pilot","12","12","0","0","0"
"OTHER","security","orynth-reference-architecture/enterprise-evaluation/security","C:\Users\18177\morning-star\orynth-reference-architecture\enterprise-evaluation\security","1","1","0","0","0"
"OTHER","governance","orynth-reference-architecture/governance","C:\Users\18177\morning-star\orynth-reference-architecture\governance","5","5","0","0","0"
"OTHER","papers","orynth-reference-architecture/papers","C:\Users\18177\morning-star\orynth-reference-architecture\papers","1","1","0","0","0"
"OTHER","publication-package","orynth-reference-architecture/papers/publication-package","C:\Users\18177\morning-star\orynth-reference-architecture\papers\publication-package","15","2","0","13","0"
"OTHER","export","orynth-reference-architecture/papers/publication-package/export","C:\Users\18177\morning-star\orynth-reference-architecture\papers\publication-package\export","3","1","0","0","0"
"OTHER","reference-implementations","orynth-reference-architecture/reference-implementations","C:\Users\18177\morning-star\orynth-reference-architecture\reference-implementations","1","1","0","0","0"
"OTHER","release","orynth-reference-architecture/release","C:\Users\18177\morning-star\orynth-reference-architecture\release","3","3","0","0","0"
"OTHER","phase-ii","phase-ii","C:\Users\18177\morning-star\phase-ii","0","0","0","0","0"
"OTHER","assurance","phase-ii/assurance","C:\Users\18177\morning-star\phase-ii\assurance","3","0","0","3","0"
"OTHER","compliance","phase-ii/compliance","C:\Users\18177\morning-star\phase-ii\compliance","3","0","0","3","0"
"OTHER","documentation","phase-ii/documentation","C:\Users\18177\morning-star\phase-ii\documentation","8","0","0","8","0"
"OTHER","governance","phase-ii/governance","C:\Users\18177\morning-star\phase-ii\governance","3","0","0","3","0"
"OTHER","controls","phase-ii/governance/controls","C:\Users\18177\morning-star\phase-ii\governance\controls","1","0","0","1","0"
"OTHER","decisions","phase-ii/governance/decisions","C:\Users\18177\morning-star\phase-ii\governance\decisions","1","0","0","1","0"
"OTHER","interfaces","phase-ii/interfaces","C:\Users\18177\morning-star\phase-ii\interfaces","2","0","0","2","0"
"OTHER","adapters","phase-ii/interfaces/adapters","C:\Users\18177\morning-star\phase-ii\interfaces\adapters","1","0","0","1","0"
"OTHER","contracts","phase-ii/interfaces/contracts","C:\Users\18177\morning-star\phase-ii\interfaces\contracts","1","0","0","1","0"
"OTHER","metrics","phase-ii/metrics","C:\Users\18177\morning-star\phase-ii\metrics","3","0","0","3","0"
"OTHER","models","phase-ii/models","C:\Users\18177\morning-star\phase-ii\models","1","0","0","1","0"
"OTHER","operational","phase-ii/operational","C:\Users\18177\morning-star\phase-ii\operational","4","0","0","4","0"
"OTHER","release","phase-ii/release","C:\Users\18177\morning-star\phase-ii\release","3","0","0","3","0"
"OTHER","runtime","phase-ii/runtime","C:\Users\18177\morning-star\phase-ii\runtime","3","0","0","3","0"
"OTHER","engine","phase-ii/runtime/engine","C:\Users\18177\morning-star\phase-ii\runtime\engine","2","0","0","2","0"
"OTHER","lifecycle","phase-ii/runtime/lifecycle","C:\Users\18177\morning-star\phase-ii\runtime\lifecycle","2","0","0","2","0"
"OTHER","orchestration","phase-ii/runtime/orchestration","C:\Users\18177\morning-star\phase-ii\runtime\orchestration","2","0","0","2","0"
"OTHER","state","phase-ii/runtime/state","C:\Users\18177\morning-star\phase-ii\runtime\state","2","0","0","2","0"
"OTHER","simulation","phase-ii/simulation","C:\Users\18177\morning-star\phase-ii\simulation","3","0","0","3","0"
"OTHER","testing","phase-ii/testing","C:\Users\18177\morning-star\phase-ii\testing","3","0","0","3","0"
"OTHER","tests","phase-ii/tests","C:\Users\18177\morning-star\phase-ii\tests","0","0","0","0","0"
"OTHER","governance","phase-ii/tests/governance","C:\Users\18177\morning-star\phase-ii\tests\governance","1","0","0","1","0"
"OTHER","runtime","phase-ii/tests/runtime","C:\Users\18177\morning-star\phase-ii\tests\runtime","1","0","0","1","0"
"OTHER","reconstruction","phase-ii/verification/reconstruction","C:\Users\18177\morning-star\phase-ii\verification\reconstruction","1","0","0","1","0"
"OTHER","validation","phase-ii/verification/validation","C:\Users\18177\morning-star\phase-ii\verification\validation","1","0","0","1","0"
"OTHER","phase-iii","phase-iii","C:\Users\18177\morning-star\phase-iii","0","0","0","0","0"
"OTHER","assurance","phase-iii/assurance","C:\Users\18177\morning-star\phase-iii\assurance","3","0","0","3","0"
"OTHER","deployment","phase-iii/deployment","C:\Users\18177\morning-star\phase-iii\deployment","3","0","0","3","0"
"OTHER","ecosystem","phase-iii/ecosystem","C:\Users\18177\morning-star\phase-iii\ecosystem","3","0","0","3","0"
"OTHER","federation","phase-iii/federation","C:\Users\18177\morning-star\phase-iii\federation","3","0","0","3","0"
"OTHER","intelligence","phase-iii/intelligence","C:\Users\18177\morning-star\phase-iii\intelligence","3","0","0","3","0"
"OTHER","phase-iv","phase-iv","C:\Users\18177\morning-star\phase-iv","0","0","0","0","0"
"OTHER","applications","phase-iv/applications","C:\Users\18177\morning-star\phase-iv\applications","3","0","0","3","0"
"OTHER","assurance","phase-iv/assurance","C:\Users\18177\morning-star\phase-iv\assurance","3","0","0","3","0"
"OTHER","civilization","phase-iv/civilization","C:\Users\18177\morning-star\phase-iv\civilization","3","0","0","3","0"
"OTHER","institutions","phase-iv/institutions","C:\Users\18177\morning-star\phase-iv\institutions","3","0","0","3","0"
"OTHER","research","phase-iv/research","C:\Users\18177\morning-star\phase-iv\research","3","0","0","3","0"
"OTHER","phase-v","phase-v","C:\Users\18177\morning-star\phase-v","0","0","0","0","0"
"OTHER","assurance","phase-v/assurance","C:\Users\18177\morning-star\phase-v\assurance","3","0","0","3","0"
"OTHER","autonomy","phase-v/autonomy","C:\Users\18177\morning-star\phase-v\autonomy","3","0","0","3","0"
"OTHER","legacy","phase-v/legacy","C:\Users\18177\morning-star\phase-v\legacy","3","0","0","3","0"
"OTHER","planetary","phase-v/planetary","C:\Users\18177\morning-star\phase-v\planetary","3","0","0","3","0"
"OTHER","regeneration","phase-v/regeneration","C:\Users\18177\morning-star\phase-v\regeneration","3","0","0","3","0"
"OTHER","platform-integration","platform-integration","C:\Users\18177\morning-star\platform-integration","1","0","0","1","0"
"OTHER","architecture-integration","platform-integration/architecture-integration","C:\Users\18177\morning-star\platform-integration\architecture-integration","3","0","0","3","0"
"OTHER","capability-orchestration","platform-integration/capability-orchestration","C:\Users\18177\morning-star\platform-integration\capability-orchestration","3","0","0","3","0"
"OTHER","platform-validation","platform-integration/platform-validation","C:\Users\18177\morning-star\platform-integration\platform-validation","3","0","0","3","0"
"OTHER","system-interoperability","platform-integration/system-interoperability","C:\Users\18177\morning-star\platform-integration\system-interoperability","3","0","0","3","0"
"OTHER","unified-runtime","platform-integration/unified-runtime","C:\Users\18177\morning-star\platform-integration\unified-runtime","3","0","0","3","0"
"OTHER","platform-validation","platform-validation","C:\Users\18177\morning-star\platform-validation","0","0","0","0","0"
"OTHER","benchmark-suite","platform-validation/benchmark-suite","C:\Users\18177\morning-star\platform-validation\benchmark-suite","3","0","0","3","0"
"OTHER","certification-model","platform-validation/certification-model","C:\Users\18177\morning-star\platform-validation\certification-model","3","0","0","3","0"
"OTHER","certification-records","platform-validation/certification-records","C:\Users\18177\morning-star\platform-validation\certification-records","3","0","0","3","0"
"OTHER","reproducibility-framework","platform-validation/reproducibility-framework","C:\Users\18177\morning-star\platform-validation\reproducibility-framework","3","0","0","3","0"
"OTHER","validation-framework","platform-validation/validation-framework","C:\Users\18177\morning-star\platform-validation\validation-framework","3","0","0","3","0"
"OTHER","post-evolution-architecture","post-evolution-architecture","C:\Users\18177\morning-star\post-evolution-architecture","0","0","0","0","0"
"OTHER","autonomous-governance-expansion","post-evolution-architecture/autonomous-governance-expansion","C:\Users\18177\morning-star\post-evolution-architecture\autonomous-governance-expansion","3","0","0","3","0"
"OTHER","final-consolidation","post-evolution-architecture/final-consolidation","C:\Users\18177\morning-star\post-evolution-architecture\final-consolidation","3","0","0","3","0"
"OTHER","global-ecosystem-synchronization","post-evolution-architecture/global-ecosystem-synchronization","C:\Users\18177\morning-star\post-evolution-architecture\global-ecosystem-synchronization","3","0","0","3","0"
"OTHER","perpetual-evolutionary-continuum","post-evolution-architecture/perpetual-evolutionary-continuum","C:\Users\18177\morning-star\post-evolution-architecture\perpetual-evolutionary-continuum","3","0","0","3","0"
"OTHER","universal-architecture-integration","post-evolution-architecture/universal-architecture-integration","C:\Users\18177\morning-star\post-evolution-architecture\universal-architecture-integration","3","0","0","3","0"
"OTHER","post-release","post-release","C:\Users\18177\morning-star\post-release","0","0","0","0","0"
"OTHER","documentation-index","post-release/documentation-index","C:\Users\18177\morning-star\post-release\documentation-index","3","0","0","3","0"
"OTHER","evolution-planning","post-release/evolution-planning","C:\Users\18177\morning-star\post-release\evolution-planning","3","0","0","3","0"
"OTHER","final-consolidation","post-release/final-consolidation","C:\Users\18177\morning-star\post-release\final-consolidation","3","0","0","3","0"
"OTHER","repository-audit","post-release/repository-audit","C:\Users\18177\morning-star\post-release\repository-audit","3","0","0","3","0"
"OTHER","post-release-governance","post-release-governance","C:\Users\18177\morning-star\post-release-governance","0","0","0","0","0"
"OTHER","controlled-evolution-management","post-release-governance/controlled-evolution-management","C:\Users\18177\morning-star\post-release-governance\controlled-evolution-management","3","0","0","3","0"
"OTHER","external-validation-adoption-tracking","post-release-governance/external-validation-adoption-tracking","C:\Users\18177\morning-star\post-release-governance\external-validation-adoption-tracking","3","0","0","3","0"
"OTHER","final-consolidation","post-release-governance/final-consolidation","C:\Users\18177\morning-star\post-release-governance\final-consolidation","3","0","0","3","0"
"OTHER","future-architecture-releases","post-release-governance/future-architecture-releases","C:\Users\18177\morning-star\post-release-governance\future-architecture-releases","3","0","0","3","0"
"OTHER","reference-maintenance","post-release-governance/reference-maintenance","C:\Users\18177\morning-star\post-release-governance\reference-maintenance","3","0","0","3","0"
"OTHER","procedures","procedures","C:\Users\18177\morning-star\procedures","0","0","0","0","0"
"OTHER","publication","publication","C:\Users\18177\morning-star\publication","8","0","0","8","0"
"OTHER","recursive-architecture-synthesis","recursive-architecture-synthesis","C:\Users\18177\morning-star\recursive-architecture-synthesis","0","0","0","0","0"
"OTHER","architecture-knowledge-graph","recursive-architecture-synthesis/architecture-knowledge-graph","C:\Users\18177\morning-star\recursive-architecture-synthesis\architecture-knowledge-graph","3","0","0","3","0"
"OTHER","cross-system-pattern-analysis","recursive-architecture-synthesis/cross-system-pattern-analysis","C:\Users\18177\morning-star\recursive-architecture-synthesis\cross-system-pattern-analysis","3","0","0","3","0"
"OTHER","final-consolidation","recursive-architecture-synthesis/final-consolidation","C:\Users\18177\morning-star\recursive-architecture-synthesis\final-consolidation","3","0","0","3","0"
"OTHER","recursive-system-harmonization","recursive-architecture-synthesis/recursive-system-harmonization","C:\Users\18177\morning-star\recursive-architecture-synthesis\recursive-system-harmonization","3","0","0","3","0"
"OTHER","unified-meta-architecture-model","recursive-architecture-synthesis/unified-meta-architecture-model","C:\Users\18177\morning-star\recursive-architecture-synthesis\unified-meta-architecture-model","3","0","0","3","0"
"OTHER","registries","registries","C:\Users\18177\morning-star\registries","15","12","0","3","0"
"OTHER","release","release","C:\Users\18177\morning-star\release","1","1","0","0","0"
"OTHER","research-network","research-network","C:\Users\18177\morning-star\research-network","0","0","0","0","0"
"OTHER","collaboration-infrastructure","research-network/collaboration-infrastructure","C:\Users\18177\morning-star\research-network\collaboration-infrastructure","3","0","0","3","0"
"OTHER","institutional-network","research-network/institutional-network","C:\Users\18177\morning-star\research-network\institutional-network","3","0","0","3","0"
"OTHER","knowledge-exchange","research-network/knowledge-exchange","C:\Users\18177\morning-star\research-network\knowledge-exchange","3","0","0","3","0"
"OTHER","researcher-network","research-network/researcher-network","C:\Users\18177\morning-star\research-network\researcher-network","3","0","0","3","0"
"OTHER","research-programs","research-network/research-programs","C:\Users\18177\morning-star\research-network\research-programs","3","0","0","3","0"
"OTHER","research-operating-system","research-operating-system","C:\Users\18177\morning-star\research-operating-system","0","0","0","0","0"
"OTHER","experiment-management","research-operating-system/experiment-management","C:\Users\18177\morning-star\research-operating-system\experiment-management","3","0","0","3","0"
"OTHER","knowledge-operations","research-operating-system/knowledge-operations","C:\Users\18177\morning-star\research-operating-system\knowledge-operations","3","0","0","3","0"
"OTHER","research-continuity","research-operating-system/research-continuity","C:\Users\18177\morning-star\research-operating-system\research-continuity","3","0","0","3","0"
"OTHER","research-governance","research-operating-system/research-governance","C:\Users\18177\morning-star\research-operating-system\research-governance","3","0","0","3","0"
"OTHER","research-workflows","research-operating-system/research-workflows","C:\Users\18177\morning-star\research-operating-system\research-workflows","3","0","0","3","0"
"OTHER","research-publication","research-publication","C:\Users\18177\morning-star\research-publication","0","0","0","0","0"
"OTHER","deposit","research-publication/deposit","C:\Users\18177\morning-star\research-publication\deposit","4","0","0","4","0"
"OTHER","executive-summaries","research-publication/executive-summaries","C:\Users\18177\morning-star\research-publication\executive-summaries","3","0","0","3","0"
"OTHER","metadata","research-publication/metadata","C:\Users\18177\morning-star\research-publication\metadata","5","0","0","5","0"
"OTHER","outreach","research-publication/outreach","C:\Users\18177\morning-star\research-publication\outreach","4","0","0","4","0"
"OTHER","papers","research-publication/papers","C:\Users\18177\morning-star\research-publication\papers","1","0","0","1","0"
"OTHER","review","research-publication/review","C:\Users\18177\morning-star\research-publication\review","4","0","0","4","0"
"OTHER","technical-reports","research-publication/technical-reports","C:\Users\18177\morning-star\research-publication\technical-reports","3","0","0","3","0"
"OTHER","runtime","runtime","C:\Users\18177\morning-star\runtime","3","0","1","1","0"
"OTHER",".mypy_cache","runtime/.mypy_cache","C:\Users\18177\morning-star\runtime\.mypy_cache","2","0","0","0","0"
"OTHER","3.11","runtime/.mypy_cache/3.11","C:\Users\18177\morning-star\runtime\.mypy_cache\3.11","16","0","0","0","0"
"OTHER",".pytest_cache","runtime/.pytest_cache","C:\Users\18177\morning-star\runtime\.pytest_cache","3","0","0","1","0"
"OTHER","v","runtime/.pytest_cache/v","C:\Users\18177\morning-star\runtime\.pytest_cache\v","0","0","0","0","0"
"OTHER","cache","runtime/.pytest_cache/v/cache","C:\Users\18177\morning-star\runtime\.pytest_cache\v\cache","2","0","0","0","0"
"OTHER","coverage","runtime/coverage","C:\Users\18177\morning-star\runtime\coverage","1","1","0","0","0"
"OTHER","release","runtime/release","C:\Users\18177\morning-star\runtime\release","0","0","0","0","0"
"OTHER","schemas","runtime/schemas","C:\Users\18177\morning-star\runtime\schemas","1","0","1","0","0"
"OTHER","src","runtime/src","C:\Users\18177\morning-star\runtime\src","0","0","0","0","0"
"OTHER","morning_star","runtime/src/morning_star","C:\Users\18177\morning-star\runtime\src\morning_star","1","0","0","0","0"
"OTHER","api","runtime/src/morning_star/api","C:\Users\18177\morning-star\runtime\src\morning_star\api","2","0","0","0","0"
"OTHER","cli","runtime/src/morning_star/cli","C:\Users\18177\morning-star\runtime\src\morning_star\cli","2","0","0","0","0"
"OTHER","config","runtime/src/morning_star/config","C:\Users\18177\morning-star\runtime\src\morning_star\config","2","0","0","0","0"
"OTHER","engines","runtime/src/morning_star/engines","C:\Users\18177\morning-star\runtime\src\morning_star\engines","10","0","0","0","0"
"OTHER","models","runtime/src/morning_star/models","C:\Users\18177\morning-star\runtime\src\morning_star\models","9","0","0","0","0"
"OTHER","registries","runtime/src/morning_star/registries","C:\Users\18177\morning-star\runtime\src\morning_star\registries","7","0","0","0","0"
"OTHER","storage","runtime/src/morning_star/storage","C:\Users\18177\morning-star\runtime\src\morning_star\storage","2","0","0","0","0"
"OTHER","tests","runtime/tests","C:\Users\18177\morning-star\runtime\tests","24","0","0","0","0"
"OTHER","fixtures","runtime/tests/fixtures","C:\Users\18177\morning-star\runtime\tests\fixtures","0","0","0","0","0"
"OTHER","scenarios","runtime/tests/scenarios","C:\Users\18177\morning-star\runtime\tests\scenarios","1","0","0","0","0"
"OTHER","schemas","schemas","C:\Users\18177\morning-star\schemas","1","0","1","0","0"
"OTHER","self-evolving-architecture","self-evolving-architecture","C:\Users\18177\morning-star\self-evolving-architecture","0","0","0","0","0"
"OTHER","adaptive-evolution-governance","self-evolving-architecture/adaptive-evolution-governance","C:\Users\18177\morning-star\self-evolving-architecture\adaptive-evolution-governance","3","0","0","3","0"
"OTHER","emergent-capability-integration","self-evolving-architecture/emergent-capability-integration","C:\Users\18177\morning-star\self-evolving-architecture\emergent-capability-integration","3","0","0","3","0"
"OTHER","final-consolidation","self-evolving-architecture/final-consolidation","C:\Users\18177\morning-star\self-evolving-architecture\final-consolidation","3","0","0","3","0"
"OTHER","recursive-architecture-learning","self-evolving-architecture/recursive-architecture-learning","C:\Users\18177\morning-star\self-evolving-architecture\recursive-architecture-learning","3","0","0","3","0"
"OTHER","self-evolving-ecosystem-continuum","self-evolving-architecture/self-evolving-ecosystem-continuum","C:\Users\18177\morning-star\self-evolving-architecture\self-evolving-ecosystem-continuum","3","0","0","3","0"
"OTHER","successor","successor","C:\Users\18177\morning-star\successor","4","0","0","4","0"
"OTHER","tests","tests","C:\Users\18177\morning-star\tests","0","0","0","0","0"
"OTHER","tools","tools","C:\Users\18177\morning-star\tools","0","0","0","0","0"
"OTHER","transcendent-architecture-continuity","transcendent-architecture-continuity","C:\Users\18177\morning-star\transcendent-architecture-continuity","0","0","0","0","0"
"OTHER","continuous-civilization-scale-adaptation","transcendent-architecture-continuity/continuous-civilization-scale-adaptation","C:\Users\18177\morning-star\transcendent-architecture-continuity\continuous-civilization-scale-adaptation","3","0","0","3","0"
"OTHER","final-consolidation","transcendent-architecture-continuity/final-consolidation","C:\Users\18177\morning-star\transcendent-architecture-continuity\final-consolidation","3","0","0","3","0"
"OTHER","integrated-evolutionary-architecture","transcendent-architecture-continuity/integrated-evolutionary-architecture","C:\Users\18177\morning-star\transcendent-architecture-continuity\integrated-evolutionary-architecture","3","0","0","3","0"
"OTHER","recursive-governance-intelligence","transcendent-architecture-continuity/recursive-governance-intelligence","C:\Users\18177\morning-star\transcendent-architecture-continuity\recursive-governance-intelligence","3","0","0","3","0"
"OTHER","universal-ecosystem-awareness","transcendent-architecture-continuity/universal-ecosystem-awareness","C:\Users\18177\morning-star\transcendent-architecture-continuity\universal-ecosystem-awareness","3","0","0","3","0"
"OTHER","transcendent-architecture-integration","transcendent-architecture-integration","C:\Users\18177\morning-star\transcendent-architecture-integration","0","0","0","0","0"
"OTHER","complete-orynth-operating-architecture","transcendent-architecture-integration/complete-orynth-operating-architecture","C:\Users\18177\morning-star\transcendent-architecture-integration\complete-orynth-operating-architecture","3","0","0","3","0"
"OTHER","cross-ecosystem-intelligence-alignment","transcendent-architecture-integration/cross-ecosystem-intelligence-alignment","C:\Users\18177\morning-star\transcendent-architecture-integration\cross-ecosystem-intelligence-alignment","3","0","0","3","0"
"OTHER","final-consolidation","transcendent-architecture-integration/final-consolidation","C:\Users\18177\morning-star\transcendent-architecture-integration\final-consolidation","3","0","0","3","0"
"OTHER","foundational-layer-unification","transcendent-architecture-integration/foundational-layer-unification","C:\Users\18177\morning-star\transcendent-architecture-integration\foundational-layer-unification","3","0","0","3","0"
"OTHER","universal-governance-integration","transcendent-architecture-integration/universal-governance-integration","C:\Users\18177\morning-star\transcendent-architecture-integration\universal-governance-integration","3","0","0","3","0"
"OTHER","transcendent-systems-architecture","transcendent-systems-architecture","C:\Users\18177\morning-star\transcendent-systems-architecture","0","0","0","0","0"
"OTHER","final-consolidation","transcendent-systems-architecture/final-consolidation","C:\Users\18177\morning-star\transcendent-systems-architecture\final-consolidation","3","0","0","3","0"
"OTHER","meta-intelligence-integration","transcendent-systems-architecture/meta-intelligence-integration","C:\Users\18177\morning-star\transcendent-systems-architecture\meta-intelligence-integration","3","0","0","3","0"
"OTHER","reality-scale-architecture-harmonization","transcendent-systems-architecture/reality-scale-architecture-harmonization","C:\Users\18177\morning-star\transcendent-systems-architecture\reality-scale-architecture-harmonization","3","0","0","3","0"
"OTHER","transcendent-systems-continuity-model","transcendent-systems-architecture/transcendent-systems-continuity-model","C:\Users\18177\morning-star\transcendent-systems-architecture\transcendent-systems-continuity-model","3","0","0","3","0"
"OTHER","universal-governance-synthesis","transcendent-systems-architecture/universal-governance-synthesis","C:\Users\18177\morning-star\transcendent-systems-architecture\universal-governance-synthesis","3","0","0","3","0"
"OTHER","unified-reference-architecture-governance","unified-reference-architecture-governance","C:\Users\18177\morning-star\unified-reference-architecture-governance","0","0","0","0","0"
"OTHER","continuous-synthesis-intelligence","unified-reference-architecture-governance/continuous-synthesis-intelligence","C:\Users\18177\morning-star\unified-reference-architecture-governance\continuous-synthesis-intelligence","3","0","0","3","0"
"OTHER","final-consolidation","unified-reference-architecture-governance/final-consolidation","C:\Users\18177\morning-star\unified-reference-architecture-governance\final-consolidation","3","0","0","3","0"
"OTHER","global-reference-model-governance","unified-reference-architecture-governance/global-reference-model-governance","C:\Users\18177\morning-star\unified-reference-architecture-governance\global-reference-model-governance","3","0","0","3","0"
"OTHER","ultimate-orynth-architecture-operating-model","unified-reference-architecture-governance/ultimate-orynth-architecture-operating-model","C:\Users\18177\morning-star\unified-reference-architecture-governance\ultimate-orynth-architecture-operating-model","3","0","0","3","0"
"OTHER","unified-architecture-state-management","unified-reference-architecture-governance/unified-architecture-state-management","C:\Users\18177\morning-star\unified-reference-architecture-governance\unified-architecture-state-management","3","0","0","3","0"
"OTHER","universal-architecture-governance","universal-architecture-governance","C:\Users\18177\morning-star\universal-architecture-governance","0","0","0","0","0"
"OTHER","canonical-architecture-constitution","universal-architecture-governance/canonical-architecture-constitution","C:\Users\18177\morning-star\universal-architecture-governance\canonical-architecture-constitution","3","0","0","3","0"
"OTHER","final-consolidation","universal-architecture-governance/final-consolidation","C:\Users\18177\morning-star\universal-architecture-governance\final-consolidation","3","0","0","3","0"
"OTHER","global-standards-framework","universal-architecture-governance/global-standards-framework","C:\Users\18177\morning-star\universal-architecture-governance\global-standards-framework","3","0","0","3","0"
"OTHER","long-term-stewardship-architecture","universal-architecture-governance/long-term-stewardship-architecture","C:\Users\18177\morning-star\universal-architecture-governance\long-term-stewardship-architecture","3","0","0","3","0"
"OTHER","universal-reference-implementation","universal-architecture-governance/universal-reference-implementation","C:\Users\18177\morning-star\universal-architecture-governance\universal-reference-implementation","3","0","0","3","0"
"OTHER","universal-coordination-architecture","universal-coordination-architecture","C:\Users\18177\morning-star\universal-coordination-architecture","0","0","0","0","0"
"OTHER","adaptive-coordination-intelligence","universal-coordination-architecture/adaptive-coordination-intelligence","C:\Users\18177\morning-star\universal-coordination-architecture\adaptive-coordination-intelligence","3","0","0","3","0"
"OTHER","coordination-substrate-framework","universal-coordination-architecture/coordination-substrate-framework","C:\Users\18177\morning-star\universal-coordination-architecture\coordination-substrate-framework","3","0","0","3","0"
"OTHER","cross-system-coordination-network","universal-coordination-architecture/cross-system-coordination-network","C:\Users\18177\morning-star\universal-coordination-architecture\cross-system-coordination-network","3","0","0","3","0"
"OTHER","final-consolidation","universal-coordination-architecture/final-consolidation","C:\Users\18177\morning-star\universal-coordination-architecture\final-consolidation","3","0","0","3","0"
"OTHER","universal-coordination-operating-layer","universal-coordination-architecture/universal-coordination-operating-layer","C:\Users\18177\morning-star\universal-coordination-architecture\universal-coordination-operating-layer","3","0","0","3","0"
"OTHER","universal-ecosystem-intelligence","universal-ecosystem-intelligence","C:\Users\18177\morning-star\universal-ecosystem-intelligence","0","0","0","0","0"
"OTHER","autonomous-knowledge-orchestration","universal-ecosystem-intelligence/autonomous-knowledge-orchestration","C:\Users\18177\morning-star\universal-ecosystem-intelligence\autonomous-knowledge-orchestration","3","0","0","3","0"
"OTHER","ecosystem-reasoning-framework","universal-ecosystem-intelligence/ecosystem-reasoning-framework","C:\Users\18177\morning-star\universal-ecosystem-intelligence\ecosystem-reasoning-framework","3","0","0","3","0"
"OTHER","final-consolidation","universal-ecosystem-intelligence/final-consolidation","C:\Users\18177\morning-star\universal-ecosystem-intelligence\final-consolidation","3","0","0","3","0"
"OTHER","intelligence-coordination-layer","universal-ecosystem-intelligence/intelligence-coordination-layer","C:\Users\18177\morning-star\universal-ecosystem-intelligence\intelligence-coordination-layer","3","0","0","3","0"
"OTHER","universal-intelligence-architecture","universal-ecosystem-intelligence/universal-intelligence-architecture","C:\Users\18177\morning-star\universal-ecosystem-intelligence\universal-intelligence-architecture","3","0","0","3","0"
"OTHER","universal-integration-architecture","universal-integration-architecture","C:\Users\18177\morning-star\universal-integration-architecture","0","0","0","0","0"
"OTHER","cross-domain-architecture-integration","universal-integration-architecture/cross-domain-architecture-integration","C:\Users\18177\morning-star\universal-integration-architecture\cross-domain-architecture-integration","3","0","0","3","0"
"OTHER","final-consolidation","universal-integration-architecture/final-consolidation","C:\Users\18177\morning-star\universal-integration-architecture\final-consolidation","3","0","0","3","0"
"OTHER","integrated-operating-reference-layer","universal-integration-architecture/integrated-operating-reference-layer","C:\Users\18177\morning-star\universal-integration-architecture\integrated-operating-reference-layer","3","0","0","3","0"
"OTHER","integration-substrate-framework","universal-integration-architecture/integration-substrate-framework","C:\Users\18177\morning-star\universal-integration-architecture\integration-substrate-framework","3","0","0","3","0"
"OTHER","unified-ecosystem-integration","universal-integration-architecture/unified-ecosystem-integration","C:\Users\18177\morning-star\universal-integration-architecture\unified-ecosystem-integration","3","0","0","3","0"
"OTHER","universal-intelligence-architecture","universal-intelligence-architecture","C:\Users\18177\morning-star\universal-intelligence-architecture","0","0","0","0","0"
"OTHER","adaptive-knowledge-synthesis","universal-intelligence-architecture/adaptive-knowledge-synthesis","C:\Users\18177\morning-star\universal-intelligence-architecture\adaptive-knowledge-synthesis","3","0","0","3","0"
"OTHER","cross-system-intelligence-integration","universal-intelligence-architecture/cross-system-intelligence-integration","C:\Users\18177\morning-star\universal-intelligence-architecture\cross-system-intelligence-integration","3","0","0","3","0"
"OTHER","emergent-intelligence-coordination","universal-intelligence-architecture/emergent-intelligence-coordination","C:\Users\18177\morning-star\universal-intelligence-architecture\emergent-intelligence-coordination","3","0","0","3","0"
"OTHER","final-consolidation","universal-intelligence-architecture/final-consolidation","C:\Users\18177\morning-star\universal-intelligence-architecture\final-consolidation","4","0","0","4","0"
"OTHER","intelligence-substrate-integration","universal-intelligence-architecture/intelligence-substrate-integration","C:\Users\18177\morning-star\universal-intelligence-architecture\intelligence-substrate-integration","3","0","0","3","0"
"OTHER","recursive-intelligence-coordination","universal-intelligence-architecture/recursive-intelligence-coordination","C:\Users\18177\morning-star\universal-intelligence-architecture\recursive-intelligence-coordination","3","0","0","3","0"
"OTHER","unified-intelligence-ecosystem-model","universal-intelligence-architecture/unified-intelligence-ecosystem-model","C:\Users\18177\morning-star\universal-intelligence-architecture\unified-intelligence-ecosystem-model","3","0","0","3","0"
"OTHER","unified-intelligence-substrate","universal-intelligence-architecture/unified-intelligence-substrate","C:\Users\18177\morning-star\universal-intelligence-architecture\unified-intelligence-substrate","3","0","0","3","0"
"OTHER","universal-intelligence-operating-layer","universal-intelligence-architecture/universal-intelligence-operating-layer","C:\Users\18177\morning-star\universal-intelligence-architecture\universal-intelligence-operating-layer","3","0","0","3","0"
"OTHER","universal-knowledge-architecture","universal-knowledge-architecture","C:\Users\18177\morning-star\universal-knowledge-architecture","0","0","0","0","0"
"OTHER","adaptive-knowledge-synthesis","universal-knowledge-architecture/adaptive-knowledge-synthesis","C:\Users\18177\morning-star\universal-knowledge-architecture\adaptive-knowledge-synthesis","3","0","0","3","0"
"OTHER","final-consolidation","universal-knowledge-architecture/final-consolidation","C:\Users\18177\morning-star\universal-knowledge-architecture\final-consolidation","3","0","0","3","0"
"OTHER","knowledge-substrate-integration","universal-knowledge-architecture/knowledge-substrate-integration","C:\Users\18177\morning-star\universal-knowledge-architecture\knowledge-substrate-integration","3","0","0","3","0"
"OTHER","universal-knowledge-graph-architecture","universal-knowledge-architecture/universal-knowledge-graph-architecture","C:\Users\18177\morning-star\universal-knowledge-architecture\universal-knowledge-graph-architecture","3","0","0","3","0"
"OTHER","universal-knowledge-operating-layer","universal-knowledge-architecture/universal-knowledge-operating-layer","C:\Users\18177\morning-star\universal-knowledge-architecture\universal-knowledge-operating-layer","3","0","0","3","0"
"OTHER","universal-operating-architecture","universal-operating-architecture","C:\Users\18177\morning-star\universal-operating-architecture","0","0","0","0","0"
"OTHER","adaptive-operating-intelligence","universal-operating-architecture/adaptive-operating-intelligence","C:\Users\18177\morning-star\universal-operating-architecture\adaptive-operating-intelligence","3","0","0","3","0"
"OTHER","cross-system-operational-integration","universal-operating-architecture/cross-system-operational-integration","C:\Users\18177\morning-star\universal-operating-architecture\cross-system-operational-integration","3","0","0","3","0"
"OTHER","final-consolidation","universal-operating-architecture/final-consolidation","C:\Users\18177\morning-star\universal-operating-architecture\final-consolidation","3","0","0","3","0"
"OTHER","unified-operating-model","universal-operating-architecture/unified-operating-model","C:\Users\18177\morning-star\universal-operating-architecture\unified-operating-model","3","0","0","3","0"
"OTHER","universal-operating-environment","universal-operating-architecture/universal-operating-environment","C:\Users\18177\morning-star\universal-operating-architecture\universal-operating-environment","3","0","0","3","0"
"OTHER","universal-reference-architecture","universal-reference-architecture","C:\Users\18177\morning-star\universal-reference-architecture","0","0","0","0","0"
"OTHER","complete-architecture-ontology-integration","universal-reference-architecture/complete-architecture-ontology-integration","C:\Users\18177\morning-star\universal-reference-architecture\complete-architecture-ontology-integration","3","0","0","3","0"
"OTHER","final-consolidation","universal-reference-architecture/final-consolidation","C:\Users\18177\morning-star\universal-reference-architecture\final-consolidation","3","0","0","3","0"
"OTHER","global-architecture-knowledge-graph","universal-reference-architecture/global-architecture-knowledge-graph","C:\Users\18177\morning-star\universal-reference-architecture\global-architecture-knowledge-graph","3","0","0","3","0"
"OTHER","unified-orynth-reference-civilization-model","universal-reference-architecture/unified-orynth-reference-civilization-model","C:\Users\18177\morning-star\universal-reference-architecture\unified-orynth-reference-civilization-model","3","0","0","3","0"
"OTHER","universal-reference-model-harmonization","universal-reference-architecture/universal-reference-model-harmonization","C:\Users\18177\morning-star\universal-reference-architecture\universal-reference-model-harmonization","3","0","0","3","0"
"OTHER","validation","validation","C:\Users\18177\morning-star\validation","0","0","0","0","0"
"OTHER","mutations","verification/MS-T2_DEPENDENCY_PROPAGATION_TRIAL/mutations","C:\Users\18177\morning-star\verification\MS-T2_DEPENDENCY_PROPAGATION_TRIAL\mutations","0","0","0","0","0"
"OTHER","MS-T2-0001","verification/MS-T2_DEPENDENCY_PROPAGATION_TRIAL/mutations/MS-T2-0001","C:\Users\18177\morning-star\verification\MS-T2_DEPENDENCY_PROPAGATION_TRIAL\mutations\MS-T2-0001","1","0","0","1","0"
"OTHER","MS-T2-0002","verification/MS-T2_DEPENDENCY_PROPAGATION_TRIAL/mutations/MS-T2-0002","C:\Users\18177\morning-star\verification\MS-T2_DEPENDENCY_PROPAGATION_TRIAL\mutations\MS-T2-0002","1","0","0","1","0"
"OTHER","MS-T2-0003","verification/MS-T2_DEPENDENCY_PROPAGATION_TRIAL/mutations/MS-T2-0003","C:\Users\18177\morning-star\verification\MS-T2_DEPENDENCY_PROPAGATION_TRIAL\mutations\MS-T2-0003","1","0","0","1","0"
"OTHER","MS-T2-0004","verification/MS-T2_DEPENDENCY_PROPAGATION_TRIAL/mutations/MS-T2-0004","C:\Users\18177\morning-star\verification\MS-T2_DEPENDENCY_PROPAGATION_TRIAL\mutations\MS-T2-0004","1","0","0","1","0"
"OTHER","MS-T2-0005","verification/MS-T2_DEPENDENCY_PROPAGATION_TRIAL/mutations/MS-T2-0005","C:\Users\18177\morning-star\verification\MS-T2_DEPENDENCY_PROPAGATION_TRIAL\mutations\MS-T2-0005","1","0","0","1","0"
"OTHER","reconstructed-downstream","verification/MS-T2_DEPENDENCY_PROPAGATION_TRIAL/reconstructed-downstream","C:\Users\18177\morning-star\verification\MS-T2_DEPENDENCY_PROPAGATION_TRIAL\reconstructed-downstream","0","0","0","0","0"
"OTHER","MS-T2-0001","verification/MS-T2_DEPENDENCY_PROPAGATION_TRIAL/reconstructed-downstream/MS-T2-0001","C:\Users\18177\morning-star\verification\MS-T2_DEPENDENCY_PROPAGATION_TRIAL\reconstructed-downstream\MS-T2-0001","1","0","0","1","0"
"OTHER","MS-T2-0002","verification/MS-T2_DEPENDENCY_PROPAGATION_TRIAL/reconstructed-downstream/MS-T2-0002","C:\Users\18177\morning-star\verification\MS-T2_DEPENDENCY_PROPAGATION_TRIAL\reconstructed-downstream\MS-T2-0002","1","0","0","1","0"
"OTHER","MS-T2-0003","verification/MS-T2_DEPENDENCY_PROPAGATION_TRIAL/reconstructed-downstream/MS-T2-0003","C:\Users\18177\morning-star\verification\MS-T2_DEPENDENCY_PROPAGATION_TRIAL\reconstructed-downstream\MS-T2-0003","1","0","0","1","0"
"OTHER","MS-T2-0004","verification/MS-T2_DEPENDENCY_PROPAGATION_TRIAL/reconstructed-downstream/MS-T2-0004","C:\Users\18177\morning-star\verification\MS-T2_DEPENDENCY_PROPAGATION_TRIAL\reconstructed-downstream\MS-T2-0004","1","0","0","1","0"
"OTHER","MS-T2-0005","verification/MS-T2_DEPENDENCY_PROPAGATION_TRIAL/reconstructed-downstream/MS-T2-0005","C:\Users\18177\morning-star\verification\MS-T2_DEPENDENCY_PROPAGATION_TRIAL\reconstructed-downstream\MS-T2-0005","1","0","0","1","0"
"OTHER","workspaces","verification/MS-T2_DEPENDENCY_PROPAGATION_TRIAL/workspaces","C:\Users\18177\morning-star\verification\MS-T2_DEPENDENCY_PROPAGATION_TRIAL\workspaces","0","0","0","0","0"
"OTHER","GO-0001","verification/MS-T2_DEPENDENCY_PROPAGATION_TRIAL/workspaces/GO-0001","C:\Users\18177\morning-star\verification\MS-T2_DEPENDENCY_PROPAGATION_TRIAL\workspaces\GO-0001","1","0","0","1","0"
"OTHER","GO-0002","verification/MS-T2_DEPENDENCY_PROPAGATION_TRIAL/workspaces/GO-0002","C:\Users\18177\morning-star\verification\MS-T2_DEPENDENCY_PROPAGATION_TRIAL\workspaces\GO-0002","1","0","0","1","0"
"OTHER","GO-0003","verification/MS-T2_DEPENDENCY_PROPAGATION_TRIAL/workspaces/GO-0003","C:\Users\18177\morning-star\verification\MS-T2_DEPENDENCY_PROPAGATION_TRIAL\workspaces\GO-0003","1","0","0","1","0"
"OTHER","GO-0004","verification/MS-T2_DEPENDENCY_PROPAGATION_TRIAL/workspaces/GO-0004","C:\Users\18177\morning-star\verification\MS-T2_DEPENDENCY_PROPAGATION_TRIAL\workspaces\GO-0004","1","0","0","1","0"
"OTHER","GO-0005","verification/MS-T2_DEPENDENCY_PROPAGATION_TRIAL/workspaces/GO-0005","C:\Users\18177\morning-star\verification\MS-T2_DEPENDENCY_PROPAGATION_TRIAL\workspaces\GO-0005","1","0","0","1","0"
"OTHER","GO-0006","verification/MS-T2_DEPENDENCY_PROPAGATION_TRIAL/workspaces/GO-0006","C:\Users\18177\morning-star\verification\MS-T2_DEPENDENCY_PROPAGATION_TRIAL\workspaces\GO-0006","1","0","0","1","0"
"OTHER","GO-0007","verification/MS-T2_DEPENDENCY_PROPAGATION_TRIAL/workspaces/GO-0007","C:\Users\18177\morning-star\verification\MS-T2_DEPENDENCY_PROPAGATION_TRIAL\workspaces\GO-0007","1","0","0","1","0"
"OTHER","volumes","volumes","C:\Users\18177\morning-star\volumes","0","0","0","0","0"
"OTHER","VOLUME_I_FOUNDATION","volumes/VOLUME_I_FOUNDATION","C:\Users\18177\morning-star\volumes\VOLUME_I_FOUNDATION","10","0","0","10","0"
"OTHER","00_COLLECTION_PACKET","volumes/VOLUME_I_FOUNDATION/verification/execution/MS-T1_CONTROLLED_EXECUTION/00_COLLECTION_PACKET","C:\Users\18177\morning-star\volumes\VOLUME_I_FOUNDATION\verification\execution\MS-T1_CONTROLLED_EXECUTION\00_COLLECTION_PACKET","10","9","0","1","0"
"OTHER","01_INPUT","volumes/VOLUME_I_FOUNDATION/verification/execution/MS-T1_CONTROLLED_EXECUTION/01_INPUT","C:\Users\18177\morning-star\volumes\VOLUME_I_FOUNDATION\verification\execution\MS-T1_CONTROLLED_EXECUTION\01_INPUT","2","1","0","0","0"
"OTHER","04_SCORING","volumes/VOLUME_I_FOUNDATION/verification/execution/MS-T1_CONTROLLED_EXECUTION/04_SCORING","C:\Users\18177\morning-star\volumes\VOLUME_I_FOUNDATION\verification\execution\MS-T1_CONTROLLED_EXECUTION\04_SCORING","1","0","0","1","0"
"OTHER","05_REVIEW","volumes/VOLUME_I_FOUNDATION/verification/execution/MS-T1_CONTROLLED_EXECUTION/05_REVIEW","C:\Users\18177\morning-star\volumes\VOLUME_I_FOUNDATION\verification\execution\MS-T1_CONTROLLED_EXECUTION\05_REVIEW","1","0","0","1","0"
"OTHER","06_OUTPUT","volumes/VOLUME_I_FOUNDATION/verification/execution/MS-T1_CONTROLLED_EXECUTION/06_OUTPUT","C:\Users\18177\morning-star\volumes\VOLUME_I_FOUNDATION\verification\execution\MS-T1_CONTROLLED_EXECUTION\06_OUTPUT","2","0","0","2","0"
"OTHER","99_ARCHIVE","volumes/VOLUME_I_FOUNDATION/verification/execution/MS-T1_CONTROLLED_EXECUTION/99_ARCHIVE","C:\Users\18177\morning-star\volumes\VOLUME_I_FOUNDATION\verification\execution\MS-T1_CONTROLLED_EXECUTION\99_ARCHIVE","0","0","0","0","0"
"OTHER","00_COLLECTION_PACKET","volumes/VOLUME_I_FOUNDATION/verification/execution/MS-T2_CONTROLLED_EXECUTION/00_COLLECTION_PACKET","C:\Users\18177\morning-star\volumes\VOLUME_I_FOUNDATION\verification\execution\MS-T2_CONTROLLED_EXECUTION\00_COLLECTION_PACKET","13","12","0","1","0"
"OTHER","01_INPUT","volumes/VOLUME_I_FOUNDATION/verification/execution/MS-T2_CONTROLLED_EXECUTION/01_INPUT","C:\Users\18177\morning-star\volumes\VOLUME_I_FOUNDATION\verification\execution\MS-T2_CONTROLLED_EXECUTION\01_INPUT","4","2","0","0","0"
"OTHER","04_SCORING","volumes/VOLUME_I_FOUNDATION/verification/execution/MS-T2_CONTROLLED_EXECUTION/04_SCORING","C:\Users\18177\morning-star\volumes\VOLUME_I_FOUNDATION\verification\execution\MS-T2_CONTROLLED_EXECUTION\04_SCORING","1","0","0","1","0"
"OTHER","05_REVIEW","volumes/VOLUME_I_FOUNDATION/verification/execution/MS-T2_CONTROLLED_EXECUTION/05_REVIEW","C:\Users\18177\morning-star\volumes\VOLUME_I_FOUNDATION\verification\execution\MS-T2_CONTROLLED_EXECUTION\05_REVIEW","1","0","0","1","0"
"OTHER","06_OUTPUT","volumes/VOLUME_I_FOUNDATION/verification/execution/MS-T2_CONTROLLED_EXECUTION/06_OUTPUT","C:\Users\18177\morning-star\volumes\VOLUME_I_FOUNDATION\verification\execution\MS-T2_CONTROLLED_EXECUTION\06_OUTPUT","2","0","0","2","0"
"OTHER","99_ARCHIVE","volumes/VOLUME_I_FOUNDATION/verification/execution/MS-T2_CONTROLLED_EXECUTION/99_ARCHIVE","C:\Users\18177\morning-star\volumes\VOLUME_I_FOUNDATION\verification\execution\MS-T2_CONTROLLED_EXECUTION\99_ARCHIVE","0","0","0","0","0"
"OTHER","MS-T1","volumes/VOLUME_I_FOUNDATION/verification/MS-T1","C:\Users\18177\morning-star\volumes\VOLUME_I_FOUNDATION\verification\MS-T1","4","2","0","2","0"
"OTHER","archive","volumes/VOLUME_I_FOUNDATION/verification/MS-T1/archive","C:\Users\18177\morning-star\volumes\VOLUME_I_FOUNDATION\verification\MS-T1\archive","1","1","0","0","0"
"OTHER","source_snapshot","volumes/VOLUME_I_FOUNDATION/verification/MS-T1/source_snapshot","C:\Users\18177\morning-star\volumes\VOLUME_I_FOUNDATION\verification\MS-T1\source_snapshot","11","4","3","4","0"
"OTHER","_SUBMISSIONS","volumes/VOLUME_I_FOUNDATION/verification/MS-T1/trials/MS-T1-TRIAL-0001/evidence/_SUBMISSIONS","C:\Users\18177\morning-star\volumes\VOLUME_I_FOUNDATION\verification\MS-T1\trials\MS-T1-TRIAL-0001\evidence\_SUBMISSIONS","6","3","1","2","0"
"OTHER","constraints","volumes/VOLUME_I_FOUNDATION/verification/MS-T1/trials/MS-T1-TRIAL-0001/evidence/_SUBMISSIONS/constraints","C:\Users\18177\morning-star\volumes\VOLUME_I_FOUNDATION\verification\MS-T1\trials\MS-T1-TRIAL-0001\evidence\_SUBMISSIONS\constraints","2","0","1","1","0"
"OTHER","input","volumes/VOLUME_I_FOUNDATION/verification/MS-T1/trials/MS-T1-TRIAL-0001/evidence/_SUBMISSIONS/input","C:\Users\18177\morning-star\volumes\VOLUME_I_FOUNDATION\verification\MS-T1\trials\MS-T1-TRIAL-0001\evidence\_SUBMISSIONS\input","2","0","1","1","0"
"OTHER","output","volumes/VOLUME_I_FOUNDATION/verification/MS-T1/trials/MS-T1-TRIAL-0001/evidence/_SUBMISSIONS/output","C:\Users\18177\morning-star\volumes\VOLUME_I_FOUNDATION\verification\MS-T1\trials\MS-T1-TRIAL-0001\evidence\_SUBMISSIONS\output","2","0","1","1","0"
"OTHER","trace","volumes/VOLUME_I_FOUNDATION/verification/MS-T1/trials/MS-T1-TRIAL-0001/evidence/_SUBMISSIONS/trace","C:\Users\18177\morning-star\volumes\VOLUME_I_FOUNDATION\verification\MS-T1\trials\MS-T1-TRIAL-0001\evidence\_SUBMISSIONS\trace","2","1","0","1","0"
"OTHER","uncertainty","volumes/VOLUME_I_FOUNDATION/verification/MS-T1/trials/MS-T1-TRIAL-0001/evidence/_SUBMISSIONS/uncertainty","C:\Users\18177\morning-star\volumes\VOLUME_I_FOUNDATION\verification\MS-T1\trials\MS-T1-TRIAL-0001\evidence\_SUBMISSIONS\uncertainty","2","0","1","1","0"
"OTHER","constraints","volumes/VOLUME_I_FOUNDATION/verification/MS-T1/trials/MS-T1-TRIAL-0001/evidence/constraints","C:\Users\18177\morning-star\volumes\VOLUME_I_FOUNDATION\verification\MS-T1\trials\MS-T1-TRIAL-0001\evidence\constraints","0","0","0","0","0"
"OTHER","input","volumes/VOLUME_I_FOUNDATION/verification/MS-T1/trials/MS-T1-TRIAL-0001/evidence/input","C:\Users\18177\morning-star\volumes\VOLUME_I_FOUNDATION\verification\MS-T1\trials\MS-T1-TRIAL-0001\evidence\input","0","0","0","0","0"
"OTHER","output","volumes/VOLUME_I_FOUNDATION/verification/MS-T1/trials/MS-T1-TRIAL-0001/evidence/output","C:\Users\18177\morning-star\volumes\VOLUME_I_FOUNDATION\verification\MS-T1\trials\MS-T1-TRIAL-0001\evidence\output","0","0","0","0","0"
"OTHER","registered","volumes/VOLUME_I_FOUNDATION/verification/MS-T1/trials/MS-T1-TRIAL-0001/evidence/registered","C:\Users\18177\morning-star\volumes\VOLUME_I_FOUNDATION\verification\MS-T1\trials\MS-T1-TRIAL-0001\evidence\registered","2","1","0","1","0"
"OTHER","constraint","volumes/VOLUME_I_FOUNDATION/verification/MS-T1/trials/MS-T1-TRIAL-0001/evidence/registered/constraint","C:\Users\18177\morning-star\volumes\VOLUME_I_FOUNDATION\verification\MS-T1\trials\MS-T1-TRIAL-0001\evidence\registered\constraint","1","0","1","0","0"
"OTHER","input","volumes/VOLUME_I_FOUNDATION/verification/MS-T1/trials/MS-T1-TRIAL-0001/evidence/registered/input","C:\Users\18177\morning-star\volumes\VOLUME_I_FOUNDATION\verification\MS-T1\trials\MS-T1-TRIAL-0001\evidence\registered\input","1","0","1","0","0"
"OTHER","output","volumes/VOLUME_I_FOUNDATION/verification/MS-T1/trials/MS-T1-TRIAL-0001/evidence/registered/output","C:\Users\18177\morning-star\volumes\VOLUME_I_FOUNDATION\verification\MS-T1\trials\MS-T1-TRIAL-0001\evidence\registered\output","1","0","1","0","0"
"OTHER","trace","volumes/VOLUME_I_FOUNDATION/verification/MS-T1/trials/MS-T1-TRIAL-0001/evidence/registered/trace","C:\Users\18177\morning-star\volumes\VOLUME_I_FOUNDATION\verification\MS-T1\trials\MS-T1-TRIAL-0001\evidence\registered\trace","1","1","0","0","0"
"OTHER","uncertainty","volumes/VOLUME_I_FOUNDATION/verification/MS-T1/trials/MS-T1-TRIAL-0001/evidence/registered/uncertainty","C:\Users\18177\morning-star\volumes\VOLUME_I_FOUNDATION\verification\MS-T1\trials\MS-T1-TRIAL-0001\evidence\registered\uncertainty","1","0","1","0","0"
"OTHER","trace","volumes/VOLUME_I_FOUNDATION/verification/MS-T1/trials/MS-T1-TRIAL-0001/evidence/trace","C:\Users\18177\morning-star\volumes\VOLUME_I_FOUNDATION\verification\MS-T1\trials\MS-T1-TRIAL-0001\evidence\trace","0","0","0","0","0"
"OTHER","uncertainty","volumes/VOLUME_I_FOUNDATION/verification/MS-T1/trials/MS-T1-TRIAL-0001/evidence/uncertainty","C:\Users\18177\morning-star\volumes\VOLUME_I_FOUNDATION\verification\MS-T1\trials\MS-T1-TRIAL-0001\evidence\uncertainty","0","0","0","0","0"
"OTHER","release","volumes/VOLUME_I_FOUNDATION/verification/MS-T1/trials/MS-T1-TRIAL-0001/release","C:\Users\18177\morning-star\volumes\VOLUME_I_FOUNDATION\verification\MS-T1\trials\MS-T1-TRIAL-0001\release","5","1","2","2","0"
"OTHER","runtime","volumes/VOLUME_I_FOUNDATION/verification/MS-T1/trials/MS-T1-TRIAL-0001/runtime","C:\Users\18177\morning-star\volumes\VOLUME_I_FOUNDATION\verification\MS-T1\trials\MS-T1-TRIAL-0001\runtime","5","2","2","1","0"
"OTHER","MS-T1","volumes/VOLUME_I_FOUNDATION/verification/readiness/MS-T1_T2_PREEXECUTION_COMPLETION/completion_forms/MS-T1","C:\Users\18177\morning-star\volumes\VOLUME_I_FOUNDATION\verification\readiness\MS-T1_T2_PREEXECUTION_COMPLETION\completion_forms\MS-T1","3","3","0","0","0"
"OTHER","MS-T2","volumes/VOLUME_I_FOUNDATION/verification/readiness/MS-T1_T2_PREEXECUTION_COMPLETION/completion_forms/MS-T2","C:\Users\18177\morning-star\volumes\VOLUME_I_FOUNDATION\verification\readiness\MS-T1_T2_PREEXECUTION_COMPLETION\completion_forms\MS-T2","5","5","0","0","0"
"OTHER","condition_evaluations","volumes/VOLUME_I_FOUNDATION/verification/trial_runtime/evidence/condition_evaluations","C:\Users\18177\morning-star\volumes\VOLUME_I_FOUNDATION\verification\trial_runtime\evidence\condition_evaluations","0","0","0","0","0"
"OTHER","constraint_state","volumes/VOLUME_I_FOUNDATION/verification/trial_runtime/evidence/constraint_state","C:\Users\18177\morning-star\volumes\VOLUME_I_FOUNDATION\verification\trial_runtime\evidence\constraint_state","0","0","0","0","0"
"OTHER","definition_gap_dispositions","volumes/VOLUME_I_FOUNDATION/verification/trial_runtime/evidence/definition_gap_dispositions","C:\Users\18177\morning-star\volumes\VOLUME_I_FOUNDATION\verification\trial_runtime\evidence\definition_gap_dispositions","0","0","0","0","0"
"OTHER","input_state","volumes/VOLUME_I_FOUNDATION/verification/trial_runtime/evidence/input_state","C:\Users\18177\morning-star\volumes\VOLUME_I_FOUNDATION\verification\trial_runtime\evidence\input_state","0","0","0","0","0"
"OTHER","output_state","volumes/VOLUME_I_FOUNDATION/verification/trial_runtime/evidence/output_state","C:\Users\18177\morning-star\volumes\VOLUME_I_FOUNDATION\verification\trial_runtime\evidence\output_state","0","0","0","0","0"
"OTHER","uncertainty","volumes/VOLUME_I_FOUNDATION/verification/trial_runtime/evidence/uncertainty","C:\Users\18177\morning-star\volumes\VOLUME_I_FOUNDATION\verification\trial_runtime\evidence\uncertainty","0","0","0","0","0"
"OTHER","VOLUME_II_ONTOLOGY","volumes/VOLUME_II_ONTOLOGY","C:\Users\18177\morning-star\volumes\VOLUME_II_ONTOLOGY","6","0","0","6","0"
"OTHER","governance","volumes/VOLUME_II_ONTOLOGY/governance","C:\Users\18177\morning-star\volumes\VOLUME_II_ONTOLOGY\governance","1","0","0","1","0"
"OTHER","registries","volumes/VOLUME_II_ONTOLOGY/registries","C:\Users\18177\morning-star\volumes\VOLUME_II_ONTOLOGY\registries","5","5","0","0","0"
"OTHER","schemas","volumes/VOLUME_II_ONTOLOGY/schemas","C:\Users\18177\morning-star\volumes\VOLUME_II_ONTOLOGY\schemas","2","0","2","0","0"
"OTHER","tests","volumes/VOLUME_II_ONTOLOGY/tests","C:\Users\18177\morning-star\volumes\VOLUME_II_ONTOLOGY\tests","0","0","0","0","0"
"OTHER","VOLUME_III_NAVIGATION","volumes/VOLUME_III_NAVIGATION","C:\Users\18177\morning-star\volumes\VOLUME_III_NAVIGATION","6","0","0","6","0"
"OTHER","governance","volumes/VOLUME_III_NAVIGATION/governance","C:\Users\18177\morning-star\volumes\VOLUME_III_NAVIGATION\governance","1","0","0","1","0"
"OTHER","registries","volumes/VOLUME_III_NAVIGATION/registries","C:\Users\18177\morning-star\volumes\VOLUME_III_NAVIGATION\registries","7","7","0","0","0"
"OTHER","schemas","volumes/VOLUME_III_NAVIGATION/schemas","C:\Users\18177\morning-star\volumes\VOLUME_III_NAVIGATION\schemas","2","0","2","0","0"
"OTHER","tests","volumes/VOLUME_III_NAVIGATION/tests","C:\Users\18177\morning-star\volumes\VOLUME_III_NAVIGATION\tests","1","1","0","0","0"
"OTHER","VOLUME_IV_INTERPRETATION","volumes/VOLUME_IV_INTERPRETATION","C:\Users\18177\morning-star\volumes\VOLUME_IV_INTERPRETATION","5","0","0","5","0"
"OTHER","governance","volumes/VOLUME_IV_INTERPRETATION/governance","C:\Users\18177\morning-star\volumes\VOLUME_IV_INTERPRETATION\governance","1","0","0","1","0"
"OTHER","registries","volumes/VOLUME_IV_INTERPRETATION/registries","C:\Users\18177\morning-star\volumes\VOLUME_IV_INTERPRETATION\registries","6","6","0","0","0"
"OTHER","schemas","volumes/VOLUME_IV_INTERPRETATION/schemas","C:\Users\18177\morning-star\volumes\VOLUME_IV_INTERPRETATION\schemas","2","0","2","0","0"
"OTHER","tests","volumes/VOLUME_IV_INTERPRETATION/tests","C:\Users\18177\morning-star\volumes\VOLUME_IV_INTERPRETATION\tests","1","1","0","0","0"
"OTHER","VOLUME_V_INITIATION","volumes/VOLUME_V_INITIATION","C:\Users\18177\morning-star\volumes\VOLUME_V_INITIATION","5","0","0","5","0"
"OTHER","governance","volumes/VOLUME_V_INITIATION/governance","C:\Users\18177\morning-star\volumes\VOLUME_V_INITIATION\governance","1","0","0","1","0"
"OTHER","registries","volumes/VOLUME_V_INITIATION/registries","C:\Users\18177\morning-star\volumes\VOLUME_V_INITIATION\registries","7","7","0","0","0"
"OTHER","schemas","volumes/VOLUME_V_INITIATION/schemas","C:\Users\18177\morning-star\volumes\VOLUME_V_INITIATION\schemas","2","0","2","0","0"
"OTHER","tests","volumes/VOLUME_V_INITIATION/tests","C:\Users\18177\morning-star\volumes\VOLUME_V_INITIATION\tests","1","1","0","0","0"
"READINESS","evolutionary-readiness-assessment","continuous-architecture-stewardship/evolutionary-readiness-assessment","C:\Users\18177\morning-star\continuous-architecture-stewardship\evolutionary-readiness-assessment","3","0","0","3","0"
"READINESS","ecosystem-scale-readiness","ecosystem-scale-readiness","C:\Users\18177\morning-star\ecosystem-scale-readiness","0","0","0","0","0"
"READINESS","deployment-readiness-framework","ecosystem-scale-readiness/deployment-readiness-framework","C:\Users\18177\morning-star\ecosystem-scale-readiness\deployment-readiness-framework","3","0","0","3","0"
"READINESS","institutional-readiness-model","maturity-assurance/institutional-readiness-model","C:\Users\18177\morning-star\maturity-assurance\institutional-readiness-model","3","0","0","3","0"
"READINESS","readiness","volumes/VOLUME_I_FOUNDATION/verification/readiness","C:\Users\18177\morning-star\volumes\VOLUME_I_FOUNDATION\verification\readiness","28","16","5","7","0"
"TRIAL_OR_CASE","case-studies","impact-activation/case-studies","C:\Users\18177\morning-star\impact-activation\case-studies","3","0","0","3","0"
"TRIAL_OR_CASE","MS-T2_DEPENDENCY_PROPAGATION_TRIAL","verification/MS-T2_DEPENDENCY_PROPAGATION_TRIAL","C:\Users\18177\morning-star\verification\MS-T2_DEPENDENCY_PROPAGATION_TRIAL","17","14","0","2","0"
"TRIAL_OR_CASE","trials","volumes/VOLUME_I_FOUNDATION/verification/MS-T1/trials","C:\Users\18177\morning-star\volumes\VOLUME_I_FOUNDATION\verification\MS-T1\trials","0","0","0","0","0"
"TRIAL_OR_CASE","MS-T1-TRIAL-0001","volumes/VOLUME_I_FOUNDATION/verification/MS-T1/trials/MS-T1-TRIAL-0001","C:\Users\18177\morning-star\volumes\VOLUME_I_FOUNDATION\verification\MS-T1\trials\MS-T1-TRIAL-0001","14","9","3","2","0"
"TRIAL_OR_CASE","MS-T1_GOVERNED_INITIATION_TRIAL","volumes/VOLUME_I_FOUNDATION/verification/MS-T1_GOVERNED_INITIATION_TRIAL","C:\Users\18177\morning-star\volumes\VOLUME_I_FOUNDATION\verification\MS-T1_GOVERNED_INITIATION_TRIAL","11","3","0","8","0"
"TRIAL_OR_CASE","MS-T2_DEPENDENCY_PROPAGATION_TRIAL","volumes/VOLUME_I_FOUNDATION/verification/MS-T2_DEPENDENCY_PROPAGATION_TRIAL","C:\Users\18177\morning-star\volumes\VOLUME_I_FOUNDATION\verification\MS-T2_DEPENDENCY_PROPAGATION_TRIAL","12","4","0","8","0"
"TRIAL_OR_CASE","MS-T4_DOMAIN_VERSION_RELATIVITY_TRIAL","volumes/VOLUME_I_FOUNDATION/verification/MS-T4_DOMAIN_VERSION_RELATIVITY_TRIAL","C:\Users\18177\morning-star\volumes\VOLUME_I_FOUNDATION\verification\MS-T4_DOMAIN_VERSION_RELATIVITY_TRIAL","14","6","0","8","0"
"TRIAL_OR_CASE","MS-T5_MATERIAL_CHANGE_REVALIDATION_TRIAL","volumes/VOLUME_I_FOUNDATION/verification/MS-T5_MATERIAL_CHANGE_REVALIDATION_TRIAL","C:\Users\18177\morning-star\volumes\VOLUME_I_FOUNDATION\verification\MS-T5_MATERIAL_CHANGE_REVALIDATION_TRIAL","13","5","0","8","0"
"TRIAL_OR_CASE","MS-T6_UNCERTAINTY_NON_ERASURE_TRIAL","volumes/VOLUME_I_FOUNDATION/verification/MS-T6_UNCERTAINTY_NON_ERASURE_TRIAL","C:\Users\18177\morning-star\volumes\VOLUME_I_FOUNDATION\verification\MS-T6_UNCERTAINTY_NON_ERASURE_TRIAL","13","5","0","8","0"
"TRIAL_OR_CASE","MS-T7_SCOPE_NON_EXPANSION_TRIAL","volumes/VOLUME_I_FOUNDATION/verification/MS-T7_SCOPE_NON_EXPANSION_TRIAL","C:\Users\18177\morning-star\volumes\VOLUME_I_FOUNDATION\verification\MS-T7_SCOPE_NON_EXPANSION_TRIAL","13","5","0","8","0"
"TRIAL_OR_CASE","MS-T8_TRACEABILITY_RECONSTRUCTION_TRIAL","volumes/VOLUME_I_FOUNDATION/verification/MS-T8_TRACEABILITY_RECONSTRUCTION_TRIAL","C:\Users\18177\morning-star\volumes\VOLUME_I_FOUNDATION\verification\MS-T8_TRACEABILITY_RECONSTRUCTION_TRIAL","14","6","0","8","0"
"TRIAL_OR_CASE","MS-T9_STEWARDSHIP_CONTINUITY_TRIAL","volumes/VOLUME_I_FOUNDATION/verification/MS-T9_STEWARDSHIP_CONTINUITY_TRIAL","C:\Users\18177\morning-star\volumes\VOLUME_I_FOUNDATION\verification\MS-T9_STEWARDSHIP_CONTINUITY_TRIAL","14","6","0","8","0"
"TRIAL_OR_CASE","trial_runtime","volumes/VOLUME_I_FOUNDATION/verification/trial_runtime","C:\Users\18177\morning-star\volumes\VOLUME_I_FOUNDATION\verification\trial_runtime","0","0","0","0","0"
"VERIFICATION","cross-framework-verification-matrix","architecture-certification-continuum-framework/cross-framework-verification-matrix","C:\Users\18177\morning-star\architecture-certification-continuum-framework\cross-framework-verification-matrix","3","0","0","3","0"
"VERIFICATION","verification-provenance-chain","architecture-immutability-reference/verification-provenance-chain","C:\Users\18177\morning-star\architecture-immutability-reference\verification-provenance-chain","3","0","0","3","0"
"VERIFICATION","MS-010_CONSTITUTIONAL_VERIFICATION_INITIALIZATION","execution/MS-010_CONSTITUTIONAL_VERIFICATION_INITIALIZATION","C:\Users\18177\morning-star\execution\MS-010_CONSTITUTIONAL_VERIFICATION_INITIALIZATION","13","0","0","13","0"
"VERIFICATION","verification-framework","execution-assurance/verification-framework","C:\Users\18177\morning-star\execution-assurance\verification-framework","3","0","0","3","0"
"VERIFICATION","architecture-verification","master-validation/architecture-verification","C:\Users\18177\morning-star\master-validation\architecture-verification","3","0","0","3","0"
"VERIFICATION","governance-verification","master-validation/governance-verification","C:\Users\18177\morning-star\master-validation\governance-verification","3","0","0","3","0"
"VERIFICATION","operational-verification","master-validation/operational-verification","C:\Users\18177\morning-star\master-validation\operational-verification","3","0","0","3","0"
"VERIFICATION","reproducibility-verification","maturity-assurance/reproducibility-verification","C:\Users\18177\morning-star\maturity-assurance\reproducibility-verification","3","0","0","3","0"
"VERIFICATION","verification","phase-ii/tests/verification","C:\Users\18177\morning-star\phase-ii\tests\verification","1","0","0","1","0"
"VERIFICATION","verification","phase-ii/verification","C:\Users\18177\morning-star\phase-ii\verification","3","0","0","3","0"
"VERIFICATION","release-verification","post-release/release-verification","C:\Users\18177\morning-star\post-release\release-verification","3","0","0","3","0"
"VERIFICATION","verification","tools/verification","C:\Users\18177\morning-star\tools\verification","5","0","0","0","5"
"VERIFICATION","verification","verification","C:\Users\18177\morning-star\verification","0","0","0","0","0"
"VERIFICATION","verification","volumes/VOLUME_I_FOUNDATION/verification","C:\Users\18177\morning-star\volumes\VOLUME_I_FOUNDATION\verification","1","0","0","1","0"
"VERIFICATION","_NEXT_VERIFICATION_INTAKE","volumes/VOLUME_I_FOUNDATION/verification/_NEXT_VERIFICATION_INTAKE","C:\Users\18177\morning-star\volumes\VOLUME_I_FOUNDATION\verification\_NEXT_VERIFICATION_INTAKE","11","4","3","4","0"
